source,target
AAE,ALG
AAE,IST
AAE,LYS
AAE,MRS
AAE,ORN
AAE,ORY
AAL,AMS
AAL,AAR
AAL,OSL
AAL,EBJ
AAL,SVG
AAL,AGP
AAL,ALC
AAL,CPH
AAL,LGW
AAL,LPA
AAL,ARN
AAL,BLL
AAN,CCJ
AAN,PEW
AAN,AUH
AAN,AMM
AAN,CMB
AAQ,DME
AAQ,SVO
AAR,AAL
AAR,BMA
AAR,GOT
AAR,OSL
AAR,GRO
AAR,LPA
AAR,PMI
AAR,STN
AAR,CPH
AAT,URC
AAX,PLU
AAX,POJ
AAY,SAH
ABA,DME
ABA,SVO
ABB,ABV
ABB,LOS
ABD,MHD
ABD,THR
ABD,SYZ
ABD,IFN
ABE,DTW
ABE,PIE
ABE,SFB
ABE,ORD
ABE,CLT
ABE,PHL
ABI,DFW
ABJ,BOY
ABJ,OUA
ABJ,BRU
ABJ,CDG
ABJ,CMN
ABJ,COO
ABJ,DKR
ABJ,ACC
ABJ,CKY
ABJ,LFW
ABJ,LOS
ABJ,BKO
ABJ,DLA
ABJ,LBV
ABJ,NBO
ABJ,ORY
ABJ,IST
ABJ,TUN
ABK,JIJ
ABL,OTZ
ABL,SHG
ABM,CNS
ABQ,DFW
ABQ,LAX
ABQ,ORD
ABQ,JFK
ABQ,MSP
ABQ,SLC
ABQ,DEN
ABQ,HOU
ABQ,LAS
ABQ,MCI
ABQ,MCO
ABQ,MDW
ABQ,PIT
ABQ,CNM
ABQ,LAM
ABQ,IAD
ABQ,IAH
ABQ,SFO
ABQ,PHX
ABQ,BWI
ABQ,DAL
ABQ,OAK
ABQ,PDX
ABQ,SAN
ABQ,SEA
ABR,MSP
ABS,ASW
ABT,DMM
ABT,JED
ABT,RUH
ABV,CDG
ABV,PHC
ABV,LHR
ABV,ADD
ABV,COO
ABV,LFW
ABV,NDJ
ABV,NIM
ABV,FRA
ABV,SSG
ABV,CAI
ABV,ABB
ABV,ACC
ABV,BNI
ABV,CBQ
ABV,ENU
ABV,GMO
ABV,IBA
ABV,ILR
ABV,KAN
ABV,LOS
ABV,MIU
ABV,QOW
ABV,QRW
ABV,SKO
ABV,YOL
ABX,SYD
ABX,MEL
ABX,WGA
ABZ,LHR
ABZ,CDG
ABZ,LCY
ABZ,BHD
ABZ,BHX
ABZ,KOI
ABZ,LSI
ABZ,MAN
ABZ,BRS
ABZ,EBJ
ABZ,KSU
ABZ,NWI
ABZ,OSL
ABZ,DUB
ABZ,AMS
ABZ,FRA
ABZ,BGO
ABZ,CPH
ABZ,SVG
ABZ,EMA
ABZ,HUY
ABZ,LBA
ABZ,MME
ABZ,NCL
ABZ,SOU
ABZ,SYY
ABZ,WIC
ABZ,TFS
ABZ,LGW
ABZ,LTN
ACA,MEX
ACA,TLC
ACA,IAH
ACA,MTY
ACA,TIJ
ACC,OUA
ACC,ROB
ACC,KMS
ACC,LHR
ACC,TML
ACC,CMN
ACC,FCO
ACC,JFK
ACC,ABJ
ACC,FNA
ACC,LOS
ACC,DXB
ACC,ADD
ACC,LFW
ACC,MLW
ACC,COO
ACC,MAD
ACC,AMS
ACC,DKR
ACC,NBO
ACC,FRA
ACC,BEY
ACC,CAI
ACC,TKD
ACC,JNB
ACC,WDH
ACC,IST
ACC,LIS
ACC,ABV
ACE,CGN
ACE,DUS
ACE,FUE
ACE,HAJ
ACE,HAM
ACE,LEJ
ACE,NUE
ACE,PAD
ACE,TXL
ACE,ZRH
ACE,LGW
ACE,BHX
ACE,FRA
ACE,GLA
ACE,MAN
ACE,MUC
ACE,STR
ACE,SXF
ACE,OSL
ACE,DUB
ACE,ORK
ACE,SNN
ACE,BCN
ACE,BGY
ACE,BLQ
ACE,BOH
ACE,BRS
ACE,CRL
ACE,EDI
ACE,EIN
ACE,EMA
ACE,HHN
ACE,LBA
ACE,LPL
ACE,LTN
ACE,MAD
ACE,NOC
ACE,NRN
ACE,PIK
ACE,SCQ
ACE,SDR
ACE,STN
ACE,SVQ
ACE,VLL
ACE,AMS
ACE,LPA
ACE,BIO
ACE,BFS
ACE,BLK
ACE,NCL
ACE,TFN
ACE,CWL
ACE,HEL
ACH,VIE
ACI,GCI
ACI,SOU
ACK,BOS
ACK,EWB
ACK,HYA
ACK,MVY
ACP,THR
ACR,LCR
ACR,SVI
ACT,DFW
ACU,PAC
ACV,CEC
ACV,SFO
ACV,SMF
ACX,CAN
ACX,CKG
ACX,KMG
ACX,KWE
ACX,NNG
ACX,NAY
ACX,PVG
ACY,FLL
ACY,MCO
ACY,MYR
ACY,PBI
ACY,RSW
ACY,TPA
ACZ,MHD
ADA,HAJ
ADA,STR
ADA,IST
ADA,ECN
ADA,ADB
ADA,AYT
ADA,ESB
ADA,SAW
ADA,TZX
ADA,VAN
ADA,SXF
ADA,JED
ADB,CGN
ADB,IST
ADB,ECN
ADB,MUC
ADB,ADA
ADB,ASR
ADB,ATH
ADB,AYT
ADB,DIY
ADB,DUS
ADB,ESB
ADB,EZS
ADB,GNY
ADB,GZT
ADB,HTY
ADB,MQM
ADB,SAW
ADB,STN
ADB,STR
ADB,TZX
ADB,VAS
ADB,LGW
ADB,AMS
ADB,BRE
ADB,BSL
ADB,DTM
ADB,FRA
ADB,HAJ
ADB,HAM
ADB,TXL
ADB,VIE
ADB,ZRH
ADD,KRT
ADD,NBO
ADD,BOM
ADD,DEL
ADD,CAN
ADD,PEK
ADD,DXB
ADD,ABV
ADD,ACC
ADD,AMH
ADD,ASO
ADD,AXU
ADD,BEY
ADD,BJR
ADD,BKK
ADD,BKO
ADD,CAI
ADD,CDG
ADD,COO
ADD,DAR
ADD,DIR
ADD,DLA
ADD,DMM
ADD,EBB
ADD,ENU
ADD,FCO
ADD,FIH
ADD,FRA
ADD,GDQ
ADD,GMB
ADD,HKG
ADD,HRE
ADD,JED
ADD,JIB
ADD,JIJ
ADD,JIM
ADD,JNB
ADD,JRO
ADD,JUB
ADD,KWI
ADD,LAD
ADD,LBV
ADD,LFW
ADD,LHR
ADD,LLW
ADD,LOS
ADD,LUN
ADD,MCT
ADD,MPM
ADD,MQX
ADD,NDJ
ADD,NLA
ADD,OUA
ADD,PNR
ADD,RUH
ADD,SEZ
ADD,SSG
ADD,TLV
ADD,BAH
ADD,SAH
ADD,ICN
ADD,DOH
ADD,IST
ADD,KGL
ADE,DMM
ADE,GXF
ADE,RIY
ADE,SAH
ADE,SCT
ADE,AMM
ADE,AUH
ADE,BOM
ADE,CAI
ADE,DOH
ADE,DXB
ADE,JED
ADE,RUH
ADE,IST
ADE,ASM
ADE,BBO
ADF,ESB
ADF,IST
ADK,ANC
ADL,BNE
ADL,MEL
ADL,SYD
ADL,KUL
ADL,DXB
ADL,CNS
ADL,DRW
ADL,OOL
ADL,PER
ADL,AKL
ADL,ASP
ADL,CBR
ADL,KGI
ADL,OLP
ADL,PLO
ADL,PUG
ADL,SIN
ADL,DPS
ADL,BHQ
ADL,CED
ADL,CPD
ADL,KGC
ADL,MGB
ADL,MQL
ADL,WYA
ADQ,AOS
ADQ,KKB
ADQ,KLN
ADQ,KOY
ADQ,KOZ
ADQ,KPY
ADQ,OLH
ADQ,ANC
ADQ,AKK
ADU,THR
ADU,MHD
ADZ,PVA
ADZ,BOG
ADZ,BAQ
ADZ,CLO
ADZ,CTG
ADZ,MDE
ADZ,PEI
ADZ,PTY
AEB,CKG
AEB,KWL
AEB,CAN
AEP,MVD
AEP,PDP
AEP,MDQ
AEP,SFN
AEP,VDM
AEP,AFA
AEP,ASU
AEP,BHI
AEP,BRC
AEP,CNQ
AEP,COR
AEP,CPC
AEP,CRD
AEP,CTC
AEP,EQS
AEP,FMA
AEP,FTE
AEP,GIG
AEP,GRU
AEP,IGR
AEP,IRJ
AEP,JUJ
AEP,LUQ
AEP,MDZ
AEP,NQN
AEP,POA
AEP,PSS
AEP,REL
AEP,RES
AEP,RGA
AEP,RGL
AEP,RHD
AEP,ROS
AEP,SCL
AEP,SDE
AEP,SLA
AEP,SSA
AEP,TUC
AEP,UAQ
AEP,USH
AEP,PMY
AER,KZN
AER,KIV
AER,MSQ
AER,LED
AER,TAS
AER,OMS
AER,TZX
AER,EVN
AER,KRR
AER,VKO
AER,DME
AER,IST
AER,SVO
AER,SVX
AER,LBD
AES,AMS
AES,RIX
AES,ALC
AES,BGO
AES,LGW
AES,LPA
AES,OSL
AES,CPH
AES,TRD
AES,GDN
AET,BTT
AET,FAI
AET,HUS
AEX,DFW
AEX,IAH
AEY,RKV
AFA,AEP
AFA,LUQ
AFL,CGB
AFS,TAS
AFZ,THR
AGA,DUS
AGA,MUC
AGA,BRU
AGA,CMN
AGA,EUN
AGA,ORY
AGA,VIL
AGA,LHR
AGA,FRA
AGA,RAK
AGA,ARN
AGA,CPH
AGA,OSL
AGA,DUB
AGA,CRL
AGA,EIN
AGA,MRS
AGA,NRN
AGA,AMS
AGA,LUX
AGA,ZRH
AGA,LPA
AGA,BRE
AGA,LGW
AGA,MAN
AGA,CDG
AGA,LYS
AGA,SXF
AGA,BSL
AGA,HAJ
AGF,ORY
AGH,BMA
AGH,ARN
AGM,IOQ
AGM,KUS
AGM,KUZ
AGM,SGG
AGM,TQI
AGN,TKE
AGP,STR
AGP,TXL
AGP,CGN
AGP,DUS
AGP,HAM
AGP,MUC
AGP,PMI
AGP,VIE
AGP,CDG
AGP,CMN
AGP,HEL
AGP,FCO
AGP,LCY
AGP,LGW
AGP,EXT
AGP,SOU
AGP,FRA
AGP,AAL
AGP,ARN
AGP,BGO
AGP,CPH
AGP,GOT
AGP,OSL
AGP,RYG
AGP,SVG
AGP,TRF
AGP,DUB
AGP,ORK
AGP,SOF
AGP,BCN
AGP,BHX
AGP,BLL
AGP,BOH
AGP,BRE
AGP,BRS
AGP,BVA
AGP,CIA
AGP,CRL
AGP,DTM
AGP,EDI
AGP,EIN
AGP,EMA
AGP,FKB
AGP,FMM
AGP,FMO
AGP,GSE
AGP,HAU
AGP,HHN
AGP,KRK
AGP,LBA
AGP,LEJ
AGP,LPL
AGP,MAN
AGP,MRS
AGP,NRN
AGP,NUE
AGP,NYO
AGP,PIK
AGP,SCQ
AGP,SNN
AGP,STN
AGP,TMP
AGP,VLC
AGP,WRO
AGP,AMS
AGP,RTM
AGP,BIO
AGP,BRU
AGP,CWL
AGP,DME
AGP,HAJ
AGP,LPA
AGP,MAD
AGP,MLN
AGP,ORY
AGP,TFN
AGP,LUX
AGP,NCL
AGP,GVA
AGP,ZRH
AGP,LIS
AGP,SVO
AGP,IST
AGP,BFS
AGP,BSL
AGP,GLA
AGP,LTN
AGP,MXP
AGP,SEN
AGP,SXF
AGP,VKO
AGR,BOM
AGR,HJR
AGS,CLT
AGS,DCA
AGT,ASU
AGT,GRU
AGU,MEX
AGU,DFW
AGU,IAH
AGU,CUN
AGU,LAX
AGU,TIJ
AGX,COK
AHB,DXB
AHB,CAI
AHB,DMM
AHB,JED
AHB,MED
AHB,RUH
AHB,TIF
AHB,TUU
AHE,FAV
AHE,PPT
AHE,XMH
AHN,BNA
AHO,LIN
AHO,BGY
AHO,BLL
AHO,BTS
AHO,BVA
AHO,CIA
AHO,CRL
AHO,CUF
AHO,DTM
AHO,EIN
AHO,GRO
AHO,GSE
AHO,HHN
AHO,LTN
AHO,MAD
AHO,NRN
AHO,PSA
AHO,STN
AHO,TSF
AHO,OTP
AHU,TTU
AIA,BFF
AIA,CDR
AIN,ATK
AIN,BRW
AIT,AIU
AIT,RAR
AIU,RAR
AJA,LYS
AJA,MRS
AJA,NCE
AJA,ORY
AJA,TLS
AJA,GVA
AJA,BOD
AJF,JED
AJF,RUH
AJI,ESB
AJI,IST
AJL,CCU
AJL,GAU
AJL,IMF
AJN,MJN
AJR,LYC
AJU,CNF
AJU,MCZ
AJU,REC
AJU,SSA
AJU,VCP
AJU,GIG
AJU,GRU
AJU,SDU
AJU,BSB
AKB,DUT
AKF,BEN
AKI,TLT
AKI,KKI
AKJ,HND
AKJ,NRT
AKJ,TPE
AKJ,NGO
AKK,ADQ
AKL,BNE
AKL,PPT
AKL,SYD
AKL,PVG
AKL,HKG
AKL,CAN
AKL,MEL
AKL,NAN
AKL,CHC
AKL,DUD
AKL,OOL
AKL,SIN
AKL,WLG
AKL,ZQN
AKL,ICN
AKL,SCL
AKL,KUL
AKL,VLI
AKL,NRT
AKL,ADL
AKL,APW
AKL,BHE
AKL,GIS
AKL,HLZ
AKL,HNL
AKL,KAT
AKL,KKE
AKL,LAX
AKL,MRO
AKL,NOU
AKL,NPE
AKL,NPL
AKL,NSN
AKL,PER
AKL,PMR
AKL,PPQ
AKL,RAR
AKL,ROT
AKL,SFO
AKL,TBU
AKL,TRG
AKL,TUO
AKL,WAG
AKL,WHK
AKL,WRE
AKL,BKK
AKN,ANC
AKN,DLG
AKN,EGX
AKN,KCQ
AKN,KLL
AKP,FAI
AKP,BTT
AKS,HIR
AKU,URC
AKV,YIK
AKV,YPX
AKX,DME
AKX,ALA
AKX,SCO
AKX,TSE
AKY,RGN
ALA,LHR
ALA,URC
ALA,AKX
ALA,CIT
ALA,DMB
ALA,DZN
ALA,GUW
ALA,KGF
ALA,KOV
ALA,KSN
ALA,PLX
ALA,SCO
ALA,TSE
ALA,UKK
ALA,AUH
ALA,LED
ALA,SHJ
ALA,PEK
ALA,TAS
ALA,BKK
ALA,DEL
ALA,DYU
ALA,FRU
ALA,GYD
ALA,HKG
ALA,ICN
ALA,IST
ALA,KBP
ALA,KUF
ALA,KUL
ALA,KZN
ALA,KZO
ALA,PWQ
ALA,SVO
ALA,TBS
ALA,AMS
ALA,FRA
ALA,PRG
ALA,SAW
ALA,OVB
ALA,SVX
ALA,DME
ALA,VKO
ALA,URA
ALB,BOS
ALB,MSS
ALB,OGS
ALB,DTW
ALB,MSP
ALB,BWI
ALB,FLL
ALB,MCO
ALB,PDX
ALB,TPA
ALB,CLE
ALB,EWR
ALB,IAD
ALB,ORD
ALB,CLT
ALB,DCA
ALB,PHL
ALB,LAS
ALB,MDW
ALC,DUS
ALC,FRA
ALC,HAM
ALC,MUC
ALC,PMI
ALC,STR
ALC,TXL
ALC,ZRH
ALC,ALG
ALC,ORN
ALC,LGW
ALC,LHR
ALC,EXT
ALC,SOU
ALC,AAL
ALC,AES
ALC,ARN
ALC,BGO
ALC,CGN
ALC,CPH
ALC,GOT
ALC,HEL
ALC,OSL
ALC,OUL
ALC,RYG
ALC,SVG
ALC,TKU
ALC,TOS
ALC,TRD
ALC,TRF
ALC,DUB
ALC,BGY
ALC,BHX
ALC,BLL
ALC,BOH
ALC,BRE
ALC,BRS
ALC,BUD
ALC,BVA
ALC,CRL
ALC,EDI
ALC,EIN
ALC,EMA
ALC,FKB
ALC,FMM
ALC,GSE
ALC,HAU
ALC,HHN
ALC,KRK
ALC,KTW
ALC,KUN
ALC,LBA
ALC,LPL
ALC,MAN
ALC,MST
ALC,NOC
ALC,NRN
ALC,NUE
ALC,NYO
ALC,PIK
ALC,SCQ
ALC,STN
ALC,VST
ALC,VXO
ALC,AMS
ALC,RTM
ALC,BCN
ALC,BIO
ALC,BRU
ALC,CWL
ALC,DME
ALC,IBZ
ALC,LPA
ALC,MAD
ALC,ORY
ALC,BFS
ALC,BLK
ALC,GLA
ALC,NCL
ALC,KRS
ALC,BSL
ALC,GVA
ALC,LTN
ALC,SEN
ALC,TFS
ALF,OSL
ALF,TOS
ALF,HFT
ALF,KKN
ALF,LKL
ALF,SOJ
ALF,VDS
ALG,CDG
ALG,MRS
ALG,AAE
ALG,ALC
ALG,AMM
ALG,BCN
ALG,BEY
ALG,BJA
ALG,BKO
ALG,BLJ
ALG,BOD
ALG,BRU
ALG,BSK
ALG,CAI
ALG,CMN
ALG,CZL
ALG,DJG
ALG,DKR
ALG,DXB
ALG,ETZ
ALG,FCO
ALG,FRA
ALG,GHA
ALG,GVA
ALG,IST
ALG,LHR
ALG,LIL
ALG,LYS
ALG,MAD
ALG,MXP
ALG,NCE
ALG,NIM
ALG,NKC
ALG,OGX
ALG,ORN
ALG,ORY
ALG,OUA
ALG,PEK
ALG,PMI
ALG,QSF
ALG,SVO
ALG,TIP
ALG,TLM
ALG,TLS
ALG,TMR
ALG,TUN
ALG,YUL
ALG,LGW
ALG,DOH
ALG,LIS
ALG,MLH
ALH,BQB
ALH,PER
ALO,ORD
ALS,DEN
ALW,SEA
AMA,DFW
AMA,DAL
AMA,DEN
AMA,IAH
AMA,LAS
AMD,BLR
AMD,BOM
AMD,CCU
AMD,DEL
AMD,GOI
AMD,HYD
AMD,JAI
AMD,MAA
AMD,PNQ
AMD,BHO
AMD,IDR
AMD,KWI
AMD,DXB
AMD,AUH
AMD,SHJ
AMD,DOH
AMD,MCT
AMD,SIN
AMD,BKK
AMH,ADD
AMM,BEN
AMM,TIP
AMM,JFK
AMM,ORD
AMM,TXL
AMM,YUL
AMM,FRA
AMM,MUC
AMM,VIE
AMM,CDG
AMM,ALG
AMM,FCO
AMM,LHR
AMM,HBE
AMM,DXB
AMM,AUH
AMM,SHJ
AMM,BAH
AMM,BCN
AMM,MAD
AMM,MXP
AMM,ADE
AMM,BEY
AMM,HOD
AMM,SAH
AMM,TLV
AMM,KWI
AMM,BKK
AMM,CAI
AMM,DOH
AMM,AMS
AMM,AQJ
AMM,ATH
AMM,BGW
AMM,BOM
AMM,BSR
AMM,DEL
AMM,DME
AMM,DMM
AMM,EBL
AMM,IST
AMM,ISU
AMM,JED
AMM,KBP
AMM,KRT
AMM,LCA
AMM,LOS
AMM,MCT
AMM,MED
AMM,MRA
AMM,OTP
AMM,RUH
AMM,SSH
AMM,TUN
AMM,ZRH
AMM,NJF
AMM,RKT
AMM,LGW
AMM,AAN
AMQ,CGK
AMQ,UPG
AMQ,SXK
AMQ,FKQ
AMQ,KNG
AMQ,LUV
AMQ,MKW
AMQ,NBX
AMQ,SOQ
AMQ,SUB
AMS,TNG
AMS,HAM
AMS,CFE
AMS,SXB
AMS,TBS
AMS,LHR
AMS,CPH
AMS,AUH
AMS,BOD
AMS,BSL
AMS,CDG
AMS,DMM
AMS,DOH
AMS,HRE
AMS,JRO
AMS,KGL
AMS,KUL
AMS,KWI
AMS,LCY
AMS,LYS
AMS,MRS
AMS,NCE
AMS,NTE
AMS,TLS
AMS,UIO
AMS,LIN
AMS,DUS
AMS,EZE
AMS,FRA
AMS,HAJ
AMS,MUC
AMS,STR
AMS,TXL
AMS,CMN
AMS,NDR
AMS,HEL
AMS,LIS
AMS,OPO
AMS,AAL
AMS,AES
AMS,ARN
AMS,BGO
AMS,BLL
AMS,BLQ
AMS,BRE
AMS,BRS
AMS,CGN
AMS,CPT
AMS,CWL
AMS,DXB
AMS,FCO
AMS,FLR
AMS,GLA
AMS,HUY
AMS,KRS
AMS,LBA
AMS,LIM
AMS,MME
AMS,MSE
AMS,NBO
AMS,NWI
AMS,PTY
AMS,SVG
AMS,TRD
AMS,TRF
AMS,VCE
AMS,MSQ
AMS,LGW
AMS,BHX
AMS,EMA
AMS,EXT
AMS,INV
AMS,SOU
AMS,BKK
AMS,RIX
AMS,HKG
AMS,LCA
AMS,CAN
AMS,CTU
AMS,HGH
AMS,PEK
AMS,PVG
AMS,XMN
AMS,BOM
AMS,BOS
AMS,DTW
AMS,EWR
AMS,IAD
AMS,IAH
AMS,JFK
AMS,LAX
AMS,MSP
AMS,ORD
AMS,PDX
AMS,SEA
AMS,SFO
AMS,YUL
AMS,YVR
AMS,YYC
AMS,YYZ
AMS,OSL
AMS,DUB
AMS,ORK
AMS,CBG
AMS,LEJ
AMS,SOF
AMS,KEF
AMS,LED
AMS,ACE
AMS,AGP
AMS,ALC
AMS,ATH
AMS,AYT
AMS,BCN
AMS,BVC
AMS,DJE
AMS,FAO
AMS,FNC
AMS,FUE
AMS,HRG
AMS,LPA
AMS,NAP
AMS,PSA
AMS,RAK
AMS,RMF
AMS,SAW
AMS,SID
AMS,SPC
AMS,SVQ
AMS,TFS
AMS,TRN
AMS,TSF
AMS,VLC
AMS,VXE
AMS,BIO
AMS,IKA
AMS,TLV
AMS,LJU
AMS,BEG
AMS,GDN
AMS,KRK
AMS,GUW
AMS,ICN
AMS,ABZ
AMS,ACC
AMS,ALA
AMS,AUA
AMS,BRU
AMS,BUD
AMS,CAI
AMS,CUR
AMS,DEL
AMS,EDI
AMS,FUK
AMS,GIG
AMS,GOT
AMS,GRU
AMS,GVA
AMS,HAV
AMS,IST
AMS,JNB
AMS,KBP
AMS,KIX
AMS,LAD
AMS,LOS
AMS,LPI
AMS,LUX
AMS,MAD
AMS,MAN
AMS,MEX
AMS,NCL
AMS,NRT
AMS,NUE
AMS,OTP
AMS,PBM
AMS,PRG
AMS,SIN
AMS,SVO
AMS,SXM
AMS,TLL
AMS,TPE
AMS,VIE
AMS,WAW
AMS,ZRH
AMS,MLA
AMS,BON
AMS,HOG
AMS,POP
AMS,PUJ
AMS,SFB
AMS,VRA
AMS,ZAG
AMS,VNO
AMS,BJV
AMS,AMM
AMS,JER
AMS,BRN
AMS,ESB
AMS,TUN
AMS,BFS
AMS,LPL
AMS,LTN
AMS,MXP
AMS,SEN
AMS,STN
AMS,SXF
AMS,PHL
AMS,ADB
ANC,ADQ
ANC,ANI
ANC,BET
ANC,CDV
ANC,ENA
ANC,FAI
ANC,HOM
ANC,KSM
ANC,UNK
ANC,VDZ
ANC,LAX
ANC,ADK
ANC,AKN
ANC,BRW
ANC,CDB
ANC,DLG
ANC,HNL
ANC,JNU
ANC,KOA
ANC,MCG
ANC,OGG
ANC,OME
ANC,ORD
ANC,OTZ
ANC,PDX
ANC,SCC
ANC,SDP
ANC,SEA
ANC,SNP
ANC,STG
ANC,MSP
ANC,DEN
ANC,PHX
ANC,ILI
ANF,CJC
ANF,IQQ
ANF,LIM
ANF,LSC
ANF,SCL
ANI,ANC
ANI,CHU
ANI,HCR
ANI,KLG
ANI,KSM
ANI,RSH
ANI,SHX
ANM,TMM
ANM,WMN
ANR,LCY
ANR,MAN
ANS,LIM
ANU,PTP
ANU,MNI
ANU,JFK
ANU,MIA
ANU,YYZ
ANU,LGW
ANU,PUJ
ANU,SKB
ANU,TAB
ANU,BGI
ANU,KIN
ANU,POP
ANU,AXA
ANU,DOM
ANU,NEV
ANU,SDQ
ANU,SJU
ANU,SLU
ANU,SXM
ANU,SBH
ANU,EWR
ANU,CLT
ANV,HCR
ANV,KGX
ANX,BOO
ANX,EVE
ANX,TOS
AOI,FCO
AOI,CRL
AOI,NRN
AOI,STN
AOI,MUC
AOI,TIA
AOJ,NKM
AOJ,CTS
AOJ,HND
AOJ,ITM
AOJ,ICN
AOK,ATH
AOK,KSJ
AOK,RHO
AOO,IAD
AOO,JST
AOQ,JUV
AOR,KUL
AOR,SZB
AOS,KZB
APF,MIA
APL,NBO
APL,POL
APL,JNB
APL,BEW
APL,MPM
APL,TET
APL,VXC
APN,DTW
APN,MSP
APO,BOG
APO,EOH
APW,HNL
APW,NAN
APW,AKL
AQG,CAN
AQG,HAK
AQG,PEK
AQI,JED
AQI,RUH
AQJ,AMM
AQJ,IST
AQP,LIM
AQP,JUL
AQP,TCQ
AQP,CUZ
AQP,LPB
ARC,VEE
ARH,CSH
ARH,KSZ
ARH,LDG
ARH,LED
ARH,MMK
ARH,NNM
ARH,SVO
ARH,USK
ARI,ANF
ARI,IQQ
ARI,LPB
ARI,SCL
ARK,ZNZ
ARM,SYD
ARN,GEV
ARN,HAD
ARN,JKG
ARN,KRF
ARN,KSD
ARN,LYC
ARN,MHQ
ARN,OER
ARN,VBY
ARN,VHM
ARN,VXO
ARN,HAM
ARN,ATH
ARN,KLX
ARN,LHR
ARN,TXL
ARN,VIE
ARN,CDG
ARN,CMN
ARN,HEL
ARN,AMS
ARN,MSQ
ARN,LCY
ARN,RIX
ARN,GVA
ARN,PEK
ARN,TMP
ARN,VAA
ARN,AGA
ARN,AGP
ARN,ALC
ARN,BCN
ARN,BEG
ARN,BGO
ARN,BKK
ARN,BUD
ARN,CPH
ARN,DXB
ARN,FAO
ARN,FCO
ARN,GOT
ARN,JFK
ARN,KRK
ARN,KRN
ARN,LCA
ARN,LGW
ARN,LLA
ARN,LPA
ARN,MAN
ARN,MMX
ARN,MUC
ARN,NCE
ARN,ORY
ARN,OSL
ARN,PRG
ARN,RAK
ARN,SJJ
ARN,SXF
ARN,TFS
ARN,TLV
ARN,UME
ARN,DUB
ARN,IKA
ARN,CAI
ARN,KEF
ARN,LED
ARN,BLE
ARN,OSK
ARN,DUS
ARN,FRA
ARN,WAW
ARN,ZRH
ARN,TLL
ARN,AYT
ARN,SAW
ARN,DOH
ARN,LIS
ARN,AAL
ARN,AGH
ARN,BHX
ARN,BLL
ARN,BRU
ARN,EWR
ARN,HKT
ARN,IST
ARN,KLR
ARN,LIN
ARN,MAD
ARN,ORD
ARN,OSD
ARN,OUL
ARN,RNB
ARN,SDL
ARN,SFT
ARN,SVG
ARN,SVO
ARN,TKU
ARN,TRD
ARN,VNO
ARN,EBL
ARN,ISU
ARN,BGW
ARN,EVG
ARN,HFS
ARN,KID
ARN,MXX
ART,ORD
ARU,GRU
ARU,ROO
ARU,VCP
ARW,BGY
ASB,MSQ
ASB,URC
ASB,DXB
ASB,GYD
ASB,DME
ASB,ATQ
ASB,BHX
ASB,DEL
ASB,FRA
ASB,IST
ASB,LHR
ASE,DEN
ASF,KZN
ASF,SCO
ASF,DME
ASF,SVO
ASJ,HND
ASJ,ITM
ASM,SAH
ASM,JED
ASM,CAI
ASM,ADE
ASM,JUB
ASM,KRT
ASM,NBO
ASO,ADD
ASP,SYD
ASP,ADL
ASP,AYQ
ASP,BNE
ASP,CNS
ASP,DRW
ASP,MEL
ASP,PER
ASR,IST
ASR,ADB
ASR,CGN
ASR,DUS
ASR,SAW
ASU,MVD
ASU,STY
ASU,MIA
ASU,AEP
ASU,EZE
ASU,PTY
ASU,GRU
ASU,AGT
ASU,SCL
ASU,VVI
ASU,LIM
ASV,WIL
ASW,CAI
ASW,ABS
ATA,LIM
ATC,NAS
ATC,TBI
ATD,HIR
ATH,KIV
ATH,ARN
ATH,AXD
ATH,BCN
ATH,BEG
ATH,BRU
ATH,BUD
ATH,CAI
ATH,CDG
ATH,CFU
ATH,CHQ
ATH,CPH
ATH,DME
ATH,DUS
ATH,FCO
ATH,FRA
ATH,GVA
ATH,HBE
ATH,HER
ATH,IEV
ATH,IOA
ATH,IST
ATH,JKH
ATH,JMK
ATH,JTR
ATH,KGS
ATH,KVA
ATH,LCA
ATH,LGW
ATH,LHR
ATH,LXS
ATH,MAD
ATH,MJT
ATH,MUC
ATH,MXP
ATH,OTP
ATH,PRG
ATH,RHO
ATH,SKG
ATH,SKU
ATH,SMI
ATH,SOF
ATH,TBS
ATH,TIA
ATH,TLV
ATH,TXL
ATH,VIE
ATH,WAW
ATH,MRS
ATH,DXB
ATH,AUH
ATH,KSO
ATH,KZI
ATH,AMS
ATH,MLA
ATH,ZRH
ATH,BEY
ATH,AOK
ATH,JIK
ATH,JKL
ATH,JNX
ATH,JSI
ATH,JSY
ATH,JTY
ATH,KIT
ATH,LRS
ATH,MLO
ATH,PAS
ATH,ZTH
ATH,ADB
ATH,SAW
ATH,KBP
ATH,DOH
ATH,AMM
ATH,SVO
ATH,EDI
ATH,MAN
ATH,SXF
ATK,AIN
ATK,BRW
ATM,BEL
ATM,CNF
ATM,STM
ATM,ORX
ATQ,DEL
ATQ,TAS
ATQ,DXB
ATQ,DOH
ATQ,BOM
ATQ,SXR
ATQ,ASB
ATT,KUK
ATT,BET
ATW,DTW
ATW,MSP
ATW,AZA
ATW,LAS
ATW,ORD
ATY,MSP
ATZ,SHJ
ATZ,KWI
ATZ,CAI
ATZ,JED
ATZ,RUH
AUA,BON
AUA,CCS
AUA,CUR
AUA,FLL
AUA,LSP
AUA,MAR
AUA,RCH
AUA,VLN
AUA,MIA
AUA,YYZ
AUA,BOG
AUA,BOS
AUA,JFK
AUA,PTY
AUA,BWI
AUA,MCO
AUA,AMS
AUA,PBM
AUA,EWR
AUA,IAD
AUA,ORD
AUA,CLT
AUA,PHL
AUC,BOG
AUG,BOS
AUH,BOM
AUH,CCJ
AUH,COK
AUH,DEL
AUH,HYD
AUH,KWI
AUH,MAA
AUH,TRV
AUH,CMB
AUH,IAD
AUH,JFK
AUH,LHR
AUH,MCT
AUH,ORD
AUH,BAH
AUH,DUS
AUH,FRA
AUH,MUC
AUH,PEK
AUH,SIN
AUH,TXL
AUH,YYZ
AUH,AMS
AUH,CDG
AUH,CMN
AUH,BKK
AUH,CGK
AUH,FCO
AUH,JNB
AUH,KRT
AUH,KUL
AUH,MEL
AUH,MLE
AUH,MXP
AUH,NBO
AUH,SEZ
AUH,SYD
AUH,MSQ
AUH,CGP
AUH,DAC
AUH,HKG
AUH,RUH
AUH,LCA
AUH,DUB
AUH,ALA
AUH,AMD
AUH,AMM
AUH,ATH
AUH,BEG
AUH,BEY
AUH,BGW
AUH,BLR
AUH,BRU
AUH,BSR
AUH,CAI
AUH,CTU
AUH,DME
AUH,DMM
AUH,DOH
AUH,EBL
AUH,GRU
AUH,GVA
AUH,HKT
AUH,ICN
AUH,IKA
AUH,ISB
AUH,IST
AUH,JED
AUH,KHI
AUH,KTM
AUH,LHE
AUH,LOS
AUH,MAN
AUH,MNL
AUH,NRT
AUH,PEW
AUH,PRG
AUH,PVG
AUH,SAH
AUH,SGN
AUH,TIP
AUH,TSE
AUH,ADE
AUH,GXF
AUH,AAN
AUH,FJR
AUH,KIH
AUK,EMK
AUK,SXP
AUQ,NHV
AUQ,PPT
AUQ,UAH
AUQ,UAP
AUR,ORY
AUS,DFW
AUS,JFK
AUS,LAX
AUS,ORD
AUS,SEA
AUS,BOS
AUS,FLL
AUS,LGB
AUS,MCO
AUS,SFO
AUS,DTW
AUS,MEM
AUS,MSP
AUS,SLC
AUS,DEN
AUS,BWI
AUS,CUN
AUS,DAL
AUS,HOU
AUS,LAS
AUS,LBB
AUS,MDW
AUS,PHX
AUS,TPA
AUS,CLE
AUS,EWR
AUS,IAD
AUS,IAH
AUS,CLT
AUS,PHL
AUS,MEX
AUS,BNA
AUS,DCA
AUS,ELP
AUS,HRL
AUS,OAK
AUS,SAN
AUS,SJC
AUU,CNS
AUU,CUQ
AUX,MAB
AUX,PMW
AUY,TAH
AVA,CAN
AVA,CKG
AVA,NAY
AVL,DTW
AVL,FLL
AVL,PIE
AVL,SFB
AVL,CLT
AVL,EWR
AVL,ORD
AVP,DTW
AVP,SFB
AVP,EWR
AVP,ORD
AVP,CLT
AVP,PHL
AVV,BNE
AVV,SYD
AWD,TAH
AWZ,IFN
AWZ,KIH
AWZ,MHD
AWZ,SRY
AWZ,SYZ
AWZ,THR
AWZ,KWI
AWZ,PGU
AWZ,RAS
AWZ,BND
AWZ,DXB
AWZ,TBZ
AXA,SJU
AXA,ANU
AXA,STT
AXA,SXM
AXD,ATH
AXD,JSH
AXK,SAH
AXM,BOG
AXM,FLL
AXP,CRI
AXP,NAS
AXR,AHE
AXR,KKR
AXR,PPT
AXT,CTS
AXT,HND
AXT,ITM
AXT,ICN
AXT,NGO
AXU,ADD
AXU,LLI
AYP,LIM
AYQ,SYD
AYQ,ASP
AYQ,CNS
AYT,ZRH
AYT,RIX
AYT,IST
AYT,DRS
AYT,DUS
AYT,HAM
AYT,LEJ
AYT,MUC
AYT,NUE
AYT,STR
AYT,TXL
AYT,CGN
AYT,FRA
AYT,HAJ
AYT,PAD
AYT,SXF
AYT,BGO
AYT,OSL
AYT,TRD
AYT,TRF
AYT,AMS
AYT,LUX
AYT,VIE
AYT,ADA
AYT,ADB
AYT,ARN
AYT,BRU
AYT,CPH
AYT,ECN
AYT,GVA
AYT,KRR
AYT,SAW
AYT,TZX
AYT,PRG
AYT,SVO
AYT,LGW
AYT,MAN
AYT,STN
AYT,ESB
AYT,VKO
AYT,ORY
AYT,BSL
AYT,DME
AYT,FMO
AYT,ZQW
AYT,GRZ
AYT,LNZ
AYT,SZG
AZA,ATW
AZA,BIL
AZA,BIS
AZA,BLI
AZA,BZN
AZA,CID
AZA,EUG
AZA,FAR
AZA,FSD
AZA,GFK
AZA,GRI
AZA,GRR
AZA,GTF
AZA,ICT
AZA,IDA
AZA,LAS
AZA,MLI
AZA,MOT
AZA,MSO
AZA,OAK
AZA,OGD
AZA,PIA
AZA,PSC
AZA,PVU
AZA,RAP
AZA,RFD
AZA,RST
AZA,SBN
AZA,SGF
AZA,STC
AZD,MHD
AZD,THR
AZD,BND
AZI,DXB
AZI,FJR
AZI,XSB
AZI,ZDY
AZN,DME
AZN,LED
AZN,TAS
AZO,ORD
AZO,DTW
AZO,MSP
AZS,YUL
AZS,YYZ
AZS,JFK
BAH,BOM
BAH,DOH
BAH,LHR
BAH,AUH
BAH,HKG
BAH,RUH
BAH,DXB
BAH,SHJ
BAH,ADD
BAH,AMM
BAH,BEY
BAH,BGW
BAH,BKK
BAH,CAI
BAH,CDG
BAH,COK
BAH,DEL
BAH,DMM
BAH,FRA
BAH,ISB
BAH,IST
BAH,JED
BAH,KHI
BAH,KRT
BAH,KWI
BAH,LCA
BAH,LHE
BAH,MAA
BAH,MCT
BAH,MED
BAH,MNL
BAH,NJF
BAH,PEW
BAH,SAH
BAH,IXE
BAH,CMB
BAL,SAW
BAL,ESB
BAL,IST
BAQ,BOG
BAQ,CLO
BAQ,MDE
BAQ,MIA
BAQ,ADZ
BAQ,PTY
BAS,GZO
BAV,XIY
BAV,CAN
BAV,PEK
BAV,TSN
BAV,TYN
BAV,CGO
BAV,CTU
BAV,LYA
BAV,SHE
BAV,SJW
BAV,URC
BAV,SHA
BAV,CIF
BAV,PVG
BAV,NAY
BAX,SVO
BAX,DME
BAY,OTP
BAZ,MAO
BBA,PMC
BBA,PUQ
BBA,SCL
BBI,BOM
BBI,CCU
BBI,DEL
BBI,HYD
BBI,VTZ
BBI,IXZ
BBK,GBE
BBK,JNB
BBK,MUB
BBN,MUR
BBN,MYY
BBO,JIB
BBO,MGQ
BBO,ADE
BBO,BSA
BBO,DXB
BBO,SHJ
BCA,HAV
BCD,CEB
BCD,MNL
BCD,CGY
BCI,LRE
BCM,BGY
BCN,BJL
BCN,CMN
BCN,NDR
BCN,TNG
BCN,CGN
BCN,HAJ
BCN,HAM
BCN,STR
BCN,ATH
BCN,JFK
BCN,LHR
BCN,MIA
BCN,DUS
BCN,TXL
BCN,VIE
BCN,CDG
BCN,ORY
BCN,ALG
BCN,ORN
BCN,EZE
BCN,BOG
BCN,HEL
BCN,FCO
BCN,LIN
BCN,PMI
BCN,TFN
BCN,MSQ
BCN,LGW
BCN,RIX
BCN,ARN
BCN,BGO
BCN,CPH
BCN,GOT
BCN,OSL
BCN,DUB
BCN,DXB
BCN,SOF
BCN,ACE
BCN,AGP
BCN,BGY
BCN,BHX
BCN,BLQ
BCN,BUD
BCN,BVA
BCN,CIA
BCN,CRL
BCN,EDI
BCN,EMA
BCN,FEZ
BCN,FUE
BCN,IBZ
BCN,LPA
BCN,LPL
BCN,MAH
BCN,NYO
BCN,OPO
BCN,PIK
BCN,RYG
BCN,SCQ
BCN,SDR
BCN,STN
BCN,SVQ
BCN,TFS
BCN,TRN
BCN,TSF
BCN,VLL
BCN,VNO
BCN,WMI
BCN,XRY
BCN,BRU
BCN,AMS
BCN,EIN
BCN,RTM
BCN,ALC
BCN,AMM
BCN,BIO
BCN,BOD
BCN,CTA
BCN,DME
BCN,DRS
BCN,DTM
BCN,EAS
BCN,FLR
BCN,FRA
BCN,GRX
BCN,KBP
BCN,LCG
BCN,LED
BCN,LEI
BCN,LEN
BCN,LIL
BCN,LIS
BCN,LYS
BCN,MAD
BCN,MRS
BCN,MUC
BCN,MXP
BCN,NAP
BCN,NCE
BCN,NTE
BCN,NUE
BCN,OVD
BCN,PMO
BCN,PRG
BCN,PSA
BCN,RAK
BCN,RGS
BCN,RNS
BCN,SLM
BCN,TLS
BCN,TLV
BCN,VCE
BCN,VGO
BCN,ZRH
BCN,LUX
BCN,EWR
BCN,WAW
BCN,GLA
BCN,LBA
BCN,MAN
BCN,BSL
BCN,GVA
BCN,CAI
BCN,ZAG
BCN,SAW
BCN,ISB
BCN,LHE
BCN,DOH
BCN,PHL
BCN,OTP
BCN,GRU
BCN,SIN
BCN,SVO
BCN,BRN
BCN,IST
BCN,TUN
BCN,BFS
BCN,BRS
BCN,LTN
BCN,NCL
BCN,SEN
BCN,SXF
BCN,VKO
BCN,BJZ
BCN,CLJ
BCN,GDN
BCN,KTW
BCN,TSR
BCV,BZE
BCV,TZA
BDA,JFK
BDA,MIA
BDA,YYZ
BDA,LGW
BDA,BOS
BDA,LGA
BDA,EWR
BDA,PHL
BDB,BNE
BDH,DXB
BDH,SYZ
BDJ,BPN
BDJ,CGK
BDJ,SUB
BDJ,PKN
BDJ,SOC
BDJ,SRG
BDJ,BDO
BDJ,JOG
BDJ,KBU
BDL,DFW
BDL,LAX
BDL,MIA
BDL,ORD
BDL,YUL
BDL,YYZ
BDL,FLL
BDL,MCO
BDL,PBI
BDL,RSW
BDL,SJU
BDL,TPA
BDL,CVG
BDL,DTW
BDL,MSP
BDL,RDU
BDL,BWI
BDL,MDW
BDL,ROC
BDL,SAT
BDL,CLE
BDL,CLT
BDL,EWR
BDL,IAD
BDL,PHL
BDL,PIT
BDL,DCA
BDL,DEN
BDO,KUL
BDO,DPS
BDO,SIN
BDO,SUB
BDO,BDJ
BDO,BTH
BDO,JOG
BDO,PKU
BDP,KTM
BDQ,BOM
BDQ,DEL
BDS,MUC
BDS,ZRH
BDS,FCO
BDS,LIN
BDS,BGY
BDS,BLQ
BDS,CIA
BDS,CRL
BDS,EIN
BDS,NYO
BDS,PSA
BDS,STN
BDS,TRN
BDS,TSF
BDS,GVA
BDS,MXP
BDU,OSL
BEB,GLA
BEB,SYY
BEG,STR
BEG,ATH
BEG,DUS
BEG,FRA
BEG,TXL
BEG,CDG
BEG,FCO
BEG,MXP
BEG,BUD
BEG,ARN
BEG,OSL
BEG,AUH
BEG,DXB
BEG,LJU
BEG,AMS
BEG,BRU
BEG,CPH
BEG,LCA
BEG,LHR
BEG,OTP
BEG,SAW
BEG,SJJ
BEG,SKG
BEG,SKP
BEG,SVO
BEG,TGD
BEG,TIV
BEG,TLV
BEG,VIE
BEG,WAW
BEG,ZRH
BEG,MUC
BEG,ESB
BEG,IST
BEG,TUN
BEG,BVA
BEG,CRL
BEG,DTM
BEG,EIN
BEG,FMM
BEG,GSE
BEG,LTN
BEG,MLH
BEG,MMX
BEG,NYO
BEG,TRF
BEJ,BPN
BEL,ATM
BEL,CKS
BEL,CNF
BEL,FOR
BEL,MAB
BEL,MAO
BEL,MCP
BEL,STM
BEL,TUR
BEL,BSB
BEL,GIG
BEL,GRU
BEL,SLZ
BEL,BVS
BEL,MEU
BEL,CAY
BEL,PBM
BEN,AMM
BEN,CAI
BEN,DXB
BEN,HBE
BEN,IST
BEN,KRT
BEN,MRA
BEN,SEB
BEN,TIP
BEN,TUN
BEN,MLA
BEN,AKF
BEN,CMN
BEN,SFA
BES,LYS
BES,CDG
BES,ORY
BES,BOD
BES,MRS
BET,ATT
BET,EEK
BET,GNU
BET,KPN
BET,KWN
BET,KWT
BET,MLL
BET,NME
BET,WNA
BET,WTL
BET,ANC
BET,ANI
BET,CYF
BET,HPB
BET,KKH
BET,KLG
BET,KUK
BET,KWK
BET,OOK
BET,PQS
BET,TLT
BET,VAK
BET,EMK
BEU,BQL
BEU,BVI
BEW,JNB
BEW,APL
BEW,MPM
BEW,POL
BEW,TET
BEY,CDG
BEY,ALG
BEY,CMN
BEY,FCO
BEY,MXP
BEY,MSQ
BEY,LHR
BEY,LCA
BEY,HBE
BEY,DXB
BEY,ADD
BEY,AUH
BEY,SHJ
BEY,BAH
BEY,IKA
BEY,MHD
BEY,AMM
BEY,SAH
BEY,KWI
BEY,FRA
BEY,TXL
BEY,ACC
BEY,ATH
BEY,BGW
BEY,BRU
BEY,CAI
BEY,DMM
BEY,DOH
BEY,EBL
BEY,EVN
BEY,GVA
BEY,IST
BEY,JED
BEY,KAN
BEY,LOS
BEY,NJF
BEY,OTP
BEY,RUH
BEY,SVO
BEY,TUN
BEY,SAW
BEY,SXF
BEY,MED
BEY,MCT
BFD,CLE
BFD,JHW
BFF,AIA
BFF,DEN
BFI,CLM
BFI,ESD
BFI,FRD
BFI,SEA
BFJ,CAN
BFJ,CKG
BFJ,KWE
BFJ,KMG
BFJ,SHA
BFJ,NAY
BFL,DEN
BFL,IAH
BFL,LAX
BFL,SFO
BFL,PHX
BFN,CPT
BFN,DUR
BFN,JNB
BFQ,JQE
BFS,EWR
BFS,ACE
BFS,ALC
BFS,TFS
BFS,AGP
BFS,AMS
BFS,BCN
BFS,BHX
BFS,BRS
BFS,CDG
BFS,EDI
BFS,FAO
BFS,GLA
BFS,KRK
BFS,LGW
BFS,LPL
BFS,LTN
BFS,MAN
BFS,MLA
BFS,NCL
BFS,SEN
BFS,STN
BFV,DMK
BGA,BOG
BGA,MDE
BGA,PTY
BGF,NSI
BGF,CMN
BGF,BZV
BGF,DLA
BGG,ESB
BGG,IST
BGI,JFK
BGI,MIA
BGI,YYZ
BGI,LGW
BGI,ANU
BGI,KIN
BGI,POS
BGI,SXM
BGI,FRA
BGI,GRU
BGI,DOM
BGI,FDF
BGI,GND
BGI,OGL
BGI,SLU
BGI,SVD
BGI,MAN
BGM,DTW
BGM,IAD
BGM,PHL
BGO,LHR
BGO,AMS
BGO,BLL
BGO,RIX
BGO,RYG
BGO,AES
BGO,AGP
BGO,ALC
BGO,ARN
BGO,AYT
BGO,BCN
BGO,CPH
BGO,KRK
BGO,LGW
BGO,LPA
BGO,ORY
BGO,OSL
BGO,SVG
BGO,SXF
BGO,TFS
BGO,TRD
BGO,TRF
BGO,WAW
BGO,FRA
BGO,FAE
BGO,ABZ
BGO,MAN
BGO,GDN
BGO,KTW
BGO,VNO
BGO,BNN
BGO,BOO
BGO,FDE
BGO,FRO
BGO,HAU
BGO,HOV
BGO,KRS
BGO,KSU
BGO,MOL
BGO,SKE
BGO,SOG
BGO,TOS
BGR,DTW
BGR,LGA
BGR,PIE
BGR,SFB
BGR,DCA
BGR,PHL
BGW,DXB
BGW,AUH
BGW,SHJ
BGW,BAH
BGW,BEY
BGW,CAI
BGW,VIE
BGW,DOH
BGW,AMM
BGW,ESB
BGW,IST
BGW,ARN
BGY,CMN
BGY,BCM
BGY,KIV
BGY,ACE
BGY,AHO
BGY,ALC
BGY,BCN
BGY,BDS
BGY,BHX
BGY,BLL
BGY,BRE
BGY,BRI
BGY,BRS
BGY,BTS
BGY,BUD
BGY,BVA
BGY,CAG
BGY,CIA
BGY,CRL
BGY,CTA
BGY,DUB
BGY,EIN
BGY,FEZ
BGY,FUE
BGY,GRQ
BGY,GSE
BGY,HHN
BGY,KRK
BGY,LBA
BGY,LBC
BGY,LPA
BGY,LPP
BGY,MAD
BGY,MAN
BGY,MLA
BGY,MST
BGY,NRN
BGY,NYO
BGY,OPO
BGY,ORK
BGY,PFO
BGY,PIK
BGY,PMO
BGY,PSR
BGY,RAK
BGY,RIX
BGY,RYG
BGY,SDR
BGY,SKG
BGY,STN
BGY,SUF
BGY,SVQ
BGY,SXF
BGY,TFS
BGY,TLL
BGY,TPS
BGY,VLC
BGY,VNO
BGY,WMI
BGY,WRO
BGY,ZAZ
BGY,TIA
BGY,SAW
BGY,SID
BGY,ARW
BGY,CLJ
BGY,CRA
BGY,GDN
BGY,KTW
BGY,OTP
BGY,PRG
BGY,SKP
BGY,SOF
BGY,TGM
BGY,TSR
BGY,WAW
BGY,DOK
BGY,IEV
BGY,LWO
BHB,BOS
BHD,LHR
BHD,EXT
BHD,LGW
BHD,ABZ
BHD,BHX
BHD,CWL
BHD,EDI
BHD,EMA
BHD,GLA
BHD,INV
BHD,LBA
BHD,MAN
BHD,NCL
BHD,SOU
BHD,IOM
BHE,AKL
BHE,CHC
BHE,WLG
BHH,DMM
BHH,JED
BHH,RUH
BHI,MDQ
BHI,REL
BHI,AEP
BHJ,BOM
BHK,DME
BHK,LED
BHK,TAS
BHK,VKO
BHM,DFW
BHM,MIA
BHM,DTW
BHM,LGA
BHM,MSP
BHM,BWI
BHM,DAL
BHM,HOU
BHM,LAS
BHM,LAX
BHM,MCO
BHM,STL
BHM,TPA
BHM,CLT
BHM,DEN
BHM,IAH
BHM,ORD
BHM,DCA
BHM,PHL
BHM,MDW
BHO,AMD
BHO,BOM
BHO,DEL
BHO,RPR
BHO,HYD
BHO,IDR
BHQ,ADL
BHQ,DBO
BHQ,MQL
BHQ,SYD
BHR,KTM
BHS,PKE
BHS,SYD
BHU,BOM
BHV,KHI
BHV,LHE
BHX,HAM
BHX,TXL
BHX,CDG
BHX,LYS
BHX,DEL
BHX,ABZ
BHX,AMS
BHX,BHD
BHX,DUS
BHX,EDI
BHX,GCI
BHX,GLA
BHX,HAJ
BHX,INV
BHX,IOM
BHX,JER
BHX,MXP
BHX,NOC
BHX,STR
BHX,WAT
BHX,BLL
BHX,GOT
BHX,TLS
BHX,ACE
BHX,TFS
BHX,DUB
BHX,ORK
BHX,SNN
BHX,DXB
BHX,AGP
BHX,ALC
BHX,BCN
BHX,BGY
BHX,BTS
BHX,BZG
BHX,FAO
BHX,FUE
BHX,GDN
BHX,GRO
BHX,KRK
BHX,KTW
BHX,LDY
BHX,LPA
BHX,MJV
BHX,MLA
BHX,MPL
BHX,PGF
BHX,PMI
BHX,RZE
BHX,EWR
BHX,FRA
BHX,MUC
BHX,ZRH
BHX,ISB
BHX,ARN
BHX,CPH
BHX,BRU
BHX,NCL
BHX,ASB
BHX,NBE
BHX,IST
BHX,BVC
BHX,FNC
BHX,RAK
BHX,SID
BHX,SSH
BHX,BFS
BHX,FCO
BHX,GIB
BHX,LCA
BHY,XIY
BHY,HGH
BHY,PEK
BHY,CAN
BHY,CGO
BHY,CSX
BHY,SJW
BHY,CKG
BHY,CTU
BHY,KWL
BHY,HAK
BHY,WUH
BHY,PVG
BHY,KMG
BHY,SHA
BIA,MRS
BIA,NCE
BIA,ORY
BIA,CDG
BIA,BOD
BIK,DJJ
BIK,UPG
BIL,PDX
BIL,SEA
BIL,MSP
BIL,SLC
BIL,AZA
BIL,LAS
BIL,DEN
BIL,GGW
BIL,HVR
BIL,OLF
BIL,SDY
BIM,FLL
BIO,PMI
BIO,CDG
BIO,FCO
BIO,DUB
BIO,BRU
BIO,ACE
BIO,AGP
BIO,ALC
BIO,AMS
BIO,BCN
BIO,BLQ
BIO,LCG
BIO,LHR
BIO,LPA
BIO,MAD
BIO,ORY
BIO,SCQ
BIO,SVQ
BIO,TFN
BIO,VGO
BIO,VLC
BIO,XRY
BIO,DUS
BIO,FRA
BIO,MUC
BIO,LIS
BIO,IST
BIO,MAN
BIO,STN
BIO,VCE
BIQ,GVA
BIQ,LYS
BIQ,NCE
BIQ,MRS
BIQ,ORY
BIQ,CRL
BIQ,DUB
BIQ,STN
BIQ,CDG
BIQ,SXB
BIR,KTM
BIS,MSP
BIS,DEN
BIS,AZA
BIS,LAS
BJA,ALG
BJA,LYS
BJA,MRS
BJA,ORY
BJB,THR
BJF,BVG
BJF,HFT
BJF,MEH
BJF,VAW
BJF,VDS
BJI,MSP
BJL,BCN
BJL,DKR
BJL,FNA
BJL,CKY
BJL,CMN
BJL,FRA
BJL,AMS
BJL,RAI
BJM,EBB
BJM,NBO
BJM,KGL
BJM,JNB
BJR,ADD
BJR,LLI
BJV,IST
BJV,AMS
BJV,ESB
BJV,SAW
BJV,BHX
BJV,LGW
BJV,MAN
BJX,DFW
BJX,MEX
BJX,MTY
BJX,TIJ
BJX,IAH
BJX,LAX
BJX,CUN
BJX,MDW
BJZ,BCN
BJZ,MAD
BKC,DRG
BKC,OTZ
BKG,DEN
BKG,DAL
BKG,HOU
BKG,MDW
BKI,MNL
BKI,CAN
BKI,CGK
BKI,HGH
BKI,HKG
BKI,JHB
BKI,KCH
BKI,KUL
BKI,MYY
BKI,PEN
BKI,SDK
BKI,SIN
BKI,SZX
BKI,TPE
BKI,TWU
BKI,BWN
BKI,LBU
BKI,ICN
BKI,BPN
BKI,BTU
BKI,KUD
BKI,LDU
BKI,LWY
BKI,MZV
BKI,NRT
BKI,PER
BKI,PVG
BKI,SBW
BKI,DPS
BKK,MNL
BKK,SIN
BKK,DAC
BKK,CCU
BKK,DEL
BKK,ICN
BKK,PUS
BKK,CKG
BKK,HKT
BKK,RGN
BKK,PVG
BKK,BOM
BKK,KUL
BKK,NRT
BKK,CNX
BKK,CDG
BKK,HEL
BKK,AUH
BKK,LHR
BKK,BWN
BKK,AMS
BKK,TPE
BKK,VIE
BKK,PEK
BKK,SZX
BKK,KHH
BKK,VKO
BKK,CMB
BKK,HKG
BKK,KHI
BKK,CAN
BKK,CGO
BKK,CSX
BKK,NBO
BKK,SWA
BKK,WUH
BKK,CRK
BKK,ARN
BKK,OSL
BKK,DXB
BKK,SYD
BKK,ADD
BKK,USM
BKK,CGK
BKK,BAH
BKK,NNG
BKK,TAS
BKK,HND
BKK,KIX
BKK,MEL
BKK,PNH
BKK,REP
BKK,GAU
BKK,GAY
BKK,IXB
BKK,PBH
BKK,ALA
BKK,SGN
BKK,KWI
BKK,VTE
BKK,FRA
BKK,MUC
BKK,ZRH
BKK,TLV
BKK,TNR
BKK,FOC
BKK,XMN
BKK,AMM
BKK,PEN
BKK,CAI
BKK,CTU
BKK,JHG
BKK,KMG
BKK,CTS
BKK,NGO
BKK,MFM
BKK,KBV
BKK,KWL
BKK,LPQ
BKK,LPT
BKK,MDL
BKK,MLE
BKK,NYT
BKK,TDX
BKK,THS
BKK,ISB
BKK,LHE
BKK,DOH
BKK,HAN
BKK,ZVK
BKK,KTM
BKK,SUB
BKK,IKT
BKK,KJA
BKK,OVB
BKK,JNB
BKK,TAO
BKK,TNA
BKK,BLR
BKK,PNQ
BKK,BRU
BKK,SVO
BKK,AKL
BKK,AMD
BKK,BNE
BKK,CEI
BKK,CPH
BKK,DME
BKK,DPS
BKK,FCO
BKK,FUK
BKK,HDY
BKK,HYD
BKK,IST
BKK,KKC
BKK,MAA
BKK,MAD
BKK,MXP
BKK,PER
BKK,UBP
BKK,URT
BKK,UTH
BKK,HRI
BKK,LED
BKK,SVX
BKK,IKA
BKK,MCT
BKM,LWY
BKO,OUA
BKO,CDG
BKO,ALG
BKO,CMN
BKO,COO
BKO,DKR
BKO,ADD
BKO,CKY
BKO,LFW
BKO,ABJ
BKO,NBO
BKO,NKC
BKO,LIS
BKO,TUN
BKQ,LRE
BKS,CGK
BKS,BTH
BKW,IAD
BKY,KND
BKY,KOO
BKZ,MWZ
BLA,CCS
BLA,MIA
BLA,PMV
BLA,PTY
BLA,PZO
BLA,VLN
BLD,GCW
BLE,ARN
BLE,GOT
BLE,ORB
BLI,HNL
BLI,LAS
BLI,OGG
BLI,PDX
BLI,SEA
BLI,AZA
BLI,LAX
BLI,OAK
BLI,PSP
BLI,RNO
BLJ,ALG
BLJ,LYS
BLJ,MRS
BLJ,ORY
BLK,DUB
BLK,ACE
BLK,ALC
BLK,DLM
BLK,TFS
BLK,IOM
BLL,CDG
BLL,AMS
BLL,BGO
BLL,BMA
BLL,BRU
BLL,DUS
BLL,LCY
BLL,MAN
BLL,MUC
BLL,OSL
BLL,BHX
BLL,RIX
BLL,EBJ
BLL,SVG
BLL,LPA
BLL,AGP
BLL,AHO
BLL,ALC
BLL,BGY
BLL,BUD
BLL,CIA
BLL,EDI
BLL,GRO
BLL,KRK
BLL,MLA
BLL,PMI
BLL,STN
BLL,TFS
BLL,FRA
BLL,FAE
BLL,ARN
BLL,CPH
BLL,IST
BLQ,CMN
BLQ,CGN
BLQ,TXL
BLQ,KIV
BLQ,LYS
BLQ,LHR
BLQ,CDG
BLQ,AMS
BLQ,CTA
BLQ,FCO
BLQ,IAS
BLQ,LIS
BLQ,SVO
BLQ,ACE
BLQ,BCN
BLQ,BDS
BLQ,BRI
BLQ,BVA
BLQ,CRL
BLQ,KRK
BLQ,MAD
BLQ,MLA
BLQ,NRN
BLQ,PMO
BLQ,STN
BLQ,SUF
BLQ,SVQ
BLQ,TFS
BLQ,TPS
BLQ,VLC
BLQ,WMI
BLQ,WRO
BLQ,EIN
BLQ,BIO
BLQ,CAG
BLQ,OLB
BLQ,FRA
BLQ,MUC
BLQ,TIA
BLQ,FLR
BLQ,VIE
BLQ,ZAG
BLQ,SAW
BLQ,CPH
BLQ,BRU
BLQ,IST
BLQ,TUN
BLQ,LGW
BLQ,CLJ
BLQ,OTP
BLQ,SOF
BLQ,TSR
BLR,AMD
BLR,BOM
BLR,CCU
BLR,COK
BLR,DEL
BLR,GAU
BLR,GOI
BLR,HYD
BLR,JAI
BLR,LKO
BLR,MAA
BLR,NAG
BLR,PNQ
BLR,TRV
BLR,CJB
BLR,IDR
BLR,IXE
BLR,KUL
BLR,VGA
BLR,VTZ
BLR,LHR
BLR,CDG
BLR,FRA
BLR,MLE
BLR,HKG
BLR,DXB
BLR,AUH
BLR,SHJ
BLR,SIN
BLR,CMB
BLR,DOH
BLR,BKK
BLR,CCJ
BLR,HBX
BLR,IXG
BLR,PNY
BLR,DMM
BLR,RUH
BLR,MCT
BLV,SFB
BLZ,ADD
BLZ,NBO
BLZ,JNB
BMA,JKG
BMA,GOT
BMA,HEL
BMA,MMX
BMA,TLL
BMA,UME
BMA,AAR
BMA,BLL
BMA,AGH
BMA,HAD
BMA,KLR
BMA,RNB
BMA,SDL
BMA,THN
BMA,VBY
BMA,VXO
BMA,BRU
BMA,OSD
BME,DRW
BME,KNX
BME,KTA
BME,MEL
BME,PER
BME,PHE
BMI,DFW
BMI,ORD
BMI,DTW
BMI,MSP
BMI,DEN
BMI,SFB
BMO,MDL
BMU,DPS
BMU,LOP
BMV,SGN
BMV,VII
BMV,HAN
BMV,DAD
BMY,GEA
BMY,KOC
BNA,DCA
BNA,DFW
BNA,JFK
BNA,LAX
BNA,LGA
BNA,MIA
BNA,ORD
BNA,YYZ
BNA,CVG
BNA,DTW
BNA,MEM
BNA,MSP
BNA,SLC
BNA,DEN
BNA,BWI
BNA,CLE
BNA,CMH
BNA,GSP
BNA,HOU
BNA,MCI
BNA,MCO
BNA,MDW
BNA,PHX
BNA,RDU
BNA,STL
BNA,TPA
BNA,AHN
BNA,MKL
BNA,CLT
BNA,EWR
BNA,IAD
BNA,IAH
BNA,PHL
BNA,AUS
BNA,BOS
BNA,CHS
BNA,ECP
BNA,FLL
BNA,JAX
BNA,LAS
BNA,ORF
BNA,PIT
BNA,PNS
BNA,SAN
BNA,SAT
BNB,MDK
BNC,BUX
BNC,GOM
BND,IFN
BND,MHD
BND,AZD
BND,DXB
BND,KSH
BND,RAS
BND,SYZ
BND,THR
BND,AWZ
BND,SRY
BND,TBZ
BND,ZBR
BND,KIH
BNE,ADL
BNE,AKL
BNE,CBR
BNE,CNS
BNE,DRW
BNE,LAX
BNE,MEL
BNE,PER
BNE,SYD
BNE,TSV
BNE,SIN
BNE,HKG
BNE,TPE
BNE,POM
BNE,CAN
BNE,DXB
BNE,NAN
BNE,CFS
BNE,TMW
BNE,DPS
BNE,HNL
BNE,HIR
BNE,AVV
BNE,HBA
BNE,HTI
BNE,LST
BNE,MKY
BNE,NTL
BNE,PPP
BNE,ICN
BNE,KUL
BNE,SON
BNE,VLI
BNE,CHC
BNE,DUD
BNE,NLK
BNE,WLG
BNE,ZQN
BNE,MOV
BNE,RMA
BNE,TWB
BNE,ASP
BNE,BCI
BNE,BDB
BNE,BKQ
BNE,CTL
BNE,EMD
BNE,GLT
BNE,HVB
BNE,ISA
BNE,KTA
BNE,LDH
BNE,LRE
BNE,NOU
BNE,PHE
BNE,ROK
BNE,ZBL
BNE,BKK
BNE,APW
BNE,PQQ
BNI,ABV
BNI,LOS
BNK,MEL
BNK,SYD
BNK,NTL
BNN,BGO
BNN,MQN
BNN,OSL
BNN,SSJ
BNN,TRD
BNS,CCS
BNX,SJJ
BNX,ZRH
BNY,HIR
BNY,RNL
BOB,HUH
BOB,MAU
BOB,MOZ
BOB,PPT
BOB,RFP
BOB,RGI
BOB,TIH
BOC,SYQ
BOC,PAC
BOD,FCO
BOD,LIL
BOD,LYS
BOD,NCE
BOD,NTE
BOD,SXB
BOD,AMS
BOD,CDG
BOD,MRS
BOD,ORY
BOD,ALG
BOD,CMN
BOD,RAK
BOD,LGW
BOD,BES
BOD,RNS
BOD,DUB
BOD,CIA
BOD,CRL
BOD,EDI
BOD,EIN
BOD,OPO
BOD,SVQ
BOD,BCN
BOD,MAD
BOD,LIS
BOD,TUN
BOD,BSL
BOD,GVA
BOD,LTN
BOD,MXP
BOD,AJA
BOD,BIA
BOD,MUC
BOD,VCE
BOG,MEX
BOG,APO
BOG,AUC
BOG,BUN
BOG,EOH
BOG,FLA
BOG,IPI
BOG,LMC
BOG,MVP
BOG,PCR
BOG,PDA
BOG,PSO
BOG,PUU
BOG,RVE
BOG,SJE
BOG,SVI
BOG,TME
BOG,UIB
BOG,VGZ
BOG,VVC
BOG,MIA
BOG,YYZ
BOG,CDG
BOG,EZE
BOG,ADZ
BOG,AUA
BOG,AXM
BOG,BAQ
BOG,BCN
BOG,BGA
BOG,CCS
BOG,CLO
BOG,CTG
BOG,CUC
BOG,CUN
BOG,CUR
BOG,EJA
BOG,EWR
BOG,EYP
BOG,FLL
BOG,FRA
BOG,GIG
BOG,GRU
BOG,GUA
BOG,GYE
BOG,HAV
BOG,IAD
BOG,IAH
BOG,IBE
BOG,JFK
BOG,LIM
BOG,LPB
BOG,MAD
BOG,MCO
BOG,MDE
BOG,MTR
BOG,MZL
BOG,NVA
BOG,PEI
BOG,PPN
BOG,PTY
BOG,PUJ
BOG,RCH
BOG,SAL
BOG,SCL
BOG,SDQ
BOG,SJO
BOG,SJU
BOG,SMR
BOG,UIO
BOG,VLN
BOG,VUP
BOG,LET
BOH,DUB
BOH,ACE
BOH,AGP
BOH,ALC
BOH,CCF
BOH,FAO
BOH,GRO
BOH,LPA
BOH,MJV
BOH,MLA
BOH,PMI
BOH,TFS
BOH,WRO
BOI,LWS
BOI,PDX
BOI,SAN
BOI,SEA
BOI,SJC
BOI,SMF
BOI,MSP
BOI,SLC
BOI,DEN
BOI,LAS
BOI,LAX
BOI,ORD
BOI,SFO
BOI,PHX
BOI,GEG
BOI,OAK
BOJ,VAR
BOJ,DME
BOJ,LTN
BOM,AMD
BOM,BBI
BOM,BDQ
BOM,BLR
BOM,CCU
BOM,CJB
BOM,COK
BOM,DEL
BOM,DXB
BOM,GOI
BOM,HYD
BOM,IDR
BOM,IXC
BOM,IXJ
BOM,JAI
BOM,LKO
BOM,MAA
BOM,MCT
BOM,NAG
BOM,PAT
BOM,SXR
BOM,TRV
BOM,VTZ
BOM,AUH
BOM,BAH
BOM,BHJ
BOM,BHO
BOM,BHU
BOM,BKK
BOM,BRU
BOM,CCJ
BOM,CMB
BOM,DAC
BOM,DIU
BOM,DMM
BOM,DOH
BOM,HKG
BOM,IXE
BOM,IXU
BOM,JDH
BOM,JED
BOM,JNB
BOM,KTM
BOM,KUL
BOM,KWI
BOM,LHR
BOM,NBO
BOM,NRT
BOM,PNQ
BOM,RAJ
BOM,RPR
BOM,RUH
BOM,SIN
BOM,UDR
BOM,CDG
BOM,ADD
BOM,AGR
BOM,CAI
BOM,EWR
BOM,FRA
BOM,GWL
BOM,IST
BOM,IXD
BOM,JGA
BOM,MRU
BOM,MUC
BOM,VNS
BOM,ZRH
BOM,CTU
BOM,AMS
BOM,SHJ
BOM,IKA
BOM,ADE
BOM,SAH
BOM,ICN
BOM,TLV
BOM,KHI
BOM,AMM
BOM,ATQ
BOM,HBX
BOM,JLR
BOM,STV
BON,AUA
BON,CUR
BON,MIA
BON,AMS
BON,EWR
BON,IAH
BOO,LPA
BOO,OSL
BOO,TOS
BOO,TRD
BOO,LCY
BOO,ANX
BOO,BGO
BOO,BNN
BOO,EVE
BOO,LKN
BOO,MJF
BOO,MQN
BOO,NVK
BOO,RET
BOO,SKN
BOO,SSJ
BOO,SVJ
BOS,ACK
BOS,ALB
BOS,AUG
BOS,BHB
BOS,HYA
BOS,LEB
BOS,MVY
BOS,PVC
BOS,RKD
BOS,RUT
BOS,SLK
BOS,DFW
BOS,JFK
BOS,LAX
BOS,LHR
BOS,MIA
BOS,NRT
BOS,ORD
BOS,PDX
BOS,SAN
BOS,SEA
BOS,YHZ
BOS,YOW
BOS,YUL
BOS,YYZ
BOS,CDG
BOS,ISP
BOS,PBG
BOS,PQI
BOS,FCO
BOS,AUA
BOS,AUS
BOS,BUF
BOS,BWI
BOS,CHS
BOS,CLT
BOS,CUN
BOS,DCA
BOS,DEN
BOS,EWR
BOS,FLL
BOS,GCM
BOS,HOU
BOS,IAD
BOS,JAX
BOS,LAS
BOS,LGB
BOS,MBJ
BOS,MCO
BOS,NAS
BOS,PBI
BOS,PHL
BOS,PHX
BOS,PIT
BOS,PLS
BOS,PUJ
BOS,RDU
BOS,RIC
BOS,RSW
BOS,SDQ
BOS,SFO
BOS,SJC
BOS,SJU
BOS,SRQ
BOS,STI
BOS,STT
BOS,SXM
BOS,TPA
BOS,PTY
BOS,AMS
BOS,BDA
BOS,CMH
BOS,CVG
BOS,DTW
BOS,IND
BOS,LGA
BOS,MEM
BOS,MSP
BOS,ORF
BOS,SLC
BOS,DUB
BOS,SNN
BOS,KEF
BOS,CAK
BOS,MCI
BOS,FRA
BOS,MUC
BOS,ZRH
BOS,MYR
BOS,YTZ
BOS,PDL
BOS,CLE
BOS,IAH
BOS,SYR
BOS,MDT
BOS,ROC
BOS,RAI
BOS,BNA
BOS,MDW
BOS,MKE
BOS,STL
BOY,ABJ
BOY,OUA
BPL,URC
BPN,KUL
BPN,BDJ
BPN,BEJ
BPN,CGK
BPN,JOG
BPN,MDC
BPN,SIN
BPN,SUB
BPN,TRK
BPN,UPG
BPN,PLW
BPN,SRG
BPN,BKI
BPN,SRI
BPS,CNF
BPS,SDU
BPS,SSA
BPS,VCP
BPS,GRU
BPS,CGH
BPT,DFW
BPX,CTU
BQB,ALH
BQB,PER
BQL,BEU
BQL,ISA
BQN,JFK
BQN,MCO
BQN,FLL
BQN,EWR
BQS,OVB
BQS,HTA
BQS,KHV
BQS,VVO
BQS,VKO
BQS,YKS
BQS,SVO
BQS,DME
BRA,BSB
BRA,SSA
BRC,CRD
BRC,EQS
BRC,AEP
BRC,EZE
BRC,FTE
BRC,MDZ
BRD,INL
BRD,MSP
BRE,STR
BRE,CDG
BRE,AMS
BRE,TLS
BRE,AGP
BRE,ALC
BRE,BGY
BRE,CIA
BRE,DUB
BRE,EDI
BRE,FAO
BRE,FUE
BRE,GRO
BRE,LPA
BRE,MAN
BRE,NYO
BRE,OPO
BRE,PMI
BRE,REU
BRE,RIX
BRE,STN
BRE,TFS
BRE,TLL
BRE,TMP
BRE,TRF
BRE,TSF
BRE,VNO
BRE,FRA
BRE,MUC
BRE,CPH
BRE,AGA
BRE,DME
BRE,NBE
BRE,VIE
BRE,IST
BRE,ADB
BRI,CGN
BRI,STR
BRI,TXL
BRI,LIN
BRI,FCO
BRI,TRN
BRI,CTA
BRI,PMO
BRI,MUC
BRI,BGY
BRI,BLQ
BRI,BVA
BRI,CAG
BRI,CIA
BRI,CRL
BRI,FKB
BRI,GOA
BRI,HHN
BRI,MLA
BRI,NRN
BRI,PSA
BRI,STN
BRI,TRS
BRI,TSF
BRI,TIA
BRI,LGW
BRI,MXP
BRI,VCE
BRI,VRN
BRI,BUD
BRI,OTP
BRI,PRG
BRL,ORD
BRL,STL
BRM,CUR
BRM,CCS
BRN,AMS
BRN,BCN
BRN,CGN
BRN,HAM
BRN,LCY
BRN,MUC
BRN,PMI
BRN,TXL
BRN,VIE
BRO,DFW
BRO,IAH
BRQ,STN
BRQ,EIN
BRQ,LTN
BRR,GLA
BRS,CDG
BRS,AMS
BRS,JER
BRS,ABZ
BRS,FRA
BRS,HAJ
BRS,HAM
BRS,MUC
BRS,MXP
BRS,DUB
BRS,ORK
BRS,ACE
BRS,AGP
BRS,ALC
BRS,BGY
BRS,BUD
BRS,BZR
BRS,CHQ
BRS,EGC
BRS,FAO
BRS,GDN
BRS,GRO
BRS,KTW
BRS,KUN
BRS,LCJ
BRS,LPA
BRS,MLA
BRS,PMI
BRS,POZ
BRS,RZE
BRS,SZZ
BRS,TFS
BRS,TSF
BRS,WMI
BRS,WRO
BRS,GCI
BRS,BRU
BRS,FUE
BRS,NBE
BRS,PFO
BRS,BCN
BRS,BFS
BRS,CPH
BRS,DLM
BRS,EDI
BRS,FCO
BRS,FNC
BRS,GLA
BRS,GVA
BRS,INV
BRS,KRK
BRS,LIS
BRS,MAD
BRS,MJV
BRS,NCE
BRS,NCL
BRS,PRG
BRS,PSA
BRS,SXF
BRS,TLS
BRU,CMN
BRU,NDR
BRU,TNG
BRU,STR
BRU,BOM
BRU,DEL
BRU,EWR
BRU,YYZ
BRU,ATH
BRU,LYS
BRU,NTE
BRU,LHR
BRU,BJM
BRU,COO
BRU,DKR
BRU,DLA
BRU,KGL
BRU,LAD
BRU,OUA
BRU,YUL
BRU,JFK
BRU,ALG
BRU,AGA
BRU,RAK
BRU,HEL
BRU,LIS
BRU,FCO
BRU,LIN
BRU,BLL
BRU,EDI
BRU,EMA
BRU,RIX
BRU,VNO
BRU,ACE
BRU,LEI
BRU,LPA
BRU,SPC
BRU,TFS
BRU,DUB
BRU,ORK
BRU,CDG
BRU,AUH
BRU,SOF
BRU,BCN
BRU,BIO
BRU,CPH
BRU,GVA
BRU,MAD
BRU,MXP
BRU,PEK
BRU,TXL
BRU,AGP
BRU,ALC
BRU,VLC
BRU,LJU
BRU,BEG
BRU,AMS
BRU,MLA
BRU,ABJ
BRU,FNA
BRU,FRA
BRU,HAJ
BRU,HAM
BRU,IAD
BRU,MUC
BRU,NSI
BRU,WAW
BRU,BSL
BRU,ZRH
BRU,TLV
BRU,TIA
BRU,BEY
BRU,CAI
BRU,PRG
BRU,VIE
BRU,ZAG
BRU,TLL
BRU,AYT
BRU,SAW
BRU,KBP
BRU,DOH
BRU,OTP
BRU,ARN
BRU,OSL
BRU,BHX
BRU,BKK
BRU,BLQ
BRU,BMA
BRU,BRS
BRU,BUD
BRU,DME
BRU,FIH
BRU,GOT
BRU,MAN
BRU,MRS
BRU,NCE
BRU,OPO
BRU,ORD
BRU,PHL
BRU,SXB
BRU,TLS
BRU,TRN
BRU,VCE
BRU,SVO
BRU,IST
BRU,DJE
BRU,MIR
BRU,TUN
BRU,SXF
BRW,AIN
BRW,ATK
BRW,NUI
BRW,PIZ
BRW,ANC
BRW,FAI
BRW,SCC
BSA,BBO
BSA,GLK
BSB,MIA
BSB,AUX
BSB,BRA
BSB,CNF
BSB,GRU
BSB,MAB
BSB,PMW
BSB,UDI
BSB,VCP
BSB,EZE
BSB,PTY
BSB,BEL
BSB,CGB
BSB,CGH
BSB,CGR
BSB,CWB
BSB,FOR
BSB,GIG
BSB,GYN
BSB,IMP
BSB,JPA
BSB,MAO
BSB,MCZ
BSB,NAT
BSB,POA
BSB,PVH
BSB,RBR
BSB,REC
BSB,SDU
BSB,SLZ
BSB,SSA
BSB,THE
BSB,VIX
BSB,FLN
BSB,LIS
BSB,AJU
BSB,IOS
BSB,JDO
BSB,PNZ
BSB,OPS
BSB,RAO
BSB,SJP
BSC,EOH
BSD,KMG
BSG,COO
BSG,SSG
BSK,ALG
BSK,ORY
BSL,HRG
BSL,LHR
BSL,LPA
BSL,TFS
BSL,AMS
BSL,CDG
BSL,DUS
BSL,FRA
BSL,HAM
BSL,MUC
BSL,BCN
BSL,BRU
BSL,IST
BSL,LCY
BSL,PRG
BSL,VIE
BSL,SAW
BSL,AGP
BSL,ALC
BSL,AYT
BSL,BOD
BSL,BUD
BSL,CPH
BSL,DRS
BSL,EDI
BSL,FCO
BSL,FUE
BSL,KRK
BSL,LGW
BSL,LIS
BSL,MAD
BSL,MAN
BSL,NAP
BSL,NCE
BSL,NTE
BSL,OPO
BSL,PMI
BSL,PRN
BSL,RAK
BSL,SCQ
BSL,SXF
BSL,TLS
BSL,TLV
BSL,VCE
BSL,BVC
BSL,ADB
BSO,MNL
BSR,DXB
BSR,AUH
BSR,SHJ
BSR,DOH
BSR,AMM
BSR,IST
BTC,CMB
BTH,SZB
BTH,CGK
BTH,PKU
BTH,BDO
BTH,BKS
BTH,DJB
BTH,JOG
BTH,NTX
BTH,PDG
BTH,PGK
BTH,PLM
BTH,SRG
BTH,SUB
BTI,FAI
BTI,SCC
BTJ,KUL
BTJ,PEN
BTJ,CGK
BTK,IKT
BTK,ULK
BTK,VKO
BTK,DME
BTM,SLC
BTR,DFW
BTR,IAH
BTR,CLT
BTS,OSL
BTS,AHO
BTS,BGY
BTS,BHX
BTS,CIA
BTS,CRL
BTS,DUB
BTS,EDI
BTS,LPL
BTS,LTN
BTS,PMI
BTS,STN
BTS,IEV
BTS,KSC
BTT,AKP
BTT,CXF
BTT,AET
BTT,FAI
BTU,KCH
BTU,KUL
BTU,BKI
BTU,MYY
BTU,SBW
BTV,JFK
BTV,DTW
BTV,LGA
BTV,CLE
BTV,EWR
BTV,IAD
BTV,ORD
BTV,DCA
BTV,PHL
BUA,LAE
BUA,POM
BUA,RAB
BUC,DMD
BUC,ONG
BUD,CGN
BUD,HAM
BUD,STR
BUD,ATH
BUD,LHR
BUD,TXL
BUD,CDG
BUD,HEL
BUD,FCO
BUD,BEG
BUD,MSQ
BUD,RIX
BUD,ARN
BUD,CPH
BUD,OSL
BUD,DUB
BUD,ALC
BUD,BCN
BUD,BGY
BUD,BLL
BUD,BRS
BUD,BVA
BUD,CIA
BUD,CRL
BUD,EIN
BUD,MAD
BUD,MAN
BUD,NYO
BUD,PFO
BUD,PSA
BUD,STN
BUD,TMP
BUD,TSF
BUD,WMI
BUD,RTM
BUD,AMS
BUD,DUS
BUD,FRA
BUD,MUC
BUD,WAW
BUD,EDI
BUD,EMA
BUD,ZRH
BUD,TLV
BUD,CAI
BUD,PRG
BUD,VIE
BUD,DOH
BUD,ZAG
BUD,OTP
BUD,BRU
BUD,SVO
BUD,IST
BUD,LIS
BUD,BSL
BUD,GVA
BUD,LGW
BUD,LTN
BUD,SXF
BUD,BRI
BUD,DTM
BUD,DWC
BUD,GSE
BUD,GYD
BUD,HHN
BUD,IEV
BUD,LCA
BUD,MLA
BUD,MMX
BUD,MXP
BUD,NAP
BUD,SAW
BUD,TGM
BUD,VKO
BUF,ORD
BUF,BOS
BUF,FLL
BUF,JFK
BUF,MCO
BUF,RSW
BUF,DTW
BUF,LGA
BUF,MSP
BUF,BWI
BUF,MDW
BUF,SAT
BUF,TPA
BUF,CLE
BUF,CLT
BUF,EWR
BUF,IAD
BUF,PHL
BUF,DCA
BUF,LAS
BUF,PHX
BUL,POM
BUN,BOG
BUQ,JNB
BUR,PDX
BUR,SEA
BUR,JFK
BUR,SLC
BUR,DEN
BUR,SMF
BUR,IPL
BUR,SFO
BUR,PHX
BUR,LAS
BUR,OAK
BUR,SJC
BUS,DME
BUS,TBS
BUS,MSQ
BUS,SAW
BUS,IST
BUW,UPG
BUX,BNC
BUX,IRP
BUZ,THR
BUZ,DXB
BUZ,MHD
BUZ,SYZ
BVA,KIV
BVA,AGP
BVA,AHO
BVA,ALC
BVA,BCN
BVA,BGY
BVA,BLQ
BVA,BRI
BVA,BUD
BVA,BZR
BVA,CAG
BVA,CCF
BVA,CIA
BVA,DUB
BVA,EDI
BVA,FAO
BVA,FEZ
BVA,GRO
BVA,GSE
BVA,KRK
BVA,MAD
BVA,MAN
BVA,MRS
BVA,NDR
BVA,NYO
BVA,OPO
BVA,OUD
BVA,PIK
BVA,PMI
BVA,PSA
BVA,PSR
BVA,RAK
BVA,RBA
BVA,RYG
BVA,SDR
BVA,SVQ
BVA,TFS
BVA,TNG
BVA,TPS
BVA,TRS
BVA,TSF
BVA,VLC
BVA,VNO
BVA,WMI
BVA,WRO
BVA,ZAZ
BVA,RZE
BVA,BEG
BVA,CLJ
BVA,GDN
BVA,KTW
BVA,OTP
BVA,POZ
BVA,SOF
BVA,TGM
BVA,TSR
BVA,WAW
BVB,MAO
BVC,SID
BVC,BHX
BVC,LGW
BVC,MAN
BVC,LIS
BVC,RAI
BVC,LPA
BVE,ORY
BVE,LCY
BVG,BJF
BVG,HFT
BVG,MEH
BVG,VDS
BVH,CGB
BVI,BEU
BVI,WNR
BVV,UUS
BWA,KTM
BWI,DFW
BWI,JFK
BWI,LHR
BWI,MIA
BWI,ORD
BWI,YYZ
BWI,BOS
BWI,CVG
BWI,DTW
BWI,MSP
BWI,RDU
BWI,SLC
BWI,PHL
BWI,PUJ
BWI,ABQ
BWI,ALB
BWI,AUA
BWI,AUS
BWI,BDL
BWI,BHM
BWI,BNA
BWI,BUF
BWI,CHS
BWI,CLE
BWI,CLT
BWI,CMH
BWI,CUN
BWI,DAY
BWI,DEN
BWI,ECP
BWI,FLL
BWI,FNT
BWI,GRR
BWI,GSP
BWI,HOU
BWI,IND
BWI,ISP
BWI,JAX
BWI,LAS
BWI,LAX
BWI,LIT
BWI,MBJ
BWI,MCI
BWI,MCO
BWI,MDW
BWI,MEM
BWI,MHT
BWI,MKE
BWI,NAS
BWI,OKC
BWI,ORF
BWI,PBI
BWI,PHX
BWI,PIT
BWI,PVD
BWI,PWM
BWI,RNO
BWI,ROC
BWI,RSW
BWI,SAN
BWI,SAT
BWI,SDF
BWI,STL
BWI,TPA
BWI,MYR
BWI,EWR
BWI,IAH
BWI,SFO
BWI,SJU
BWN,MNL
BWN,KUL
BWN,BKI
BWN,BKK
BWN,CGK
BWN,DXB
BWN,HKG
BWN,KCH
BWN,MEL
BWN,PVG
BWN,SIN
BWN,SUB
BWT,KNS
BWT,LST
BWT,MEL
BXB,SOQ
BXR,THR
BXU,CEB
BXU,MNL
BYC,SRZ
BYC,TJA
BYM,HAV
BYN,LTI
BYN,ULN
BYO,VCP
BZE,BCV
BZE,CUK
BZE,DGA
BZE,FRS
BZE,PLJ
BZE,RTB
BZE,SAP
BZE,SPR
BZE,SQS
BZE,TZA
BZE,DFW
BZE,MIA
BZE,SAL
BZE,IAH
BZE,CLT
BZG,BHX
BZG,DUB
BZG,GRO
BZG,NRN
BZG,PIK
BZG,STN
BZG,WAW
BZN,SEA
BZN,MSP
BZN,SLC
BZN,DEN
BZN,AZA
BZN,LAS
BZN,ORD
BZO,FCO
BZR,BRS
BZR,BVA
BZR,LTN
BZR,MAN
BZR,NYO
BZV,CDG
BZV,CMN
BZV,PNR
BZV,BGF
BZV,LAD
BZV,ADD
BZV,DLA
BZV,LBV
BZV,FIH
BZV,NBO
BZV,COO
BZV,OLL
BZV,JNB
BZV,KGL
CAB,LAD
CAB,SZA
CAC,CWB
CAC,VCP
CAE,DFW
CAE,DTW
CAE,LGA
CAE,EWR
CAE,IAD
CAE,IAH
CAE,ORD
CAE,CLT
CAE,DCA
CAE,PHL
CAG,FCO
CAG,LIN
CAG,BGY
CAG,BRI
CAG,BVA
CAG,CIA
CAG,CRL
CAG,CUF
CAG,EDI
CAG,GOA
CAG,GRO
CAG,HHN
CAG,KRK
CAG,KUN
CAG,LGW
CAG,MRS
CAG,NRN
CAG,PMF
CAG,PSA
CAG,RYG
CAG,TPS
CAG,TSF
CAG,BLQ
CAG,NAP
CAG,TRN
CAG,VRN
CAG,MXP
CAG,STN
CAH,SGN
CAI,TLV
CAI,BEN
CAI,MRA
CAI,TIP
CAI,ATH
CAI,CDG
CAI,ALG
CAI,BOM
CAI,CMN
CAI,RUH
CAI,FCO
CAI,MXP
CAI,LHR
CAI,CAN
CAI,PEK
CAI,DXB
CAI,ADD
CAI,ARN
CAI,AUH
CAI,BAH
CAI,ADE
CAI,FRA
CAI,HOD
CAI,RIY
CAI,SAH
CAI,TAI
CAI,KWI
CAI,AMS
CAI,MUC
CAI,SEB
CAI,GVA
CAI,ZRH
CAI,ASW
CAI,ATZ
CAI,HBE
CAI,HMB
CAI,HRG
CAI,LXR
CAI,SSH
CAI,KRT
CAI,BEY
CAI,BKK
CAI,ABV
CAI,ACC
CAI,AHB
CAI,AMM
CAI,ASM
CAI,BCN
CAI,BGW
CAI,BRU
CAI,BUD
CAI,CPH
CAI,DAR
CAI,DME
CAI,DMM
CAI,DOH
CAI,EBB
CAI,EBL
CAI,ELQ
CAI,IST
CAI,JED
CAI,JFK
CAI,JNB
CAI,JUB
CAI,KAN
CAI,LCA
CAI,LOS
CAI,MAD
CAI,MAN
CAI,MCT
CAI,MED
CAI,MLA
CAI,NBO
CAI,RMF
CAI,SHJ
CAI,SXF
CAI,TUN
CAI,VIE
CAI,YYZ
CAI,TIF
CAI,TUU
CAI,YNB
CAI,RKT
CAI,PZU
CAI,SVO
CAJ,PZO
CAK,DTW
CAK,BOS
CAK,LGA
CAK,MCO
CAK,RSW
CAK,TPA
CAK,ORD
CAK,CLT
CAK,DCA
CAK,PHL
CAK,DEN
CAL,GLA
CAN,SIN
CAN,CKG
CAN,CTU
CAN,SPN
CAN,MNL
CAN,RGN
CAN,SHA
CAN,SJW
CAN,CDG
CAN,SHE
CAN,WUH
CAN,BKI
CAN,KUL
CAN,RMQ
CAN,TSN
CAN,KHH
CAN,TPE
CAN,ADD
CAN,BAV
CAN,CAI
CAN,CGO
CAN,CGQ
CAN,CZX
CAN,DAX
CAN,GYS
CAN,HAK
CAN,HET
CAN,HGH
CAN,HRB
CAN,IST
CAN,JDZ
CAN,JJN
CAN,KHN
CAN,KMG
CAN,KWE
CAN,LZO
CAN,NKG
CAN,NRT
CAN,PEK
CAN,PVG
CAN,TAO
CAN,TNA
CAN,WNZ
CAN,WUS
CAN,WUX
CAN,WXN
CAN,XIY
CAN,YBP
CAN,YCU
CAN,YNT
CAN,HKG
CAN,ACX
CAN,AKL
CAN,AMS
CAN,AQG
CAN,AVA
CAN,BFJ
CAN,BHY
CAN,BKK
CAN,BNE
CAN,CGD
CAN,CGK
CAN,CIH
CAN,CSX
CAN,DAC
CAN,DAD
CAN,DEL
CAN,DIG
CAN,DLC
CAN,DPS
CAN,DXB
CAN,DYG
CAN,FOC
CAN,FUG
CAN,FUK
CAN,HAN
CAN,HDG
CAN,HFE
CAN,HJJ
CAN,HKT
CAN,HZH
CAN,ICN
CAN,JGS
CAN,JIQ
CAN,JIU
CAN,JNG
CAN,JUH
CAN,KIX
CAN,KOW
CAN,KTM
CAN,KWL
CAN,LAX
CAN,LHR
CAN,LHW
CAN,LLB
CAN,LYA
CAN,LYG
CAN,MEL
CAN,MIG
CAN,MLE
CAN,MXZ
CAN,NAO
CAN,NGB
CAN,NNG
CAN,NNY
CAN,PEN
CAN,PER
CAN,PNH
CAN,REP
CAN,SGN
CAN,SVO
CAN,SWA
CAN,SYD
CAN,SYX
CAN,TEN
CAN,TXN
CAN,TYN
CAN,URC
CAN,WEH
CAN,XFN
CAN,XMN
CAN,XUZ
CAN,YIH
CAN,YIW
CAN,YNZ
CAN,YTY
CAN,YVR
CAN,ZHA
CAN,ZYI
CAN,DMK
CAN,AEB
CAN,DOY
CAN,TVS
CAN,WEF
CAN,LJG
CAN,NAY
CAN,HIA
CAN,HYN
CAN,LUM
CAN,PUS
CAN,DOH
CAN,VTE
CAN,JED
CAN,RUH
CAP,PAP
CAP,PLS
CAW,MEA
CAW,SDU
CAW,VIX
CAY,FDF
CAY,ORY
CAY,BEL
CAY,PBM
CAZ,SYD
CBB,TDD
CBB,CIJ
CBB,LPB
CBB,SRE
CBB,TJA
CBB,VVI
CBG,GVA
CBG,MXP
CBG,AMS
CBG,CDG
CBO,MNL
CBQ,ABV
CBQ,LOS
CBR,BNE
CBR,MEL
CBR,SYD
CBR,NTL
CBR,ADL
CBR,PER
CBR,OOL
CBS,CCS
CBT,LAD
CBT,VPE
CCC,HAV
CCC,YUL
CCC,YYZ
CCC,CFG
CCC,MAN
CCF,BOH
CCF,BVA
CCF,CRL
CCF,DUB
CCF,EIN
CCF,EMA
CCF,LPL
CCF,STN
CCJ,AUH
CCJ,BOM
CCJ,CJB
CCJ,COK
CCJ,DXB
CCJ,JED
CCJ,RUH
CCJ,SHJ
CCJ,AAN
CCJ,BAH
CCJ,DMM
CCJ,DOH
CCJ,IXE
CCJ,MCT
CCJ,SLL
CCJ,RKT
CCJ,BLR
CCJ,MAA
CCK,XCH
CCM,VCP
CCM,FLN
CCP,PMC
CCP,SCL
CCP,ZAL
CCP,ZCO
CCS,AUA
CCS,CUR
CCS,BLA
CCS,BNS
CCS,MAR
CCS,MRD
CCS,PMV
CCS,PZO
CCS,VLV
CCS,DFW
CCS,JFK
CCS,MIA
CCS,SJU
CCS,YYZ
CCS,CDG
CCS,MEX
CCS,EZE
CCS,BOG
CCS,MUN
CCS,FCO
CCS,POS
CCS,MDE
CCS,PTY
CCS,HAV
CCS,GRU
CCS,PUJ
CCS,MAD
CCS,GYE
CCS,LIM
CCS,SCL
CCS,FRA
CCS,SJO
CCS,BRM
CCS,LSP
CCS,STD
CCS,TFN
CCS,FNC
CCS,LIS
CCS,OPO
CCS,IAH
CCS,CBS
CCS,CZE
CCS,PYH
CCS,SOM
CCS,SVZ
CCS,VIG
CCU,CGP
CCU,DAC
CCU,AMD
CCU,BBI
CCU,BKK
CCU,BLR
CCU,BOM
CCU,DEL
CCU,DIB
CCU,GAU
CCU,HYD
CCU,IMF
CCU,IXA
CCU,JAI
CCU,MAA
CCU,NAG
CCU,PAT
CCU,RPR
CCU,AJL
CCU,IXB
CCU,IXR
CCU,IXS
CCU,IXZ
CCU,JRH
CCU,LKO
CCU,VNS
CCU,VTZ
CCU,DMU
CCU,GAY
CCU,KTM
CCU,RGN
CCU,SHL
CCU,SIN
CCU,KUL
CCU,PBH
CCU,HKG
CCU,DXB
CCU,DMK
CCU,KMG
CCU,DOH
CCV,NUS
CCV,ULB
CCV,VLI
CDB,ANC
CDB,KFP
CDB,KVC
CDB,NLG
CDC,SLC
CDG,ATH
CDG,TBS
CDG,DFW
CDG,JFK
CDG,KUL
CDG,LHR
CDG,MIA
CDG,ORD
CDG,VIE
CDG,YUL
CDG,YYZ
CDG,ABJ
CDG,ABV
CDG,ABZ
CDG,AGP
CDG,ALG
CDG,AMM
CDG,AMS
CDG,ARN
CDG,AUH
CDG,BCN
CDG,BEG
CDG,BES
CDG,BEY
CDG,BGF
CDG,BHX
CDG,BIO
CDG,BKK
CDG,BKO
CDG,BLL
CDG,BLQ
CDG,BLR
CDG,BOD
CDG,BOG
CDG,BOM
CDG,BOS
CDG,BRE
CDG,BRS
CDG,BSL
CDG,BUD
CDG,BZV
CDG,CAI
CDG,CAN
CDG,CCS
CDG,CFE
CDG,CGN
CDG,CKY
CDG,CMN
CDG,COO
CDG,CPH
CDG,CPT
CDG,CUN
CDG,CVG
CDG,CWL
CDG,DEL
CDG,DKR
CDG,DLA
CDG,DTW
CDG,DUB
CDG,DUS
CDG,DXB
CDG,EDI
CDG,EMA
CDG,EVN
CDG,EWR
CDG,EXT
CDG,EZE
CDG,FCO
CDG,FIH
CDG,FLR
CDG,FRA
CDG,GIG
CDG,GOA
CDG,GOT
CDG,GRU
CDG,GVA
CDG,GYD
CDG,HAJ
CDG,HAM
CDG,HAN
CDG,HAV
CDG,HEL
CDG,HKG
CDG,HND
CDG,IAD
CDG,IAH
CDG,ICN
CDG,IST
CDG,JED
CDG,JIB
CDG,JNB
CDG,KBP
CDG,KIX
CDG,LAD
CDG,LAX
CDG,LBV
CDG,LCA
CDG,LED
CDG,LFW
CDG,LIM
CDG,LIN
CDG,LIS
CDG,LJU
CDG,LOS
CDG,LUX
CDG,LYS
CDG,MAD
CDG,MAN
CDG,MEX
CDG,MPL
CDG,MRS
CDG,MRU
CDG,MSP
CDG,MUC
CDG,NAP
CDG,NBO
CDG,NCE
CDG,NCL
CDG,NDJ
CDG,NIM
CDG,NKC
CDG,NRT
CDG,NSI
CDG,NTE
CDG,NUE
CDG,OSL
CDG,OTP
CDG,OUA
CDG,PEK
CDG,PNR
CDG,PRG
CDG,PSA
CDG,PUF
CDG,PUJ
CDG,PVG
CDG,RBA
CDG,RIX
CDG,RNS
CDG,ROB
CDG,RUH
CDG,SCL
CDG,SEA
CDG,SFO
CDG,SGN
CDG,SIN
CDG,SLC
CDG,SOF
CDG,STR
CDG,SVO
CDG,SXM
CDG,TLS
CDG,TLV
CDG,TNR
CDG,TRN
CDG,TUN
CDG,TXL
CDG,VCE
CDG,VGO
CDG,VLC
CDG,VRN
CDG,WAW
CDG,WUH
CDG,ZAG
CDG,ZRH
CDG,MSQ
CDG,TPE
CDG,ORK
CDG,ADD
CDG,BRU
CDG,CBG
CDG,LEJ
CDG,KEF
CDG,DJE
CDG,SFA
CDG,BAH
CDG,TAS
CDG,MLA
CDG,LBA
CDG,ISB
CDG,LHE
CDG,MXP
CDG,DOH
CDG,BIA
CDG,FDF
CDG,LPA
CDG,PTP
CDG,JER
CDG,SAW
CDG,AGA
CDG,BFS
CDG,BIQ
CDG,CTA
CDG,FEZ
CDG,GLA
CDG,KRK
CDG,LPL
CDG,LTN
CDG,OPO
CDG,RAK
CDG,TNG
CDG,CMB
CDG,PHL
CDG,RUN
CDG,VXE
CDG,MCT
CDG,TGD
CDG,ORN
CDJ,CMP
CDR,DEN
CDR,PIR
CDV,ANC
CDV,YAK
CEB,BCD
CEB,BXU
CEB,CGY
CEB,DVO
CEB,HKG
CEB,ILO
CEB,MNL
CEB,MPH
CEB,OZC
CEB,PPS
CEB,TAC
CEB,USU
CEB,ZAM
CEB,CGM
CEB,CRK
CEB,DGT
CEB,DPL
CEB,GES
CEB,IAO
CEB,ICN
CEB,LGP
CEB,MBT
CEB,PAG
CEB,PUS
CEB,SIN
CEB,SUG
CEB,NRT
CEB,POM
CEC,ACV
CEC,SFO
CED,ADL
CEE,DME
CEE,HEL
CEE,LED
CEE,MMK
CEE,MSQ
CEE,SVX
CEE,VKO
CEE,VUS
CEI,DMK
CEI,KMG
CEI,BKK
CEK,KZN
CEK,OVB
CEK,LED
CEK,GYD
CEK,FRU
CEK,OSS
CEK,DME
CEK,DYU
CEK,EVN
CEK,LBD
CEK,SVO
CEK,DXB
CEK,GOJ
CEK,NMA
CEK,PEK
CEK,TAS
CEM,IRC
CEN,MEX
CEN,GDL
CEN,HMO
CEN,TIJ
CEZ,DEN
CFB,PLU
CFB,VCP
CFB,SDU
CFC,CWB
CFC,JCB
CFE,AMS
CFE,LYS
CFE,NCE
CFE,CDG
CFE,ORY
CFE,CRL
CFE,OPO
CFG,HAV
CFG,YUL
CFG,YYZ
CFK,MRS
CFN,DUB
CFN,GLA
CFR,LYS
CFR,ORY
CFS,BNE
CFS,SYD
CFS,MEL
CFU,SKG
CFU,ATH
CFU,NRN
CFU,STN
CFU,PVK
CFU,LGW
CFU,MAN
CGA,HYL
CGA,KLW
CGA,KTN
CGB,AFL
CGB,BVH
CGB,CGR
CGB,CNF
CGB,GRU
CGB,GYN
CGB,IGU
CGB,LDB
CGB,MGF
CGB,OAL
CGB,OPS
CGB,PVH
CGB,ROO
CGB,SJP
CGB,VCP
CGB,BSB
CGB,CGH
CGB,GIG
CGB,JPR
CGD,KMG
CGD,SHA
CGD,CAN
CGD,PEK
CGD,SZX
CGH,SDU
CGH,BSB
CGH,CGB
CGH,CGR
CGH,CNF
CGH,CWB
CGH,CXJ
CGH,FLN
CGH,GIG
CGH,GYN
CGH,JOI
CGH,JTC
CGH,LDB
CGH,MGF
CGH,NVT
CGH,POA
CGH,PPB
CGH,SSA
CGH,UDI
CGH,VIX
CGH,BPS
CGH,IGU
CGH,IOS
CGH,RAO
CGH,SJP
CGI,STL
CGK,NNG
CGK,MNL
CGK,KUL
CGK,BKI
CGK,AUH
CGK,BWN
CGK,TPE
CGK,XMN
CGK,HKG
CGK,CAN
CGK,DXB
CGK,PER
CGK,AMQ
CGK,BDJ
CGK,BKK
CGK,BKS
CGK,BPN
CGK,BTH
CGK,BTJ
CGK,DJB
CGK,DPS
CGK,ICN
CGK,JED
CGK,JOG
CGK,KIX
CGK,LOP
CGK,MDC
CGK,MEL
CGK,MLG
CGK,NRT
CGK,PDG
CGK,PEK
CGK,PGK
CGK,PKU
CGK,PKY
CGK,PLM
CGK,PNK
CGK,PVG
CGK,SIN
CGK,SOC
CGK,SRG
CGK,SUB
CGK,SYD
CGK,TJQ
CGK,TKG
CGK,TNJ
CGK,TTE
CGK,UPG
CGK,DJJ
CGK,PKN
CGK,KDI
CGK,KOE
CGK,PLW
CGK,TRK
CGK,FOC
CGK,CMB
CGK,KTG
CGK,DOH
CGK,DMK
CGK,HKT
CGK,JHB
CGK,PEN
CGK,RUH
CGK,SGN
CGM,CEB
CGN,BCN
CGN,BLQ
CGN,BRI
CGN,BUD
CGN,CTA
CGN,DRS
CGN,EDI
CGN,ESB
CGN,FCO
CGN,FDH
CGN,FUE
CGN,HAM
CGN,KLU
CGN,LEJ
CGN,LHR
CGN,LIS
CGN,LPA
CGN,MAN
CGN,MXP
CGN,NAP
CGN,NCE
CGN,NDR
CGN,PMI
CGN,PMO
CGN,PRG
CGN,RAK
CGN,RLG
CGN,SAW
CGN,SJJ
CGN,SKG
CGN,SPU
CGN,STN
CGN,SZG
CGN,TFS
CGN,TLV
CGN,TUN
CGN,TXL
CGN,VCE
CGN,VIE
CGN,VKO
CGN,XRY
CGN,ZAG
CGN,ZRH
CGN,ACE
CGN,AGP
CGN,HRG
CGN,MUC
CGN,SSH
CGN,CDG
CGN,AMS
CGN,AYT
CGN,ALC
CGN,OSL
CGN,FAO
CGN,GRO
CGN,IKA
CGN,ADA
CGN,ADB
CGN,ASR
CGN,BRN
CGN,IST
CGN,LGW
CGN,DME
CGN,GDN
CGN,KTW
CGN,IEV
CGN,FNC
CGO,CGQ
CGO,CKG
CGO,CTU
CGO,HET
CGO,HGH
CGO,HRB
CGO,KMG
CGO,URC
CGO,LJG
CGO,RMQ
CGO,TPE
CGO,KHH
CGO,CAN
CGO,DLC
CGO,HAK
CGO,KWE
CGO,KWL
CGO,LHW
CGO,MFM
CGO,MIG
CGO,NNG
CGO,PEK
CGO,SHE
CGO,SYX
CGO,SZX
CGO,TAO
CGO,TNA
CGO,TSN
CGO,XMN
CGO,YNT
CGO,HKG
CGO,BAV
CGO,BHY
CGO,BKK
CGO,DSN
CGO,FOC
CGO,HMI
CGO,INC
CGO,NNY
CGO,PVG
CGO,SHA
CGO,UYN
CGO,WNZ
CGO,YIW
CGO,ZUH
CGO,DOY
CGO,HFE
CGO,KHN
CGO,SWA
CGO,TXN
CGO,KRL
CGO,ICN
CGO,XNN
CGO,NGB
CGO,NKG
CGP,CCU
CGP,DAC
CGP,MCT
CGP,AUH
CGP,DXB
CGP,JED
CGP,SHJ
CGQ,CGO
CGQ,NKG
CGQ,TNA
CGQ,TSN
CGQ,PVG
CGQ,CAN
CGQ,CTU
CGQ,PEK
CGQ,SZX
CGQ,TAO
CGQ,WEH
CGQ,WUH
CGQ,YNT
CGQ,CJU
CGQ,CKG
CGQ,CSX
CGQ,HET
CGQ,HGH
CGQ,ICN
CGQ,KHN
CGQ,NBS
CGQ,NGO
CGQ,NRT
CGQ,RMQ
CGQ,TPE
CGQ,TYN
CGQ,YNJ
CGQ,FOC
CGQ,SJW
CGQ,NAY
CGQ,CZX
CGQ,NGB
CGQ,DSN
CGQ,XIY
CGR,CGB
CGR,CMG
CGR,VCP
CGR,BSB
CGR,CGH
CGR,GIG
CGR,GRU
CGR,MGF
CGR,CWB
CGY,CEB
CGY,DVO
CGY,MNL
CGY,BCD
CGY,ILO
CGY,ZAM
CHA,DFW
CHA,ORD
CHA,DTW
CHA,PIE
CHA,SFB
CHA,CLT
CHA,DCA
CHC,SYD
CHC,AKL
CHC,MEL
CHC,OOL
CHC,WLG
CHC,BHE
CHC,BNE
CHC,DUD
CHC,HKK
CHC,HLZ
CHC,IVC
CHC,NPE
CHC,NPL
CHC,NSN
CHC,PMR
CHC,PPQ
CHC,ROT
CHC,TRG
CHC,ZQN
CHC,SIN
CHG,PEK
CHG,DLC
CHO,ORD
CHO,LGA
CHO,CLT
CHO,IAD
CHO,PHL
CHQ,ATH
CHQ,SKG
CHQ,BRS
CHQ,FMM
CHQ,NRN
CHQ,NYO
CHQ,PFO
CHQ,PIK
CHQ,RYG
CHQ,STN
CHQ,WMI
CHQ,WRO
CHS,DFW
CHS,MIA
CHS,BOS
CHS,JFK
CHS,LGA
CHS,BWI
CHS,MCO
CHS,MDW
CHS,PHX
CHS,CLT
CHS,EWR
CHS,IAD
CHS,IAH
CHS,ORD
CHS,DCA
CHS,PHL
CHS,BNA
CHS,HOU
CHU,CKD
CHX,BOC
CHY,GZO
CIA,AGP
CIA,AHO
CIA,BCN
CIA,BDS
CIA,BGY
CIA,BLL
CIA,BOD
CIA,BRE
CIA,BRI
CIA,BTS
CIA,BUD
CIA,BVA
CIA,CAG
CIA,CIY
CIA,CRL
CIA,CRV
CIA,CUF
CIA,DUB
CIA,EDI
CIA,EIN
CIA,EMA
CIA,FEZ
CIA,FKB
CIA,FMM
CIA,GSE
CIA,HHN
CIA,KRK
CIA,LEJ
CIA,MAD
CIA,MAN
CIA,MRS
CIA,NRN
CIA,NYO
CIA,OPO
CIA,PFO
CIA,PIK
CIA,POZ
CIA,RAK
CIA,RYG
CIA,SDR
CIA,SKG
CIA,STN
CIA,SVQ
CIA,TPS
CIA,VLC
CIA,VNO
CIA,WMI
CIA,WRO
CIA,CLJ
CIA,KIV
CIA,KTW
CIA,OTP
CIA,TGM
CIA,TSR
CIC,SFO
CID,DFW
CID,ORD
CID,DTW
CID,MSP
CID,DEN
CID,AZA
CID,LAS
CID,PIE
CID,SFB
CIF,PEK
CIF,BAV
CIF,DLC
CIF,HET
CIF,HLD
CIF,SHE
CIF,TSN
CIF,XIL
CIF,NAY
CIF,HRB
CIF,NKG
CIH,CTU
CIH,CAN
CIH,DAT
CIH,PEK
CIH,SHA
CIH,HAK
CIH,TSN
CIH,NAY
CIH,FOC
CIH,TYN
CIH,WUH
CIJ,TDD
CIJ,CBB
CIJ,LPB
CIJ,VVI
CIK,FAI
CIK,FYU
CIP,LUN
CIT,ALA
CIT,DME
CIT,KOV
CIT,SCO
CIT,TSE
CIT,OVB
CIT,VKO
CIU,DTW
CIX,LIM
CIY,CIA
CIY,CRL
CIY,STN
CIZ,MAO
CJA,LIM
CJB,BOM
CJB,DEL
CJB,HYD
CJB,MAA
CJB,BLR
CJB,CCJ
CJB,SHJ
CJB,SIN
CJC,CPO
CJC,LSC
CJC,SCL
CJJ,DYG
CJJ,CJU
CJJ,HGH
CJL,ISB
CJL,PEW
CJM,DMK
CJS,MEX
CJS,CUU
CJS,GDL
CJS,HMO
CJS,MTY
CJS,TIJ
CJS,CUN
CJU,CJJ
CJU,GMP
CJU,PUS
CJU,HKG
CJU,CGQ
CJU,DLC
CJU,SHE
CJU,TPE
CJU,PVG
CJU,KIX
CJU,NRT
CJU,HIN
CJU,ICN
CJU,KUV
CJU,KWJ
CJU,NGO
CJU,PEK
CJU,RSU
CJU,TAE
CJU,USN
CJU,WJU
CJU,HGH
CJU,NGB
CJU,FUK
CJU,KPO
CJU,MWX
CKB,IAD
CKB,MGW
CKD,RDV
CKD,SLQ
CKG,CAN
CKG,CGO
CKG,CSX
CKG,CZX
CKG,DLC
CKG,DYG
CKG,HAK
CKG,HGH
CKG,HKT
CKG,INC
CKG,JHG
CKG,JZH
CKG,KHN
CKG,KMG
CKG,LHW
CKG,LJG
CKG,LXA
CKG,NGB
CKG,NKG
CKG,NNG
CKG,PEK
CKG,PVG
CKG,PZI
CKG,SWA
CKG,SYX
CKG,SZX
CKG,TNA
CKG,TSA
CKG,TSN
CKG,TYN
CKG,URC
CKG,WUH
CKG,XIY
CKG,XMN
CKG,XNN
CKG,YIH
CKG,ZHA
CKG,XUZ
CKG,LYA
CKG,SHA
CKG,SJW
CKG,HEL
CKG,TPE
CKG,HKG
CKG,ICN
CKG,KWE
CKG,KWL
CKG,MFM
CKG,TAO
CKG,WNZ
CKG,WUS
CKG,KHH
CKG,CGQ
CKG,SHE
CKG,YCU
CKG,BHY
CKG,DMK
CKG,TXN
CKG,ACX
CKG,AEB
CKG,AVA
CKG,BFJ
CKG,DOY
CKG,DSN
CKG,HDG
CKG,JIQ
CKG,WEF
CKG,XFN
CKG,XIC
CKG,ENY
CKG,NAY
CKG,HYN
CKG,YIW
CKG,FOC
CKG,SIN
CKG,HFE
CKG,NTG
CKG,WUX
CKG,ZAT
CKG,HET
CKG,ZUH
CKG,DOH
CKG,BKK
CKH,YKS
CKS,BEL
CKS,CNF
CKS,MAB
CKX,TKJ
CKY,DKR
CKY,CDG
CKY,NKC
CKY,BJL
CKY,CMN
CKY,ABJ
CKY,BKO
CKY,LFW
CLD,LAX
CLE,DFW
CLE,JFK
CLE,LGA
CLE,MIA
CLE,ORD
CLE,YYZ
CLE,DTW
CLE,MSP
CLE,DEN
CLE,PIT
CLE,BWI
CLE,MDW
CLE,TPA
CLE,ALB
CLE,AUS
CLE,BDL
CLE,BFD
CLE,BNA
CLE,BOS
CLE,BTV
CLE,BUF
CLE,CLT
CLE,CMH
CLE,CUN
CLE,DAY
CLE,DCA
CLE,DUJ
CLE,ERI
CLE,EWR
CLE,FKL
CLE,FLL
CLE,FNT
CLE,GRR
CLE,GSP
CLE,IAD
CLE,IAH
CLE,IND
CLE,JHW
CLE,LAS
CLE,LAX
CLE,MCI
CLE,MCO
CLE,MDT
CLE,MHT
CLE,MKE
CLE,MSN
CLE,OKC
CLE,PBI
CLE,PHL
CLE,PHX
CLE,PKB
CLE,PVD
CLE,PWM
CLE,RDU
CLE,RIC
CLE,ROC
CLE,RSW
CLE,SDF
CLE,SFO
CLE,STL
CLE,SYR
CLE,YUL
CLJ,OTP
CLJ,MUC
CLJ,PRG
CLJ,VIE
CLJ,BCN
CLJ,BGY
CLJ,BLQ
CLJ,BVA
CLJ,CIA
CLJ,CRL
CLJ,DTM
CLJ,EIN
CLJ,LTN
CLJ,MAD
CLJ,TSF
CLJ,VLC
CLJ,ZAZ
CLL,DFW
CLL,IAH
CLM,BFI
CLO,GPI
CLO,PUU
CLO,UIB
CLO,MIA
CLO,BAQ
CLO,BOG
CLO,CTG
CLO,GYE
CLO,MAD
CLO,MDE
CLO,PSO
CLO,SAL
CLO,TCO
CLO,ADZ
CLO,PTY
CLO,ESM
CLO,UIO
CLO,LIM
CLQ,MEX
CLQ,TIJ
CLT,CUR
CLT,DFW
CLT,LGA
CLT,MIA
CLT,ORD
CLT,YYZ
CLT,BOS
CLT,JFK
CLT,CVG
CLT,DTW
CLT,MEM
CLT,MSP
CLT,SLC
CLT,BWI
CLT,HOU
CLT,MCO
CLT,MDW
CLT,RNO
CLT,FRA
CLT,MUC
CLT,SJO
CLT,LUK
CLT,AGS
CLT,AVL
CLT,BDL
CLT,BHM
CLT,BNA
CLT,BUF
CLT,CHA
CLT,CHO
CLT,CHS
CLT,CLE
CLT,DEN
CLT,EWN
CLT,EWR
CLT,FAY
CLT,FLL
CLT,FLO
CLT,GNV
CLT,HHH
CLT,HTS
CLT,IAD
CLT,IAH
CLT,ILM
CLT,IND
CLT,JAN
CLT,JAX
CLT,LAS
CLT,LAX
CLT,MCI
CLT,MDT
CLT,MGM
CLT,MYR
CLT,OAJ
CLT,ORF
CLT,PBI
CLT,PGV
CLT,PHF
CLT,PHL
CLT,PHX
CLT,PIT
CLT,PVD
CLT,RDU
CLT,RIC
CLT,ROA
CLT,RSW
CLT,SAN
CLT,SBY
CLT,SFO
CLT,STL
CLT,TLH
CLT,TPA
CLT,TRI
CLT,TYS
CLT,VPS
CLT,ABE
CLT,ALB
CLT,ANU
CLT,AUA
CLT,AUS
CLT,AVP
CLT,BTR
CLT,BZE
CLT,CAE
CLT,CAK
CLT,CMH
CLT,CRW
CLT,CUN
CLT,CZM
CLT,DAB
CLT,DAY
CLT,DCA
CLT,DSM
CLT,EYW
CLT,FPO
CLT,GCM
CLT,GIG
CLT,GPT
CLT,GRU
CLT,GSO
CLT,GSP
CLT,HPN
CLT,HSV
CLT,LEX
CLT,LHR
CLT,LIR
CLT,LIT
CLT,LYH
CLT,MBJ
CLT,MEX
CLT,MHT
CLT,MKE
CLT,MLB
CLT,MOB
CLT,NAS
CLT,OMA
CLT,PDX
CLT,PLS
CLT,PNS
CLT,PUJ
CLT,PWM
CLT,ROC
CLT,SAT
CLT,SAV
CLT,SDF
CLT,SEA
CLT,SJD
CLT,SJU
CLT,SKB
CLT,SRQ
CLT,STT
CLT,SXM
CLT,SYR
CLT,UVF
CLT,XNA
CLT,YOW
CLT,YUL
CLV,GYN
CLV,VCP
CLY,MRS
CLY,NCE
CLY,ORY
CMA,SGO
CMA,XTG
CMB,BOM
CMB,MAA
CMB,AUH
CMB,DEL
CMB,FCO
CMB,MLE
CMB,BTC
CMB,DIW
CMB,BKK
CMB,SIN
CMB,KUL
CMB,DXB
CMB,HRI
CMB,SHJ
CMB,ICN
CMB,KWI
CMB,BAH
CMB,BLR
CMB,CGK
CMB,COK
CMB,DAC
CMB,GAY
CMB,IXM
CMB,MCT
CMB,TRV
CMB,TRZ
CMB,VNS
CMB,GAN
CMB,DOH
CMB,DMM
CMB,JED
CMB,RUH
CMB,AAN
CMB,CDG
CMB,DME
CMB,FRA
CMB,KHI
CMB,LHR
CMB,NRT
CME,MEX
CME,IAH
CMG,CGR
CMH,DFW
CMH,JFK
CMH,LAX
CMH,LGA
CMH,MIA
CMH,ORD
CMH,YYZ
CMH,BOS
CMH,DTW
CMH,MCO
CMH,MEM
CMH,MSP
CMH,RDU
CMH,TPA
CMH,TTN
CMH,BNA
CMH,BWI
CMH,FLL
CMH,MDW
CMH,PHX
CMH,RSW
CMH,STL
CMH,CLE
CMH,DEN
CMH,EWR
CMH,IAD
CMH,IAH
CMH,PHL
CMH,CLT
CMH,DCA
CMH,LAS
CMI,DFW
CMI,ORD
CMN,BCN
CMN,BGY
CMN,BLQ
CMN,BRU
CMN,CUF
CMN,LGW
CMN,LYS
CMN,MPL
CMN,SAW
CMN,TLS
CMN,VCE
CMN,TIP
CMN,CDG
CMN,ORY
CMN,ALG
CMN,ORN
CMN,ABJ
CMN,AGA
CMN,AGP
CMN,AMS
CMN,ARN
CMN,AUH
CMN,BEY
CMN,BJL
CMN,BKO
CMN,BOD
CMN,BZV
CMN,CAI
CMN,CKY
CMN,COO
CMN,CPH
CMN,DKR
CMN,DLA
CMN,EUN
CMN,FCO
CMN,FEZ
CMN,FIH
CMN,FNA
CMN,FRA
CMN,GLN
CMN,GRU
CMN,GVA
CMN,IST
CMN,JED
CMN,JFK
CMN,LAD
CMN,LBV
CMN,LFW
CMN,LHR
CMN,LIS
CMN,LPA
CMN,MAD
CMN,MRS
CMN,MXP
CMN,NCE
CMN,NDR
CMN,NIM
CMN,NKC
CMN,NSI
CMN,NTE
CMN,OUA
CMN,OUD
CMN,OXB
CMN,OZZ
CMN,RAI
CMN,RAK
CMN,RBA
CMN,ROB
CMN,SSG
CMN,SVO
CMN,SXB
CMN,TFN
CMN,TNG
CMN,TRN
CMN,TTU
CMN,TUN
CMN,TXL
CMN,VIL
CMN,VLC
CMN,YUL
CMN,ZRH
CMN,DXB
CMN,NDB
CMN,BEN
CMN,MRA
CMN,DOH
CMW,HAV
CMW,YUL
CMW,YYZ
CMX,ORD
CND,IST
CNF,MIA
CNF,AJU
CNF,ATM
CNF,BEL
CNF,BPS
CNF,BSB
CNF,CGB
CNF,CKS
CNF,CWB
CNF,FOR
CNF,GRU
CNF,GYN
CNF,IPN
CNF,JDF
CNF,MAO
CNF,MOC
CNF,POA
CNF,REC
CNF,SDU
CNF,SLZ
CNF,SSA
CNF,UBA
CNF,UDI
CNF,VCP
CNF,VDC
CNF,VIX
CNF,EZE
CNF,PTY
CNF,CGH
CNF,GIG
CNF,IOS
CNF,LIS
CNJ,ISA
CNJ,TSV
CNM,ABQ
CNP,OBY
CNP,SFJ
CNQ,AEP
CNS,BNE
CNS,POM
CNS,HKG
CNS,KIX
CNS,NRT
CNS,ADL
CNS,DRW
CNS,MEL
CNS,OOL
CNS,PER
CNS,SYD
CNS,AKL
CNS,RAB
CNS,ABM
CNS,AUU
CNS,CUQ
CNS,EDR
CNS,IRG
CNS,ISA
CNS,KWM
CNS,NTN
CNS,TSV
CNS,WEI
CNS,ASP
CNS,AYQ
CNS,GOV
CNS,HID
CNS,HTI
CNS,GUM
CNX,KUL
CNX,PEK
CNX,HKG
CNX,DMK
CNX,HGN
CNX,MAQ
CNX,UTH
CNX,HDY
CNX,HKT
CNX,MFM
CNX,TPE
CNX,PVG
CNX,REP
CNX,NNT
CNX,PHS
CNX,PYY
CNX,ICN
CNX,SIN
CNX,KMG
CNX,BKK
CNX,USM
CNX,LPQ
CNY,DEN
CNY,PRC
COD,SLC
COD,DEN
COK,BLR
COK,BOM
COK,DEL
COK,DXB
COK,HYD
COK,MAA
COK,TRV
COK,AUH
COK,DOH
COK,MCT
COK,SHJ
COK,TRZ
COK,AGX
COK,CCJ
COK,KUL
COK,BAH
COK,IXE
COK,SLL
COK,KWI
COK,SIN
COK,CMB
COK,MLE
COK,PNQ
COK,DMM
COK,RUH
COO,LFW
COO,OUA
COO,ABJ
COO,CDG
COO,LOS
COO,BSG
COO,SSG
COO,BKO
COO,DKR
COO,DLA
COO,LBV
COO,ABV
COO,ADD
COO,NIM
COO,ACC
COO,NBO
COO,BZV
COO,PNR
COQ,ULN
COQ,HLD
COQ,NZH
COR,MDZ
COR,AEP
COR,EZE
COR,JUJ
COR,SLA
COR,PTY
COR,GRU
COR,LIM
COR,SCL
COS,DFW
COS,SEA
COS,SLC
COS,LAS
COS,DEN
COS,IAD
COS,IAH
COS,LAX
COS,ORD
COS,SFO
COU,DFW
COU,ORD
CPC,AEP
CPD,ADL
CPE,MEX
CPH,LPI
CPH,SGD
CPH,ATH
CPH,LHR
CPH,DUS
CPH,TXL
CPH,VIE
CPH,AMS
CPH,VNO
CPH,WAW
CPH,YYZ
CPH,CDG
CPH,CMN
CPH,HEL
CPH,FCO
CPH,EDI
CPH,GLA
CPH,RIX
CPH,FRA
CPH,GVA
CPH,PEK
CPH,NRK
CPH,RNN
CPH,RYG
CPH,AAL
CPH,AGA
CPH,AGP
CPH,ALC
CPH,ARN
CPH,BCN
CPH,BGO
CPH,BUD
CPH,DUB
CPH,DXB
CPH,FAO
CPH,FNC
CPH,KRK
CPH,KRP
CPH,LGW
CPH,LIS
CPH,LPA
CPH,LPL
CPH,MAD
CPH,MLA
CPH,NCE
CPH,ORY
CPH,OSL
CPH,PRG
CPH,RAK
CPH,SXF
CPH,TFS
CPH,TRD
CPH,ZAG
CPH,KEF
CPH,LED
CPH,SFJ
CPH,BRU
CPH,SJJ
CPH,LJU
CPH,BEG
CPH,LUX
CPH,HAJ
CPH,HAM
CPH,MUC
CPH,STR
CPH,ZRH
CPH,CAI
CPH,TLL
CPH,AYT
CPH,SAW
CPH,LHE
CPH,DOH
CPH,FAE
CPH,AAR
CPH,ABZ
CPH,AES
CPH,BHX
CPH,BLL
CPH,BLQ
CPH,BRE
CPH,EWR
CPH,GDN
CPH,GOT
CPH,HAU
CPH,HUY
CPH,IAD
CPH,IST
CPH,KRS
CPH,LCJ
CPH,LIN
CPH,MAN
CPH,MOL
CPH,MXP
CPH,NCL
CPH,NRT
CPH,ORD
CPH,OTP
CPH,PLQ
CPH,PMI
CPH,POZ
CPH,PRN
CPH,PVG
CPH,SFO
CPH,SIN
CPH,SVG
CPH,SVO
CPH,TKU
CPH,TLV
CPH,TRF
CPH,VCE
CPH,WRO
CPH,BKK
CPH,HKT
CPH,BRS
CPH,BSL
CPH,STN
CPO,CJC
CPO,LSC
CPO,SCL
CPR,SLC
CPR,LAS
CPR,DEN
CPT,LHR
CPT,CDG
CPT,AMS
CPT,DUR
CPT,JNB
CPT,PLZ
CPT,GBE
CPT,MUB
CPT,FRA
CPT,LAD
CPT,DXB
CPT,BFN
CPT,HLA
CPT,MUC
CPT,ZRH
CPT,MRU
CPT,ELS
CPT,GRJ
CPT,HDS
CPT,KIM
CPT,MPM
CPT,MQP
CPT,UTN
CPT,WDH
CPT,WVB
CPV,REC
CPV,SSA
CQD,MHD
CRA,FCO
CRA,BGY
CRA,LTN
CRD,NQN
CRD,REL
CRD,RGL
CRD,AEP
CRI,AXP
CRI,NAS
CRK,CEB
CRK,HKG
CRK,MFM
CRK,SIN
CRK,KUL
CRK,BKK
CRK,KLO
CRK,DXB
CRK,ICN
CRK,DVO
CRK,TPE
CRK,DOH
CRL,ACE
CRL,AGA
CRL,AGP
CRL,AHO
CRL,ALC
CRL,AOI
CRL,BCN
CRL,BDS
CRL,BGY
CRL,BIQ
CRL,BLQ
CRL,BOD
CRL,BRI
CRL,BTS
CRL,BUD
CRL,CAG
CRL,CCF
CRL,CFE
CRL,CIA
CRL,CIY
CRL,DUB
CRL,EDI
CRL,EGC
CRL,ESU
CRL,FAO
CRL,FEZ
CRL,FNI
CRL,FSC
CRL,FUE
CRL,GRO
CRL,KRK
CRL,LPA
CRL,MAD
CRL,MAN
CRL,MPL
CRL,MRS
CRL,NDR
CRL,NYO
CRL,OPO
CRL,OUD
CRL,PEG
CRL,PFO
CRL,PGF
CRL,PMI
CRL,PSA
CRL,PSR
CRL,RAK
CRL,RBA
CRL,REU
CRL,RIX
CRL,RYG
CRL,SDR
CRL,SKG
CRL,SUF
CRL,SVQ
CRL,TFS
CRL,TGM
CRL,TNG
CRL,TPS
CRL,TRN
CRL,TSF
CRL,VLC
CRL,VNO
CRL,WMI
CRL,WRO
CRL,ZAD
CRL,ZAZ
CRL,BEG
CRL,CLJ
CRL,LJU
CRL,OTP
CRL,SOF
CRL,WAW
CRM,MNL
CRP,DFW
CRP,HOU
CRP,LBB
CRP,IAH
CRV,CIA
CRV,PSA
CRV,VCE
CRW,DTW
CRW,IAD
CRW,IAH
CRW,ORD
CRW,CLT
CSH,ARH
CSO,PMI
CSX,CKG
CSX,CTU
CSX,FOC
CSX,KMG
CSX,SHE
CSX,WNZ
CSX,XMN
CSX,LJG
CSX,NKG
CSX,SHA
CSX,KHH
CSX,TPE
CSX,RMQ
CSX,HGH
CSX,SYX
CSX,TSN
CSX,XIY
CSX,HAK
CSX,HFE
CSX,JJN
CSX,KWE
CSX,LHW
CSX,MFM
CSX,NNG
CSX,PEK
CSX,SZX
CSX,TAO
CSX,TNA
CSX,WUX
CSX,HKG
CSX,BHY
CSX,BKK
CSX,CAN
CSX,CGQ
CSX,CZX
CSX,DYG
CSX,HJJ
CSX,HRB
CSX,ICN
CSX,LLF
CSX,PVG
CSX,SJW
CSX,SWA
CSX,TYN
CSX,URC
CSX,XNN
CSX,YCU
CSX,YNT
CSX,YTY
CSX,ZUH
CSX,DSN
CSX,ZYI
CSX,NGB
CSX,XUZ
CSX,NTG
CSX,NAY
CSX,HYN
CSX,HET
CSX,LZO
CSX,MIG
CSX,SIN
CSX,HIA
CSX,KWL
CSX,YNZ
CSY,DME
CSY,LED
CTA,CGN
CTA,STR
CTA,TXL
CTA,DUS
CTA,FRA
CTA,MUC
CTA,ZRH
CTA,MXP
CTA,PSA
CTA,TRN
CTA,VCE
CTA,VRN
CTA,BLQ
CTA,FCO
CTA,GOA
CTA,LIN
CTA,NAP
CTA,BRI
CTA,LMP
CTA,BGY
CTA,BCN
CTA,FLR
CTA,MLA
CTA,CDG
CTA,GVA
CTA,LGW
CTA,OTP
CTC,AEP
CTG,BOG
CTG,CLO
CTG,MDE
CTG,MIA
CTG,JFK
CTG,ADZ
CTG,PTY
CTG,FLL
CTL,TWB
CTL,ULP
CTL,BNE
CTL,RMA
CTM,MEX
CTS,NRT
CTS,FUK
CTS,HND
CTS,IBR
CTS,NGO
CTS,SDJ
CTS,UKB
CTS,TPE
CTS,PEK
CTS,HKG
CTS,KIX
CTS,HNL
CTS,FKS
CTS,KIJ
CTS,KMQ
CTS,OKJ
CTS,TOY
CTS,UUS
CTS,MMJ
CTS,AOJ
CTS,AXT
CTS,HIJ
CTS,HNA
CTS,ICN
CTS,ITM
CTS,MMB
CTS,PVG
CTS,BKK
CTS,FSZ
CTS,GUM
CTS,HKD
CTS,KUH
CTS,MBE
CTS,OKA
CTS,SHB
CTS,WKJ
CTU,CAN
CTU,CGO
CTU,CSX
CTU,DSN
CTU,HAK
CTU,HDG
CTU,HET
CTU,HFE
CTU,HGH
CTU,HKG
CTU,HKT
CTU,ICN
CTU,INC
CTU,JHG
CTU,JIQ
CTU,JZH
CTU,KHN
CTU,KMG
CTU,KOW
CTU,KWE
CTU,KWL
CTU,LHW
CTU,LJG
CTU,LUM
CTU,LXA
CTU,MEL
CTU,MLE
CTU,NKG
CTU,NNG
CTU,PEK
CTU,PVG
CTU,PZI
CTU,SHE
CTU,SJW
CTU,SYX
CTU,SZX
CTU,TAO
CTU,TNA
CTU,TSA
CTU,TSN
CTU,TYN
CTU,URC
CTU,WNZ
CTU,WUH
CTU,WUX
CTU,WXN
CTU,XIC
CTU,XIY
CTU,XMN
CTU,XNN
CTU,XUZ
CTU,YIH
CTU,YTY
CTU,TCZ
CTU,SHA
CTU,LHR
CTU,TPE
CTU,BOM
CTU,BPX
CTU,CGQ
CTU,CIH
CTU,CZX
CTU,DCY
CTU,FOC
CTU,FRA
CTU,HRB
CTU,JDZ
CTU,JJN
CTU,KHI
CTU,KRL
CTU,KTM
CTU,LZY
CTU,MFM
CTU,NGB
CTU,NRT
CTU,SIN
CTU,SWA
CTU,YCU
CTU,YIW
CTU,YNT
CTU,ZHA
CTU,ZUH
CTU,AMS
CTU,BAV
CTU,NNY
CTU,KUL
CTU,BHY
CTU,JGS
CTU,JNG
CTU,LYG
CTU,AUH
CTU,KHH
CTU,TXN
CTU,JUH
CTU,NAY
CTU,BKK
CTU,DIG
CTU,DLU
CTU,KGT
CTU,XFN
CTU,DOH
CTU,DAD
CTU,HAN
CUC,BOG
CUC,MDE
CUC,PTY
CUE,UIO
CUE,GYE
CUF,CMN
CUF,AHO
CUF,CAG
CUF,CIA
CUF,RAK
CUF,TPS
CUF,TIA
CUF,OTP
CUK,BZE
CUK,SPR
CUK,TZA
CUL,MEX
CUL,GDL
CUL,HMO
CUL,LAP
CUL,LTO
CUL,MTY
CUL,TIJ
CUL,SJD
CUN,MEX
CUN,MTY
CUN,TLC
CUN,CZM
CUN,MID
CUN,BZE
CUN,DFW
CUN,JFK
CUN,MIA
CUN,ORD
CUN,DUS
CUN,MUC
CUN,YUL
CUN,YYC
CUN,YYZ
CUN,CDG
CUN,DTW
CUN,HAV
CUN,LAX
CUN,MSP
CUN,PTY
CUN,EZE
CUN,BOG
CUN,BOS
CUN,FLL
CUN,MCO
CUN,LGW
CUN,FCO
CUN,MXP
CUN,FRA
CUN,MAN
CUN,MAD
CUN,CVG
CUN,DEN
CUN,IND
CUN,MCI
CUN,PHL
CUN,PIT
CUN,SLC
CUN,STL
CUN,AUS
CUN,BWI
CUN,MDW
CUN,MKE
CUN,SAT
CUN,LIM
CUN,SCL
CUN,SAL
CUN,ZRH
CUN,AMS
CUN,SVO
CUN,YEG
CUN,YQB
CUN,YVR
CUN,CLE
CUN,EWR
CUN,IAD
CUN,IAH
CUN,SFO
CUN,VKO
CUN,CLT
CUN,PHX
CUN,GDL
CUN,OAX
CUN,REX
CUN,TAM
CUN,TGZ
CUN,TRC
CUN,VER
CUN,VSA
CUN,YHM
CUN,YHZ
CUN,YLW
CUN,YOW
CUN,YQM
CUN,YQR
CUN,YQT
CUN,YWG
CUN,YXE
CUN,YXU
CUN,YYJ
CUN,HAM
CUN,AGU
CUN,BJX
CUN,CJS
CUN,CUU
CUN,MLM
CUN,PBC
CUN,QRO
CUN,TIJ
CUQ,IRG
CUR,AUA
CUR,BON
CUR,BRM
CUR,CCS
CUR,CLT
CUR,KIN
CUR,LSP
CUR,MAR
CUR,MIA
CUR,PBM
CUR,SXM
CUR,VLN
CUR,DUS
CUR,BOG
CUR,PTY
CUR,AMS
CUR,POS
CUR,YYZ
CUU,MEX
CUU,DFW
CUU,CJS
CUU,GDL
CUU,HMO
CUU,MTY
CUU,TRC
CUU,IAH
CUU,CUN
CUU,TIJ
CUZ,LIM
CUZ,PEM
CUZ,JUL
CUZ,AQP
CUZ,LPB
CVG,DFW
CVG,JFK
CVG,MIA
CVG,ORD
CVG,YYZ
CVG,CDG
CVG,SLC
CVG,BDL
CVG,BNA
CVG,BOS
CVG,BWI
CVG,CLT
CVG,DCA
CVG,DEN
CVG,DTW
CVG,EWR
CVG,FLL
CVG,GRR
CVG,IAH
CVG,JAX
CVG,LAS
CVG,LAX
CVG,LGA
CVG,MCI
CVG,MCO
CVG,MDT
CVG,MEM
CVG,MKE
CVG,MSN
CVG,MSP
CVG,PHL
CVG,PIT
CVG,RDU
CVG,RIC
CVG,RSW
CVG,SEA
CVG,SFO
CVG,STL
CVG,TPA
CVG,XNA
CVG,CLE
CVG,CUN
CVG,MMU
CVG,IAD
CVM,MEX
CVN,LBL
CVN,PUB
CVU,FLW
CVU,HOR
CWA,ORD
CWA,DTW
CWA,MSP
CWB,CAC
CWB,CNF
CWB,CXJ
CWB,GRU
CWB,IGU
CWB,LDB
CWB,MGF
CWB,POA
CWB,SDU
CWB,VCP
CWB,BSB
CWB,CGH
CWB,EZE
CWB,GIG
CWB,SSA
CWB,CFC
CWB,FLN
CWB,GPB
CWB,XAP
CWB,CGR
CWB,RAO
CWC,IEV
CWL,CDG
CWL,GLA
CWL,AMS
CWL,BHD
CWL,EDI
CWL,DUB
CWL,AGP
CWL,ALC
CWL,NCL
CWL,ACE
CWL,FUE
CWL,TFS
CWL,VLY
CXB,DAC
CXF,AKP
CXH,YWH
CXI,HNL
CXI,NAN
CXJ,CWB
CXJ,VCP
CXJ,CGH
CXR,HAN
CXR,SGN
CXR,DAD
CXR,DME
CYB,GCM
CYB,LYB
CYF,BET
CYF,KPN
CYO,HAV
CYO,MXP
CYO,YUL
CYP,MNL
CYS,DEN
CYS,WRL
CYX,YKS
CYZ,MNL
CZE,CCS
CZH,SPR
CZJ,PAC
CZL,ALG
CZL,LYS
CZL,MLH
CZL,MRS
CZL,NCE
CZL,ORN
CZL,ORY
CZM,MEX
CZM,CUN
CZM,DFW
CZM,YUL
CZM,IAH
CZM,CLT
CZM,YYZ
CZS,RBR
CZX,CKG
CZX,HRB
CZX,XMN
CZX,ZUH
CZX,CAN
CZX,CTU
CZX,PEK
CZX,SHE
CZX,SZX
CZX,CSX
CZX,SYX
CZX,FOC
CZX,TYN
CZX,NAY
CZX,CGQ
CZX,KMG
CZX,XIY
DAB,CLT
DAC,BKK
DAC,CCU
DAC,CGP
DAC,CXB
DAC,DXB
DAC,JED
DAC,JSR
DAC,KTM
DAC,KUL
DAC,MCT
DAC,RJH
DAC,SPD
DAC,ZYL
DAC,BOM
DAC,DEL
DAC,AUH
DAC,DMM
DAC,DOH
DAC,HKG
DAC,KWI
DAC,LHR
DAC,SIN
DAC,CAN
DAC,SHJ
DAC,PBH
DAC,CMB
DAC,KMG
DAC,KHI
DAC,MAA
DAC,RKT
DAC,RUH
DAC,IST
DAD,HAN
DAD,SGN
DAD,HKG
DAD,CAN
DAD,SZX
DAD,PVG
DAD,ICN
DAD,REP
DAD,SIN
DAD,MFM
DAD,BMV
DAD,CTU
DAD,CXR
DAD,DLI
DAD,HGH
DAD,HPH
DAD,PXU
DAD,VII
DAD,WNZ
DAL,AMA
DAL,AUS
DAL,BHM
DAL,HOU
DAL,LIT
DAL,MAF
DAL,MCI
DAL,MDW
DAL,MKE
DAL,OKC
DAL,PHX
DAL,SAT
DAL,SLC
DAL,STL
DAL,TUL
DAL,ELD
DAL,IAH
DAL,ABQ
DAL,BKG
DAL,ELP
DAL,HRL
DAL,ICT
DAL,LBB
DAR,AMS
DAR,DXB
DAR,ADD
DAR,ZNZ
DAR,DZA
DAR,NBO
DAR,CAI
DAR,HRE
DAR,ARK
DAR,EBB
DAR,HAH
DAR,JRO
DAR,MBI
DAR,MWZ
DAR,MYW
DAR,DOH
DAR,JNB
DAR,IST
DAR,POL
DAR,KGL
DAR,MCT
DAT,PEK
DAT,YCU
DAT,CIH
DAT,SHE
DAT,XIY
DAT,NAY
DAT,TYN
DAT,PVG
DAU,POM
DAU,UNG
DAV,PAC
DAV,SJO
DAX,CAN
DAX,KMG
DAX,PEK
DAX,SZX
DAX,PVG
DAY,DFW
DAY,ORD
DAY,DTW
DAY,LGA
DAY,MSP
DAY,BWI
DAY,CLE
DAY,DEN
DAY,EWR
DAY,IAD
DAY,CLT
DAY,DCA
DAY,PHL
DAY,MCO
DBA,KHI
DBO,SYD
DBO,BHQ
DBQ,ORD
DBV,LGW
DBV,FRA
DBV,MUC
DBV,FCO
DBV,ZAG
DCA,BNA
DCA,DFW
DCA,JFK
DCA,LAX
DCA,MIA
DCA,ORD
DCA,PDX
DCA,RDU
DCA,STL
DCA,YOW
DCA,YUL
DCA,YYZ
DCA,SEA
DCA,BOS
DCA,FLL
DCA,MCO
DCA,SJU
DCA,TPA
DCA,CVG
DCA,DTW
DCA,LEX
DCA,LGA
DCA,MEM
DCA,MSP
DCA,SLC
DCA,DEN
DCA,MCI
DCA,MSN
DCA,OMA
DCA,MKE
DCA,RSW
DCA,LAN
DCA,CLE
DCA,EWR
DCA,IAH
DCA,SFO
DCA,AGS
DCA,ALB
DCA,BDL
DCA,BGR
DCA,BHM
DCA,BTV
DCA,BUF
DCA,CAE
DCA,CAK
DCA,CHA
DCA,CHS
DCA,CLT
DCA,CMH
DCA,CRW
DCA,DAY
DCA,DSM
DCA,FAY
DCA,GSO
DCA,GSP
DCA,HPN
DCA,HSV
DCA,ILM
DCA,IND
DCA,ISP
DCA,JAN
DCA,JAX
DCA,LAS
DCA,LIT
DCA,MHT
DCA,MYR
DCA,NAS
DCA,OAJ
DCA,ORF
DCA,PBI
DCA,PHL
DCA,PHX
DCA,PIT
DCA,PNS
DCA,PVD
DCA,PWM
DCA,ROC
DCA,SAN
DCA,SAV
DCA,SDF
DCA,SRQ
DCA,SYR
DCA,TLH
DCA,TYS
DCA,VPS
DCA,AUS
DCA,HOU
DCM,ORY
DCM,RDZ
DCN,KNX
DCN,PER
DCY,CTU
DDC,DEN
DDC,LBL
DDG,PEK
DDG,PVG
DDG,TAO
DEA,KHI
DEB,EIN
DEB,LTN
DEC,ORD
DEC,STL
DED,DEL
DED,LKO
DEE,UUS
DEF,THR
DEL,KBL
DEL,AMD
DEL,BBI
DEL,BDQ
DEL,BKK
DEL,BLR
DEL,BOM
DEL,CCU
DEL,CJB
DEL,COK
DEL,DXB
DEL,GAU
DEL,GOI
DEL,HYD
DEL,IDR
DEL,IXJ
DEL,IXR
DEL,KTM
DEL,LKO
DEL,MAA
DEL,NAG
DEL,PAT
DEL,PNQ
DEL,RPR
DEL,SXR
DEL,ATQ
DEL,AUH
DEL,BHO
DEL,BRU
DEL,DAC
DEL,DED
DEL,DMM
DEL,DOH
DEL,GOP
DEL,HKG
DEL,IXB
DEL,IXC
DEL,IXL
DEL,JAI
DEL,JDH
DEL,KUL
DEL,LHR
DEL,SIN
DEL,UDR
DEL,VNS
DEL,CDG
DEL,ADD
DEL,BAH
DEL,BHX
DEL,CMB
DEL,DHM
DEL,FRA
DEL,GAY
DEL,ICN
DEL,IST
DEL,IXD
DEL,IXU
DEL,JED
DEL,JFK
DEL,JLR
DEL,KNU
DEL,KUU
DEL,LUH
DEL,MCT
DEL,MEL
DEL,MRU
DEL,MUC
DEL,NRT
DEL,ORD
DEL,PVG
DEL,RUH
DEL,STV
DEL,SYD
DEL,VIE
DEL,VTZ
DEL,ZRH
DEL,HEL
DEL,FCO
DEL,TPE
DEL,HGH
DEL,PEK
DEL,CAN
DEL,KDH
DEL,SHJ
DEL,TAS
DEL,PBH
DEL,ALA
DEL,AMS
DEL,KWI
DEL,LHE
DEL,AMM
DEL,SVO
DEL,ASB
DEL,EWR
DEL,IKA
DEN,DFW
DEN,LAX
DEN,LHR
DEN,MIA
DEN,ORD
DEN,SEA
DEN,YEG
DEN,YMM
DEN,YQR
DEN,YUL
DEN,YVR
DEN,YWG
DEN,YXE
DEN,YYC
DEN,YYZ
DEN,BOS
DEN,JFK
DEN,CVG
DEN,DTW
DEN,LGA
DEN,MEM
DEN,MSP
DEN,SLC
DEN,ABQ
DEN,AIA
DEN,AUS
DEN,BFF
DEN,BIS
DEN,BKG
DEN,BMI
DEN,BNA
DEN,BZN
DEN,CDR
DEN,CID
DEN,CLE
DEN,CNY
DEN,CUN
DEN,CYS
DEN,DCA
DEN,DDC
DEN,DIK
DEN,DSM
DEN,EUG
DEN,FAR
DEN,FAT
DEN,FLL
DEN,FSD
DEN,GEG
DEN,GSO
DEN,HYS
DEN,IAH
DEN,ILG
DEN,IND
DEN,ISN
DEN,LAS
DEN,LBL
DEN,LIT
DEN,MCI
DEN,MCK
DEN,MCO
DEN,MDT
DEN,MDW
DEN,MKE
DEN,MOT
DEN,MSN
DEN,OKC
DEN,OMA
DEN,PDX
DEN,PHF
DEN,PHX
DEN,PIR
DEN,PSP
DEN,PUB
DEN,PVR
DEN,RSW
DEN,SAN
DEN,SBA
DEN,SFO
DEN,SJD
DEN,SNA
DEN,STL
DEN,TPA
DEN,TYS
DEN,KEF
DEN,AMA
DEN,BDL
DEN,BOI
DEN,BUR
DEN,BWI
DEN,HOU
DEN,IAD
DEN,JAX
DEN,OAK
DEN,ONT
DEN,RNO
DEN,SAT
DEN,SJC
DEN,SMF
DEN,TUS
DEN,FRA
DEN,NRT
DEN,ANC
DEN,ASE
DEN,BFL
DEN,BHM
DEN,BIL
DEN,CLT
DEN,CMH
DEN,COD
DEN,COS
DEN,CPR
DEN,DAY
DEN,DRO
DEN,EGE
DEN,ELP
DEN,EWR
DEN,FCA
DEN,GCC
DEN,GFK
DEN,GJT
DEN,GRR
DEN,GTF
DEN,GUC
DEN,HDN
DEN,HLN
DEN,HNL
DEN,HSV
DEN,ICT
DEN,IDA
DEN,JAC
DEN,KOA
DEN,LAR
DEN,LBB
DEN,LIH
DEN,LNK
DEN,MAF
DEN,MEX
DEN,MFR
DEN,MLI
DEN,MRY
DEN,MSO
DEN,MTJ
DEN,OGG
DEN,PHL
DEN,PIA
DEN,PIT
DEN,PSC
DEN,RAP
DEN,RDM
DEN,RKS
DEN,SAF
DEN,SDF
DEN,SGF
DEN,SGU
DEN,SHV
DEN,TUL
DEN,XNA
DEN,CAK
DEN,RDU
DEN,ALS
DEN,CEZ
DEN,EAR
DEN,FMN
DEN,LBF
DEN,RIW
DEN,SHR
DEN,TEX
DEN,VEL
DFW,EZE
DFW,ABI
DFW,ABQ
DFW,ACT
DFW,AEX
DFW,AGU
DFW,AMA
DFW,AUS
DFW,BDL
DFW,BHM
DFW,BJX
DFW,BMI
DFW,BNA
DFW,BNE
DFW,BOS
DFW,BPT
DFW,BRO
DFW,BTR
DFW,BWI
DFW,BZE
DFW,CAE
DFW,CCS
DFW,CDG
DFW,CHA
DFW,CHS
DFW,CID
DFW,CLE
DFW,CLL
DFW,CLT
DFW,CMH
DFW,CMI
DFW,COS
DFW,COU
DFW,CRP
DFW,CRW
DFW,CUN
DFW,CUU
DFW,CVG
DFW,CZM
DFW,DAY
DFW,DCA
DFW,DEN
DFW,DRO
DFW,DSM
DFW,DTW
DFW,ELP
DFW,EVV
DFW,EWR
DFW,FAR
DFW,FAT
DFW,FLL
DFW,FRA
DFW,FSD
DFW,FSM
DFW,FWA
DFW,GCK
DFW,GDL
DFW,GGG
DFW,GIG
DFW,GJT
DFW,GPT
DFW,GRI
DFW,GRK
DFW,GRR
DFW,GRU
DFW,GSO
DFW,GSP
DFW,GUA
DFW,HMO
DFW,HNL
DFW,HOU
DFW,HSV
DFW,IAD
DFW,IAH
DFW,ICN
DFW,ICT
DFW,IND
DFW,JAN
DFW,JAX
DFW,JFK
DFW,JLN
DFW,LAS
DFW,LAW
DFW,LAX
DFW,LBB
DFW,LCH
DFW,LEX
DFW,LFT
DFW,LGA
DFW,LHR
DFW,LIM
DFW,LIR
DFW,LIT
DFW,LRD
DFW,MAD
DFW,MAF
DFW,MBJ
DFW,MCI
DFW,MCO
DFW,MEM
DFW,MEX
DFW,MFE
DFW,MGM
DFW,MHK
DFW,MIA
DFW,MKE
DFW,MLI
DFW,MLM
DFW,MLU
DFW,MOB
DFW,MSN
DFW,MSP
DFW,MTY
DFW,NRT
DFW,OGG
DFW,OKC
DFW,OMA
DFW,ONT
DFW,ORD
DFW,ORF
DFW,PBC
DFW,PBI
DFW,PDX
DFW,PHL
DFW,PHX
DFW,PIA
DFW,PIT
DFW,PNS
DFW,PSP
DFW,PVR
DFW,QRO
DFW,RAP
DFW,RDU
DFW,RIC
DFW,RNO
DFW,ROW
DFW,RSW
DFW,SAF
DFW,SAL
DFW,SAN
DFW,SAT
DFW,SAV
DFW,SCL
DFW,SDF
DFW,SEA
DFW,SFO
DFW,SGF
DFW,SHV
DFW,SJC
DFW,SJD
DFW,SJO
DFW,SJT
DFW,SJU
DFW,SLC
DFW,SLP
DFW,SMF
DFW,SNA
DFW,SPI
DFW,SPS
DFW,STL
DFW,TLH
DFW,TPA
DFW,TRC
DFW,TUL
DFW,TUS
DFW,TXK
DFW,TYR
DFW,TYS
DFW,VER
DFW,VPS
DFW,XNA
DFW,YUL
DFW,YVR
DFW,YYC
DFW,YYZ
DFW,ZCL
DFW,DXB
DFW,GCM
DFW,LBE
DFW,OAK
DFW,HRL
DGA,BZE
DGA,PLJ
DGA,TZA
DGA,SVK
DGE,SYD
DGO,MEX
DGO,TIJ
DGO,IAH
DGO,LAX
DGT,MNL
DGT,CEB
DHB,RCE
DHB,WSX
DHI,KTM
DHM,DEL
DIB,CCU
DIB,GAU
DIB,DMU
DIE,DZA
DIE,NOS
DIE,RUN
DIE,SVB
DIE,TNR
DIG,KMG
DIG,CAN
DIG,CTU
DIG,LXA
DIJ,TLS
DIK,MSP
DIK,DEN
DIK,ISN
DIL,SIN
DIL,DRW
DIL,DPS
DIN,HAN
DIR,ADD
DIR,JIB
DIR,JIJ
DIU,PBD
DIW,KCT
DIY,IST
DIY,ADB
DIY,SAW
DIY,ESB
DJB,CGK
DJB,BTH
DJE,DUS
DJE,NUE
DJE,FRA
DJE,MUC
DJE,SXF
DJE,CDG
DJE,NBE
DJE,LUX
DJE,ORY
DJE,BRU
DJE,GVA
DJE,LYS
DJE,MRS
DJE,NCE
DJE,NTE
DJE,SXB
DJE,ZRH
DJE,TUN
DJG,ALG
DJG,OGX
DJG,TMR
DJG,VVZ
DJJ,BIK
DJJ,MKW
DJJ,TIM
DJJ,UPG
DJJ,CGK
DJJ,OKL
DJJ,WMX
DJJ,MKQ
DJJ,NBX
DJJ,SOQ
DKR,OUA
DKR,BJL
DKR,FNA
DKR,LPA
DKR,BRU
DKR,CKY
DKR,JFK
DKR,CDG
DKR,ALG
DKR,CMN
DKR,ABJ
DKR,BKO
DKR,COO
DKR,NKC
DKR,OXB
DKR,RAI
DKR,ZIG
DKR,DXB
DKR,MAD
DKR,MXP
DKR,ACC
DKR,IAD
DKR,JNB
DKR,ORY
DKR,IST
DKR,LIS
DKR,TUN
DKR,LOS
DLA,BRU
DLA,FIH
DLA,CDG
DLA,SSG
DLA,BGF
DLA,CMN
DLA,NSI
DLA,COO
DLA,ADD
DLA,BZV
DLA,LFW
DLA,NDJ
DLA,ABJ
DLA,NBO
DLA,PNR
DLA,GOU
DLA,LBV
DLA,LOS
DLA,MVR
DLA,IST
DLC,CKG
DLC,HGH
DLC,HRB
DLC,TNA
DLC,XUZ
DLC,WUH
DLC,NBS
DLC,PVG
DLC,SJW
DLC,TPE
DLC,TSN
DLC,WEH
DLC,YNT
DLC,CGO
DLC,FUK
DLC,HIJ
DLC,HKG
DLC,ICN
DLC,KIX
DLC,NKG
DLC,NRT
DLC,NTG
DLC,PEK
DLC,SZX
DLC,TAO
DLC,TYN
DLC,WUX
DLC,XIY
DLC,CAN
DLC,CJU
DLC,DQA
DLC,HET
DLC,MDG
DLC,NGB
DLC,NGO
DLC,TOY
DLC,XMN
DLC,YNJ
DLC,YTY
DLC,CIF
DLC,DOY
DLC,HDG
DLC,LYG
DLC,SHP
DLC,WEF
DLC,LYI
DLC,HFE
DLC,JMU
DLC,KHN
DLC,FOC
DLC,CHG
DLC,LDS
DLC,LYA
DLE,OPO
DLE,RAK
DLE,STN
DLE,NCE
DLG,ANC
DLG,AKN
DLH,DTW
DLH,MSP
DLH,LAS
DLH,ORD
DLI,HAN
DLI,DAD
DLI,SGN
DLM,BLK
DLM,EMA
DLM,LBA
DLM,MAN
DLM,NCL
DLM,SAW
DLM,BRS
DLM,LGW
DLM,IST
DLM,STN
DLM,DUS
DLM,FRA
DLM,HAJ
DLM,MUC
DLU,JHG
DLU,KMG
DLU,KWE
DLU,CTU
DLY,TAH
DLZ,ULN
DMB,ALA
DMB,TSE
DMD,BUC
DMD,ISA
DMD,ONG
DME,CSY
DME,KVX
DME,KZN
DME,MQF
DME,NBC
DME,UUA
DME,BHK
DME,FEG
DME,KSQ
DME,NMA
DME,NVI
DME,SKD
DME,STW
DME,TIV
DME,RTW
DME,AKX
DME,ESL
DME,GRV
DME,IJK
DME,KUF
DME,PES
DME,SKX
DME,ULV
DME,VKT
DME,VOG
DME,VOZ
DME,KIV
DME,ATH
DME,SKG
DME,BUS
DME,DUS
DME,FRA
DME,MUC
DME,TXL
DME,MSQ
DME,LHR
DME,RIX
DME,FCO
DME,HKG
DME,CEE
DME,KVK
DME,CIT
DME,SCO
DME,KQT
DME,TJU
DME,DXB
DME,AUH
DME,LED
DME,NCE
DME,SHJ
DME,VIE
DME,AZN
DME,NCU
DME,TAS
DME,TMJ
DME,UGC
DME,AGP
DME,ALC
DME,BCN
DME,MAD
DME,VRN
DME,OMS
DME,GYD
DME,NRT
DME,MLA
DME,FRU
DME,OSS
DME,GVA
DME,ZRH
DME,TLV
DME,CAI
DME,SIP
DME,SAW
DME,KBP
DME,ODS
DME,DOH
DME,OSW
DME,REN
DME,AMM
DME,AAQ
DME,ABA
DME,AER
DME,ASB
DME,ASF
DME,BAX
DME,BOJ
DME,BTK
DME,CEK
DME,EVN
DME,GOJ
DME,HTA
DME,IKT
DME,KEJ
DME,KGD
DME,KJA
DME,KRR
DME,LBD
DME,LIS
DME,MRV
DME,NJC
DME,NOZ
DME,NSK
DME,NUX
DME,OGZ
DME,OVB
DME,PEE
DME,PWQ
DME,RGK
DME,ROV
DME,SGC
DME,SVX
DME,TBS
DME,TJM
DME,TOF
DME,UFA
DME,UKK
DME,UUD
DME,VAR
DME,YKS
DME,BRU
DME,IAH
DME,SIN
DME,BRE
DME,BKK
DME,MIR
DME,LGW
DME,MAN
DME,CGN
DME,GBB
DME,KVD
DME,LLK
DME,RMI
DME,CMB
DME,ALA
DME,AYT
DME,BQS
DME,DNK
DME,DOK
DME,DYR
DME,GDX
DME,HKT
DME,HMA
DME,IEV
DME,KGF
DME,KHV
DME,KSN
DME,MXP
DME,ORY
DME,PED
DME,PFO
DME,PKC
DME,PUJ
DME,SYX
DME,TFS
DME,TSE
DME,UUS
DME,VNO
DME,VRA
DME,VVO
DME,CXR
DME,HAN
DME,SGN
DME,VIN
DME,NOJ
DME,NYM
DME,SLY
DME,TGD
DME,EGO
DME,UKS
DMK,KUL
DMK,BFV
DMK,CEI
DMK,CJM
DMK,CNX
DMK,HDY
DMK,HKT
DMK,KOP
DMK,LOE
DMK,MAQ
DMK,NNT
DMK,NST
DMK,PHS
DMK,PRH
DMK,RGN
DMK,ROI
DMK,SNO
DMK,TST
DMK,UBP
DMK,UNN
DMK,URT
DMK,UTH
DMK,HKG
DMK,CAN
DMK,CCU
DMK,CKG
DMK,DPS
DMK,HAN
DMK,HGH
DMK,KBV
DMK,KKC
DMK,MAA
DMK,MDL
DMK,MFM
DMK,NAW
DMK,NYT
DMK,PEN
DMK,PNH
DMK,REP
DMK,SGN
DMK,SIN
DMK,SZX
DMK,WUH
DMK,XIY
DMK,ULN
DMK,CGK
DMK,SUB
DMM,BOM
DMM,DEL
DMM,TRV
DMM,AMS
DMM,KWI
DMM,RUH
DMM,HBE
DMM,DXB
DMM,ADD
DMM,AUH
DMM,ADE
DMM,TAI
DMM,SHJ
DMM,BAH
DMM,MHD
DMM,CCJ
DMM,IXE
DMM,FRA
DMM,BEY
DMM,CAI
DMM,ISB
DMM,LHE
DMM,KHI
DMM,DOH
DMM,AMM
DMM,ABT
DMM,AHB
DMM,BHH
DMM,BLR
DMM,CMB
DMM,COK
DMM,EAM
DMM,ELQ
DMM,GIZ
DMM,HAS
DMM,HYD
DMM,JED
DMM,MAA
DMM,MED
DMM,MNL
DMM,TIF
DMM,TUU
DMM,IST
DMM,MCT
DMM,YNB
DMU,CCU
DMU,DIB
DND,LCY
DNH,LHW
DNH,PEK
DNH,URC
DNH,XIY
DNK,VIE
DNK,IST
DNK,KBP
DNK,TLV
DNK,SVO
DNK,DME
DNK,EVN
DNR,EMA
DNR,STN
DNR,GCI
DNZ,SAW
DNZ,IST
DOB,LUV
DOH,BOM
DOH,COK
DOH,DEL
DOH,BAH
DOH,IAD
DOH,IAH
DOH,JFK
DOH,ORD
DOH,FRA
DOH,AMS
DOH,MCT
DOH,DXB
DOH,AUH
DOH,SHJ
DOH,LRR
DOH,SYZ
DOH,CCJ
DOH,IXE
DOH,ADE
DOH,SAH
DOH,GYD
DOH,KWI
DOH,BEY
DOH,KUL
DOH,RUH
DOH,CAI
DOH,KIX
DOH,NRT
DOH,ICN
DOH,SAW
DOH,PEW
DOH,MNL
DOH,ADD
DOH,ALG
DOH,AMD
DOH,AMM
DOH,ARN
DOH,ATH
DOH,ATQ
DOH,BCN
DOH,BGW
DOH,BKK
DOH,BLR
DOH,BRU
DOH,BSR
DOH,BUD
DOH,CAN
DOH,CCU
DOH,CDG
DOH,CGK
DOH,CKG
DOH,CMB
DOH,CMN
DOH,CPH
DOH,CRK
DOH,CTU
DOH,DAC
DOH,DAR
DOH,DME
DOH,DMM
DOH,EBB
DOH,EBL
DOH,ELQ
DOH,ESB
DOH,FCO
DOH,GOI
DOH,GRU
DOH,GVA
DOH,HBE
DOH,HKG
DOH,HYD
DOH,IKA
DOH,ISB
DOH,IST
DOH,ISU
DOH,JED
DOH,JNB
DOH,KHI
DOH,KRT
DOH,KTM
DOH,LHE
DOH,LHR
DOH,LOS
DOH,LXR
DOH,MAA
DOH,MAD
DOH,MAN
DOH,MED
DOH,MEL
DOH,MHD
DOH,MLE
DOH,MUC
DOH,MXP
DOH,NBO
DOH,NJF
DOH,OSL
DOH,OTP
DOH,PEK
DOH,PER
DOH,PVG
DOH,RGN
DOH,SGN
DOH,SIN
DOH,SLL
DOH,TIF
DOH,TIP
DOH,TRV
DOH,TUN
DOH,TXL
DOH,VCE
DOH,VIE
DOH,WAW
DOH,YUL
DOH,ZRH
DOH,RKT
DOK,DXB
DOK,SHJ
DOK,MUC
DOK,IEV
DOK,SAW
DOK,IST
DOK,KBP
DOK,TLV
DOK,VKO
DOK,SVO
DOK,DME
DOK,BGY
DOK,DTM
DOK,FCO
DOK,FMM
DOK,KUT
DOK,LTN
DOL,LCY
DOM,SJU
DOM,ANU
DOM,BGI
DOM,PTP
DOM,SLU
DOM,EIS
DOM,SXM
DOM,STT
DOU,VCP
DOY,CKG
DOY,DLC
DOY,CGO
DOY,PVG
DOY,CAN
DOY,HRB
DOY,PEK
DPL,MNL
DPL,CEB
DPL,DVO
DPO,MEL
DPS,MNL
DPS,KUL
DPS,TPE
DPS,HKG
DPS,CAN
DPS,DMK
DPS,BDO
DPS,BNE
DPS,CGK
DPS,HND
DPS,ICN
DPS,JOG
DPS,KIX
DPS,KOE
DPS,LOP
DPS,MEL
DPS,NRT
DPS,PER
DPS,SIN
DPS,SRG
DPS,SUB
DPS,SYD
DPS,TIM
DPS,UPG
DPS,DRW
DPS,BMU
DPS,BTH
DPS,LBJ
DPS,MLG
DPS,MOF
DPS,TMC
DPS,WGP
DPS,PVG
DPS,POM
DPS,BKI
DPS,DIL
DPS,BKK
DPS,ADL
DPS,PHE
DQA,MDG
DQA,PEK
DQA,DLC
DQA,HLD
DQA,TAO
DQA,XIY
DRG,BKC
DRG,OTZ
DRK,SJO
DRO,DFW
DRO,DEN
DRO,PHX
DRS,CGN
DRS,STR
DRS,AYT
DRS,DUS
DRS,LPA
DRS,TFS
DRS,LCY
DRS,BCN
DRS,FRA
DRS,MUC
DRS,SVO
DRS,BSL
DRV,HAQ
DRV,MLE
DRW,BNE
DRW,SYD
DRW,GTE
DRW,ADL
DRW,CNS
DRW,DPS
DRW,MEL
DRW,MNL
DRW,SIN
DRW,KUL
DRW,ASP
DRW,BME
DRW,DIL
DRW,GOV
DRW,ISA
DRW,KNX
DRW,PER
DRW,TSV
DRW,MCV
DRW,MNG
DSA,TFS
DSA,GDN
DSA,KTW
DSA,POZ
DSA,VNO
DSA,WAW
DSA,WRO
DSK,PEW
DSK,PZH
DSM,DFW
DSM,ORD
DSM,DTW
DSM,LGA
DSM,MSP
DSM,DEN
DSM,LAS
DSM,MDW
DSM,TPA
DSM,PIE
DSM,SFB
DSM,EWR
DSM,IAH
DSM,CLT
DSM,DCA
DSM,PHX
DSN,CTU
DSN,SHE
DSN,PEK
DSN,TYN
DSN,CGO
DSN,XIY
DSN,CKG
DSN,INC
DSN,CSX
DSN,HET
DSN,HGH
DSN,NKG
DSN,SJW
DSN,TSN
DSN,URC
DSN,WUH
DSN,NAY
DSN,CGQ
DSN,HRB
DSN,KMG
DTD,SRI
DTM,MUC
DTM,PMI
DTM,SAW
DTM,AGP
DTM,AHO
DTM,FAO
DTM,KRK
DTM,OPO
DTM,BCN
DTM,LTN
DTM,BEG
DTM,BUD
DTM,CLJ
DTM,GDN
DTM,KTW
DTM,OTP
DTM,SKP
DTM,SOF
DTM,TGM
DTM,TSR
DTM,VNO
DTM,WRO
DTM,DOK
DTM,IEV
DTM,LWO
DTM,ADB
DTW,DFW
DTW,LGA
DTW,MIA
DTW,ORD
DTW,YUL
DTW,YYZ
DTW,CDG
DTW,FRA
DTW,LHR
DTW,CUN
DTW,MEX
DTW,MTY
DTW,PDX
DTW,SAN
DTW,PEK
DTW,PVG
DTW,ABE
DTW,ALB
DTW,AMS
DTW,APN
DTW,ATW
DTW,AUS
DTW,AVL
DTW,AVP
DTW,AZO
DTW,BDL
DTW,BGM
DTW,BGR
DTW,BHM
DTW,BMI
DTW,BNA
DTW,BOS
DTW,BTV
DTW,BUF
DTW,BWI
DTW,CAE
DTW,CAK
DTW,CHA
DTW,CHS
DTW,CID
DTW,CIU
DTW,CLE
DTW,CLT
DTW,CMH
DTW,CRW
DTW,CVG
DTW,CWA
DTW,DAY
DTW,DCA
DTW,DEN
DTW,DLH
DTW,DSM
DTW,ELM
DTW,ERI
DTW,ESC
DTW,EVV
DTW,EWR
DTW,FLL
DTW,FNT
DTW,FSD
DTW,FWA
DTW,GRB
DTW,GRR
DTW,GRU
DTW,GSO
DTW,GSP
DTW,HPN
DTW,HSV
DTW,IAD
DTW,IAH
DTW,ICN
DTW,IND
DTW,ITH
DTW,JAX
DTW,JFK
DTW,LAN
DTW,LAS
DTW,LAX
DTW,LEX
DTW,LIT
DTW,LSE
DTW,MBJ
DTW,MBS
DTW,MCI
DTW,MCO
DTW,MDT
DTW,MDW
DTW,MEM
DTW,MHT
DTW,MKE
DTW,MLI
DTW,MQT
DTW,MSN
DTW,MSP
DTW,NGO
DTW,NRT
DTW,OKC
DTW,OMA
DTW,ORF
DTW,PBI
DTW,PHL
DTW,PHX
DTW,PIA
DTW,PIT
DTW,PLN
DTW,PVD
DTW,PWM
DTW,RDU
DTW,RIC
DTW,ROA
DTW,ROC
DTW,RSW
DTW,SAT
DTW,SAV
DTW,SBN
DTW,SCE
DTW,SDF
DTW,SEA
DTW,SFO
DTW,SLC
DTW,STL
DTW,SWF
DTW,SYR
DTW,TPA
DTW,TUL
DTW,TVC
DTW,TYS
DTW,XNA
DTW,YOW
DTW,TTN
DTW,DAL
DTW,MYR
DUB,JFK
DUB,LHR
DUB,CDG
DUB,LCY
DUB,CFN
DUB,EXT
DUB,SOU
DUB,CPH
DUB,OSL
DUB,ABZ
DUB,ACE
DUB,AGA
DUB,AGP
DUB,ALC
DUB,AMS
DUB,ARN
DUB,AUH
DUB,BCN
DUB,BHX
DUB,BIO
DUB,BLK
DUB,BOD
DUB,BOH
DUB,BOS
DUB,BRS
DUB,BRU
DUB,BUD
DUB,CWL
DUB,DUS
DUB,EDI
DUB,FAO
DUB,FCO
DUB,FRA
DUB,FUE
DUB,GLA
DUB,GVA
DUB,HAM
DUB,IAD
DUB,IOM
DUB,KIR
DUB,LGW
DUB,LIN
DUB,LIS
DUB,LPA
DUB,LYS
DUB,MAD
DUB,MAN
DUB,MCO
DUB,MUC
DUB,MXP
DUB,NCE
DUB,NCL
DUB,ORD
DUB,PRG
DUB,SEN
DUB,SXF
DUB,TFS
DUB,VCE
DUB,VIE
DUB,WAW
DUB,ZRH
DUB,DXB
DUB,BGY
DUB,BIQ
DUB,BRE
DUB,BTS
DUB,BVA
DUB,BZG
DUB,CCF
DUB,CIA
DUB,CRL
DUB,EIN
DUB,EMA
DUB,FMM
DUB,GDN
DUB,GRO
DUB,HHN
DUB,KRK
DUB,KTW
DUB,KUN
DUB,LBA
DUB,LCJ
DUB,LPL
DUB,LTN
DUB,LUZ
DUB,MJV
DUB,MLA
DUB,NTE
DUB,NYO
DUB,OPO
DUB,PIK
DUB,PMI
DUB,PMO
DUB,POZ
DUB,PSA
DUB,REU
DUB,RIX
DUB,RYG
DUB,RZE
DUB,STN
DUB,SVQ
DUB,SZZ
DUB,TLL
DUB,TSF
DUB,TUF
DUB,VNO
DUB,WMI
DUB,WRO
DUB,EWR
DUB,OTP
DUB,IST
DUB,PHL
DUB,KRS
DUD,AKL
DUD,CHC
DUD,WLG
DUJ,CLE
DUJ,FKL
DUR,CPT
DUR,JNB
DUR,PLZ
DUR,DXB
DUR,MRU
DUR,HLA
DUR,BFN
DUR,ELS
DUR,GRJ
DUR,HRE
DUR,LUN
DUR,MPM
DUR,MQP
DUS,FDH
DUS,PRN
DUS,TIP
DUS,TBS
DUS,ATH
DUS,SKG
DUS,LYS
DUS,NTE
DUS,JFK
DUS,LHR
DUS,MIA
DUS,ORD
DUS,RSW
DUS,ACE
DUS,AGA
DUS,AGP
DUS,ALC
DUS,AUH
DUS,AYT
DUS,BCN
DUS,BEG
DUS,CPH
DUS,CTA
DUS,CUN
DUS,CUR
DUS,DJE
DUS,DME
DUS,DRS
DUS,FAO
DUS,FCO
DUS,FLR
DUS,FNC
DUS,FUE
DUS,GWT
DUS,HAM
DUS,HEL
DUS,LPA
DUS,MAD
DUS,MUC
DUS,MXP
DUS,NBE
DUS,NUE
DUS,OLB
DUS,PDL
DUS,PMI
DUS,POP
DUS,PUJ
DUS,RIX
DUS,RMF
DUS,SAW
DUS,SPC
DUS,STN
DUS,STR
DUS,SZG
DUS,TFN
DUS,TFS
DUS,TLV
DUS,TXL
DUS,VCE
DUS,VIE
DUS,VRA
DUS,ZRH
DUS,CDG
DUS,AMS
DUS,BLL
DUS,LCY
DUS,BHX
DUS,MAN
DUS,PEK
DUS,HER
DUS,HRG
DUS,LCA
DUS,LIS
DUS,XRY
DUS,DUB
DUS,DXB
DUS,LED
DUS,SVO
DUS,LUX
DUS,MLA
DUS,ARN
DUS,BIO
DUS,BSL
DUS,BUD
DUS,EWR
DUS,FRA
DUS,GLA
DUS,GOT
DUS,GRZ
DUS,GVA
DUS,IST
DUS,KBP
DUS,KRK
DUS,KTW
DUS,LEJ
DUS,LNZ
DUS,NCL
DUS,OSL
DUS,OTP
DUS,POZ
DUS,PRG
DUS,TRN
DUS,VKO
DUS,VLC
DUS,WAW
DUS,WRO
DUS,LBA
DUS,ADB
DUS,ASR
DUS,ESB
DUS,EBL
DUS,ISU
DUS,TUN
DUS,LGW
DUS,IKA
DUS,DLM
DUT,AKB
DUT,IKO
DUT,KQA
DVL,JMS
DVL,MSP
DVO,CEB
DVO,CGY
DVO,MNL
DVO,ZAM
DVO,DPL
DVO,ILO
DVO,KLO
DVO,PPS
DVO,SIN
DVO,CRK
DWC,KWI
DWC,BUD
DWC,OTP
DWC,SOF
DWC,IEV
DWD,JED
DWD,RUH
DXB,MNL
DXB,BBO
DXB,DAC
DXB,KBL
DXB,BOM
DXB,COK
DXB,DEL
DXB,HYD
DXB,MAA
DXB,TRV
DXB,BEN
DXB,TIP
DXB,IXE
DXB,TBS
DXB,LHR
DXB,CDG
DXB,ALG
DXB,CCJ
DXB,GOI
DXB,HEL
DXB,AMS
DXB,DFW
DXB,IAD
DXB,IAH
DXB,JFK
DXB,LAX
DXB,MXP
DXB,SEA
DXB,SFO
DXB,CGP
DXB,ZYL
DXB,BWN
DXB,PEK
DXB,HKG
DXB,JED
DXB,CAN
DXB,LAD
DXB,ARN
DXB,CPH
DXB,OSL
DXB,ACC
DXB,ADD
DXB,ADL
DXB,AMD
DXB,AMM
DXB,ATH
DXB,BAH
DXB,BCN
DXB,BEY
DXB,BGW
DXB,BHX
DXB,BKK
DXB,BLR
DXB,BNE
DXB,BSR
DXB,CAI
DXB,CCU
DXB,CGK
DXB,CKY
DXB,CMB
DXB,CMN
DXB,CPT
DXB,CRK
DXB,DAR
DXB,DME
DXB,DMM
DXB,DOH
DXB,DUB
DXB,DUR
DXB,DUS
DXB,EBB
DXB,EBL
DXB,FCO
DXB,FRA
DXB,GIG
DXB,GLA
DXB,GRU
DXB,GVA
DXB,HAM
DXB,HKT
DXB,HND
DXB,ICN
DXB,IKA
DXB,ISB
DXB,IST
DXB,JNB
DXB,KHI
DXB,KIX
DXB,KRT
DXB,KUL
DXB,KWI
DXB,LCA
DXB,LED
DXB,LGW
DXB,LHE
DXB,LIS
DXB,LOS
DXB,LUN
DXB,LYS
DXB,MAD
DXB,MAN
DXB,MCT
DXB,MED
DXB,MEL
DXB,MLA
DXB,MLE
DXB,MRU
DXB,MUC
DXB,NBO
DXB,NCE
DXB,NCL
DXB,NRT
DXB,PER
DXB,PEW
DXB,PRG
DXB,PVG
DXB,RUH
DXB,SAH
DXB,SEZ
DXB,SGN
DXB,SIN
DXB,SKT
DXB,SYD
DXB,TUN
DXB,VCE
DXB,VIE
DXB,WAW
DXB,YYZ
DXB,ZRH
DXB,BDH
DXB,BND
DXB,BUZ
DXB,LFM
DXB,LRR
DXB,MHD
DXB,SYZ
DXB,ZAH
DXB,ZBR
DXB,KDH
DXB,AHB
DXB,ASB
DXB,BEG
DXB,DOK
DXB,DYU
DXB,ELQ
DXB,EVN
DXB,FRU
DXB,GYD
DXB,HAS
DXB,HBE
DXB,HRK
DXB,IEV
DXB,ISU
DXB,JIB
DXB,JUB
DXB,KBP
DXB,KRR
DXB,KTM
DXB,KUF
DXB,KZN
DXB,LKO
DXB,MRV
DXB,MUX
DXB,NJF
DXB,ODS
DXB,OSS
DXB,OTP
DXB,PZU
DXB,ROV
DXB,SAW
DXB,SKP
DXB,SLL
DXB,SVX
DXB,TIF
DXB,TUU
DXB,UFA
DXB,VOG
DXB,YNB
DXB,TAS
DXB,AWZ
DXB,IFN
DXB,ATQ
DXB,TRZ
DXB,ADE
DXB,RIY
DXB,SVO
DXB,KMG
DXB,GSM
DXB,AZI
DXB,XSB
DXB,OVB
DXB,CEK
DXB,GOJ
DXB,PEE
DXB,OMS
DXB,TJM
DXB,VKO
DXB,KGL
DXB,MBA
DXB,HGA
DXB,KJA
DXB,KIH
DYG,CJJ
DYG,CKG
DYG,PVG
DYG,PEK
DYG,CAN
DYG,CSX
DYG,SZX
DYG,TPE
DYG,XIY
DYG,PUS
DYR,KHV
DYR,DME
DYU,URC
DYU,IKA
DYU,SYZ
DYU,LED
DYU,DXB
DYU,ALA
DYU,REN
DYU,IKT
DYU,KRR
DYU,MRV
DYU,CEK
DYU,OVB
DYU,IST
DYU,GOJ
DYU,KJA
DYU,KUF
DYU,KZN
DYU,NBC
DYU,PEE
DYU,ROV
DYU,SVX
DYU,UFA
DYU,VOG
DYU,FRU
DZA,HAH
DZA,DAR
DZA,MJN
DZA,NOS
DZA,DIE
DZA,TNR
DZA,RUN
DZN,ALA
DZN,TSE
EAE,VLI
EAM,DMM
EAM,JED
EAM,RUH
EAR,DEN
EAS,BCN
EAS,MAD
EAT,SEA
EAU,ORD
EBB,KSE
EBB,PAF
EBB,LHR
EBB,BRU
EBB,AMS
EBB,DXB
EBB,ADD
EBB,KGL
EBB,RUA
EBB,NBO
EBB,CAI
EBB,DAR
EBB,JRO
EBB,DOH
EBB,JNB
EBB,IST
EBB,BJM
EBB,JUB
EBB,MBA
EBB,MGQ
EBB,ASM
EBJ,ABZ
EBJ,AAL
EBJ,BLL
EBJ,SVG
EBL,DXB
EBL,AUH
EBL,SHJ
EBL,IST
EBL,FRA
EBL,BEY
EBL,CAI
EBL,VIE
EBL,ESB
EBL,DOH
EBL,AMM
EBL,ARN
EBL,DUS
EBL,MUC
EBL,GOT
EBL,IKA
EBU,FEZ
EBU,OPO
EBU,SAW
ECN,IST
ECN,ADA
ECN,ADB
ECN,AYT
ECN,ESB
ECN,GZT
ECN,HTY
ECN,SAW
ECP,BWI
ECP,LAX
ECP,BNA
ECP,HOU
EDA,KTN
EDI,CGN
EDI,LHR
EDI,CDG
EDI,LCY
EDI,LGW
EDI,BHD
EDI,BHX
EDI,CWL
EDI,EMA
EDI,EXT
EDI,KOI
EDI,LSI
EDI,MAN
EDI,NWI
EDI,SOU
EDI,SYY
EDI,WIC
EDI,BRU
EDI,CPH
EDI,OSL
EDI,DUB
EDI,ORK
EDI,SNN
EDI,ACE
EDI,AGP
EDI,ALC
EDI,BCN
EDI,BLL
EDI,BOD
EDI,BRE
EDI,BTS
EDI,BVA
EDI,CAG
EDI,CIA
EDI,CRL
EDI,FAO
EDI,FMM
EDI,FUE
EDI,GDN
EDI,GSE
EDI,HHN
EDI,KRK
EDI,LCJ
EDI,LPA
EDI,MLA
EDI,NRN
EDI,NYO
EDI,PMI
EDI,POZ
EDI,PSA
EDI,RYG
EDI,TFS
EDI,TRF
EDI,AMS
EDI,EWR
EDI,FRA
EDI,BUD
EDI,PRG
EDI,VCE
EDI,IST
EDI,ATH
EDI,BFS
EDI,BRS
EDI,BSL
EDI,GVA
EDI,HAM
EDI,KEF
EDI,LIS
EDI,LTN
EDI,MAD
EDI,MUC
EDI,MXP
EDI,PFO
EDI,SEN
EDI,STN
EDI,SXF
EDL,LOK
EDL,NBO
EDR,CNS
EDR,KWM
EEK,BET
EEK,KWN
EFL,PVK
EFL,ZTH
EGC,SOU
EGC,BRS
EGC,CRL
EGC,STN
EGC,RTM
EGC,PGX
EGE,DEN
EGM,GZO
EGM,HIR
EGM,MUA
EGM,RBV
EGM,VAO
EGN,KRT
EGO,NUX
EGO,LED
EGO,MRV
EGO,ROV
EGO,GOJ
EGO,DME
EGS,RKV
EGX,AKN
EIN,ACE
EIN,AGA
EIN,AGP
EIN,AHO
EIN,ALC
EIN,BDS
EIN,BGY
EIN,BOD
EIN,BUD
EIN,CCF
EIN,CIA
EIN,DUB
EIN,FAO
EIN,FEZ
EIN,GRO
EIN,KRK
EIN,LPA
EIN,MLA
EIN,MRS
EIN,NYO
EIN,OPO
EIN,PMI
EIN,PSA
EIN,RAK
EIN,REU
EIN,STN
EIN,SVQ
EIN,TPS
EIN,WMI
EIN,BCN
EIN,BLQ
EIN,GRQ
EIN,LIS
EIN,MAD
EIN,NAP
EIN,NCE
EIN,SAW
EIN,TXL
EIN,VLC
EIN,BEG
EIN,BRQ
EIN,CLJ
EIN,DEB
EIN,GDN
EIN,KTW
EIN,OTP
EIN,RIX
EIN,SKP
EIN,SOF
EIN,VNO
EIN,WAW
EIN,WRO
EIS,SJU
EIS,SXM
EIS,DOM
EIS,NEV
EIS,STT
EJA,BOG
EJH,JED
EKO,SLC
EKS,UUS
ELC,MNG
ELD,DAL
ELD,HOT
ELF,KRT
ELH,FLL
ELH,NAS
ELI,KKA
ELI,OME
ELI,GLV
ELM,DTW
ELM,SFB
ELM,PHL
ELP,DFW
ELP,LAX
ELP,ORD
ELP,AUS
ELP,DAL
ELP,HOU
ELP,LAS
ELP,PIT
ELP,SAT
ELP,DEN
ELP,IAH
ELP,PHX
ELQ,DXB
ELQ,SHJ
ELQ,CAI
ELQ,DOH
ELQ,DMM
ELQ,JED
ELQ,MED
ELQ,RUH
ELQ,IST
ELS,JNB
ELS,CPT
ELS,DUR
ELS,PLZ
EMA,CDG
EMA,AMS
EMA,BHD
EMA,EDI
EMA,GLA
EMA,JER
EMA,BRU
EMA,ACE
EMA,AGP
EMA,ALC
EMA,BCN
EMA,CCF
EMA,CIA
EMA,DNR
EMA,DUB
EMA,FAO
EMA,FUE
EMA,KRK
EMA,LCJ
EMA,LEI
EMA,LIG
EMA,LPA
EMA,MJV
EMA,NOC
EMA,ORK
EMA,PMI
EMA,POZ
EMA,PSA
EMA,REU
EMA,RIX
EMA,RZE
EMA,SXF
EMA,TFS
EMA,TSF
EMA,VLC
EMA,WMI
EMA,WRO
EMA,GCI
EMA,BUD
EMA,DLM
EMA,IBZ
EMA,PRG
EMA,ABZ
EMA,NBE
EMA,MLA
EMD,BNE
EMK,AUK
EMK,KOT
EMK,BET
ENA,ANC
ENE,KOE
ENE,LBJ
ENE,TMC
ENH,WUH
ENU,ADD
ENU,ABV
ENU,LOS
ENY,CKG
ENY,PEK
ENY,NAY
ENY,XIY
EOH,APO
EOH,BOG
EOH,BSC
EOH,UIB
EOH,IBE
EOH,MTR
EOH,PEI
EOI,KOI
EPL,NCE
EPR,PER
EPR,RVT
EQS,BRC
EQS,CRD
EQS,AEP
ERC,SAW
ERC,ESB
ERC,IST
ERF,FUE
ERF,HRG
ERF,LPA
ERF,TFS
ERI,DTW
ERI,CLE
ERI,PHL
ERL,HET
ERL,ULN
ERM,JCB
ERM,PFB
ERN,TFF
ERS,NDU
ERS,OND
ERZ,IST
ERZ,ESB
ERZ,SAW
ESB,CGN
ESB,HAJ
ESB,HAM
ESB,TXL
ESB,IKA
ESB,IST
ESB,GYD
ESB,MUC
ESB,ADA
ESB,ADB
ESB,BJV
ESB,DUS
ESB,EBL
ESB,ECN
ESB,SAW
ESB,STR
ESB,VIE
ESB,BEG
ESB,DOH
ESB,ADF
ESB,AJI
ESB,AMS
ESB,AYT
ESB,BAL
ESB,BGG
ESB,BGW
ESB,DIY
ESB,ERC
ESB,ERZ
ESB,EZS
ESB,FRA
ESB,GNY
ESB,GZT
ESB,HTY
ESB,IGD
ESB,KCM
ESB,KCO
ESB,KSY
ESB,MLX
ESB,MQM
ESB,MSR
ESB,TEQ
ESB,TZX
ESB,VAN
ESB,VKO
ESC,DTW
ESD,BFI
ESD,FRD
ESL,DME
ESM,CLO
ESM,GYE
ESM,UIO
ESU,ORY
ESU,CRL
ESU,MRS
ETH,SDV
ETH,TLV
ETR,UIO
ETZ,LYS
ETZ,NCE
ETZ,ALG
ETZ,MRS
ETZ,TLS
EUG,LAX
EUG,PDX
EUG,SEA
EUG,SLC
EUG,DEN
EUG,AZA
EUG,LAS
EUG,OAK
EUG,SFO
EUN,AGA
EUN,CMN
EUN,LPA
EUX,SXM
EVE,LPA
EVE,OSL
EVE,TRD
EVE,ANX
EVE,BOO
EVE,TOS
EVG,ARN
EVG,MXX
EVN,RTW
EVN,VOG
EVN,CDG
EVN,FCO
EVN,MSQ
EVN,SCO
EVN,IKA
EVN,LED
EVN,DXB
EVN,SHJ
EVN,OMS
EVN,WAW
EVN,BEY
EVN,PRG
EVN,VIE
EVN,KBP
EVN,AER
EVN,KRR
EVN,KUF
EVN,ROV
EVN,VKO
EVN,CEK
EVN,DME
EVN,OVB
EVN,MRV
EVN,SVO
EVN,GOJ
EVN,SVX
EVN,KJA
EVN,TJM
EVN,UFA
EVN,VOZ
EVN,DNK
EVV,DFW
EVV,ORD
EVV,DTW
EWB,ACK
EWB,HPN
EWB,MVY
EWN,CLT
EWR,BRU
EWR,DFW
EWR,LAX
EWR,LHR
EWR,MIA
EWR,ORD
EWR,ORY
EWR,SEA
EWR,YEG
EWR,YUL
EWR,YVR
EWR,YYC
EWR,YYZ
EWR,CDG
EWR,BOM
EWR,BOG
EWR,BOS
EWR,FLL
EWR,MCO
EWR,PBI
EWR,RSW
EWR,SJU
EWR,TPA
EWR,IAH
EWR,PTY
EWR,AMS
EWR,CVG
EWR,DTW
EWR,MSP
EWR,SLC
EWR,KEF
EWR,BNA
EWR,MDW
EWR,BCN
EWR,BFS
EWR,BHX
EWR,DUB
EWR,DUS
EWR,EDI
EWR,FCO
EWR,FRA
EWR,GLA
EWR,HAM
EWR,MAD
EWR,MAN
EWR,MUC
EWR,MXP
EWR,SNN
EWR,STR
EWR,TXL
EWR,GVA
EWR,ZRH
EWR,TLV
EWR,NRT
EWR,YTZ
EWR,ARN
EWR,CPH
EWR,OSL
EWR,SIN
EWR,SAL
EWR,LIS
EWR,OPO
EWR,ALB
EWR,ANU
EWR,AUA
EWR,AUS
EWR,AVL
EWR,AVP
EWR,BDA
EWR,BDL
EWR,BON
EWR,BQN
EWR,BTV
EWR,BUF
EWR,BWI
EWR,CAE
EWR,CHS
EWR,CLE
EWR,CLT
EWR,CMH
EWR,CUN
EWR,DAY
EWR,DCA
EWR,DEL
EWR,DEN
EWR,DSM
EWR,GCM
EWR,GRR
EWR,GRU
EWR,GSO
EWR,GSP
EWR,GUA
EWR,HKG
EWR,HNL
EWR,IAD
EWR,IND
EWR,ITH
EWR,JAX
EWR,LAS
EWR,LIM
EWR,LIR
EWR,MBJ
EWR,MCI
EWR,MDT
EWR,MEM
EWR,MEX
EWR,MHT
EWR,MKE
EWR,MSN
EWR,MYR
EWR,NAS
EWR,OKC
EWR,OMA
EWR,ORF
EWR,PDX
EWR,PEK
EWR,PHX
EWR,PIT
EWR,PLS
EWR,POP
EWR,POS
EWR,PUJ
EWR,PVD
EWR,PVG
EWR,PVR
EWR,PWM
EWR,RDU
EWR,RIC
EWR,ROC
EWR,SAN
EWR,SAP
EWR,SAT
EWR,SAV
EWR,SDF
EWR,SDQ
EWR,SFO
EWR,SJD
EWR,SJO
EWR,SNA
EWR,STL
EWR,STT
EWR,SXM
EWR,SYR
EWR,TUL
EWR,TYS
EWR,UVF
EWR,XNA
EWR,YHZ
EWR,YOW
EWR,YQB
EWR,YQM
EWR,YYT
EWR,PHL
EWR,HOU
EXI,JNU
EXT,BHD
EXT,CDG
EXT,AGP
EXT,ALC
EXT,AMS
EXT,DUB
EXT,EDI
EXT,GCI
EXT,GLA
EXT,JER
EXT,MAN
EXT,NCL
EYK,VKO
EYK,EZV
EYK,HMA
EYK,SGC
EYP,BOG
EYW,FLL
EYW,RSW
EYW,TPA
EYW,MIA
EYW,MCO
EYW,CLT
EZE,DFW
EZE,JFK
EZE,MIA
EZE,PUJ
EZE,MVD
EZE,SCL
EZE,CDG
EZE,MEX
EZE,AMS
EZE,ASU
EZE,BCN
EZE,BOG
EZE,BRC
EZE,BSB
EZE,CCS
EZE,CNF
EZE,COR
EZE,CUN
EZE,FCO
EZE,FTE
EZE,GIG
EZE,GRU
EZE,IGR
EZE,LIM
EZE,MAD
EZE,MDZ
EZE,REL
EZE,SYD
EZE,USH
EZE,VVI
EZE,LHR
EZE,PTY
EZE,CCC
EZE,SNU
EZE,CWB
EZE,FLN
EZE,POA
EZE,GYE
EZE,FRA
EZE,JNB
EZE,IAH
EZS,IST
EZS,ADB
EZS,SAW
EZS,ESB
EZV,EYK
EZV,HMA
EZV,IRM
EZV,TJM
FAE,BGO
FAE,BLL
FAE,CPH
FAE,RKV
FAE,SRP
FAI,BTT
FAI,CEM
FAI,CIK
FAI,FYU
FAI,MLY
FAI,RMP
FAI,SVS
FAI,TAL
FAI,WBQ
FAI,ANC
FAI,BTI
FAI,GAL
FAI,RBY
FAI,SCC
FAI,AET
FAI,AKP
FAI,KBC
FAI,LMA
FAI,SEA
FAI,HKB
FAO,DUS
FAO,HAM
FAO,MUC
FAO,PMI
FAO,TXL
FAO,LGW
FAO,ARN
FAO,CPH
FAO,OSL
FAO,DUB
FAO,BHX
FAO,BOH
FAO,BRE
FAO,BRS
FAO,BVA
FAO,CGN
FAO,CRL
FAO,DTM
FAO,EDI
FAO,EIN
FAO,EMA
FAO,FMM
FAO,HHN
FAO,KIR
FAO,LBA
FAO,LEJ
FAO,LPL
FAO,MAN
FAO,MST
FAO,NOC
FAO,NRN
FAO,OPO
FAO,ORK
FAO,PIK
FAO,RYG
FAO,STN
FAO,AMS
FAO,RTM
FAO,FRA
FAO,LIS
FAO,BFS
FAO,GLA
FAO,GVA
FAO,LTN
FAO,NCL
FAO,ORY
FAO,SEN
FAO,HAJ
FAO,STR
FAR,DFW
FAR,ORD
FAR,MSP
FAR,SLC
FAR,DEN
FAR,AZA
FAR,LAS
FAR,SFB
FAT,DFW
FAT,LAX
FAT,GDL
FAT,PDX
FAT,SAN
FAT,SEA
FAT,SLC
FAT,DEN
FAT,LAS
FAT,SFO
FAT,PHX
FAV,PPT
FAV,RGI
FAY,CLT
FAY,IAD
FAY,DCA
FBM,FIH
FBM,JNB
FBM,KGA
FBM,MJM
FBM,ADD
FBM,NBO
FBM,NLA
FBS,LKE
FBS,RCE
FCA,SEA
FCA,MSP
FCA,SLC
FCA,LAS
FCA,DEN
FCO,CGN
FCO,HAJ
FCO,STR
FCO,TLV
FCO,TIP
FCO,KIV
FCO,ATH
FCO,BOD
FCO,LYS
FCO,SXB
FCO,LHR
FCO,DUS
FCO,TXL
FCO,VIE
FCO,CDG
FCO,LCY
FCO,MPL
FCO,MRS
FCO,NCE
FCO,ORY
FCO,TLS
FCO,ALG
FCO,EZE
FCO,CMN
FCO,HEL
FCO,AGP
FCO,AMM
FCO,AMS
FCO,AOI
FCO,AUH
FCO,BCN
FCO,BDS
FCO,BEG
FCO,BEY
FCO,BIO
FCO,BLQ
FCO,BOS
FCO,BRI
FCO,BRU
FCO,BUD
FCO,BZO
FCO,CAG
FCO,CAI
FCO,CCS
FCO,CMB
FCO,CPH
FCO,CRA
FCO,CTA
FCO,DEL
FCO,EVN
FCO,FLR
FCO,FRA
FCO,GIG
FCO,GOA
FCO,GRU
FCO,GVA
FCO,GYD
FCO,IAS
FCO,ICN
FCO,IKA
FCO,IST
FCO,JFK
FCO,KBP
FCO,KIX
FCO,LED
FCO,LIN
FCO,LIS
FCO,LOS
FCO,LUX
FCO,MAD
FCO,MIA
FCO,MLA
FCO,MUC
FCO,MXP
FCO,NAP
FCO,NRT
FCO,OPO
FCO,ORN
FCO,OTP
FCO,PMO
FCO,PRG
FCO,PSA
FCO,PVG
FCO,REG
FCO,RIX
FCO,SOF
FCO,SUF
FCO,SVO
FCO,SVX
FCO,TBS
FCO,TGD
FCO,TIA
FCO,TPS
FCO,TRN
FCO,TRS
FCO,TSR
FCO,TUN
FCO,VCE
FCO,VLC
FCO,VRN
FCO,WAW
FCO,YYZ
FCO,ZRH
FCO,MSQ
FCO,LGW
FCO,DME
FCO,HAV
FCO,SCU
FCO,PEK
FCO,HKG
FCO,ARN
FCO,GOT
FCO,OSL
FCO,DUB
FCO,DXB
FCO,ADD
FCO,RTM
FCO,TAS
FCO,FOR
FCO,NTE
FCO,MLE
FCO,NOS
FCO,OLB
FCO,TFS
FCO,ZNZ
FCO,RZE
FCO,KWI
FCO,SKP
FCO,EWR
FCO,LBA
FCO,MAN
FCO,DBV
FCO,SPU
FCO,SAW
FCO,DOH
FCO,SIN
FCO,JED
FCO,RUH
FCO,BKK
FCO,BRS
FCO,BSL
FCO,HAM
FCO,SXF
FCO,IAD
FCO,VKO
FCO,PHL
FCO,VNO
FCO,DOK
FCO,BHX
FCO,LTN
FDE,BGO
FDE,OSL
FDF,CAY
FDF,PTP
FDF,SDQ
FDF,SLU
FDF,MIA
FDF,SJU
FDF,YUL
FDF,ORY
FDF,BGI
FDF,CDG
FDH,DUS
FDH,HAM
FDH,TXL
FDH,CGN
FDH,FRA
FDH,IST
FEG,DME
FEG,LED
FEG,KZN
FEG,TAS
FEG,KRR
FEG,OVB
FEN,NAT
FEN,REC
FEZ,CMN
FEZ,ORY
FEZ,BCN
FEZ,BGY
FEZ,BVA
FEZ,CIA
FEZ,CRL
FEZ,EBU
FEZ,EIN
FEZ,FNI
FEZ,HHN
FEZ,LIL
FEZ,MRS
FEZ,NRN
FEZ,NTE
FEZ,PSA
FEZ,STN
FEZ,CDG
FIH,BRU
FIH,DLA
FIH,CDG
FIH,BZV
FIH,BNB
FIH,FBM
FIH,FKI
FIH,KGA
FIH,KND
FIH,LJA
FIH,MDK
FIH,MJM
FIH,TSH
FIH,LBV
FIH,NBO
FIH,JNB
FIH,IST
FIH,COO
FJR,AUH
FJR,AZI
FKB,HAM
FKB,TXL
FKB,AGP
FKB,ALC
FKB,BRI
FKB,CIA
FKB,GRO
FKB,NYO
FKB,OPO
FKB,PMI
FKB,RAK
FKB,SKG
FKB,STN
FKB,TPS
FKB,BRE
FKI,BUX
FKI,FIH
FKI,GOM
FKL,CLE
FKL,DUJ
FKQ,AMQ
FKQ,KNG
FKQ,SOQ
FKS,ITM
FKS,CTS
FLA,BOG
FLG,PHX
FLL,BIM
FLL,ELH
FLL,EYW
FLL,FPO
FLL,GGT
FLL,GHB
FLL,MCO
FLL,MHH
FLL,TCB
FLL,TPA
FLL,AUA
FLL,DFW
FLL,ORD
FLL,PAP
FLL,YUL
FLL,YYZ
FLL,SEA
FLL,BOG
FLL,AUS
FLL,BDL
FLL,BOS
FLL,BUF
FLL,CUN
FLL,DCA
FLL,EWR
FLL,HPN
FLL,JFK
FLL,KIN
FLL,LAX
FLL,LGA
FLL,MDE
FLL,NAS
FLL,ORH
FLL,PVD
FLL,RDU
FLL,RIC
FLL,SDQ
FLL,SFO
FLL,SJO
FLL,SJU
FLL,SWF
FLL,MBJ
FLL,POS
FLL,IAH
FLL,CVG
FLL,DTW
FLL,MSP
FLL,DEN
FLL,TTN
FLL,ALB
FLL,BNA
FLL,BWI
FLL,CMH
FLL,HOU
FLL,IND
FLL,ISP
FLL,JAX
FLL,MCI
FLL,MDW
FLL,OAK
FLL,PBI
FLL,PHL
FLL,PIT
FLL,SAT
FLL,SJC
FLL,STL
FLL,AVL
FLL,GSP
FLL,LEX
FLL,PBG
FLL,TYS
FLL,ACY
FLL,AXM
FLL,BQN
FLL,CTG
FLL,GUA
FLL,IAG
FLL,LAS
FLL,LBE
FLL,LIM
FLL,MGA
FLL,MYR
FLL,PTY
FLL,SAL
FLL,SAP
FLL,STI
FLL,STT
FLL,SXM
FLL,TLC
FLL,ZSA
FLL,YQB
FLL,CLE
FLL,CLT
FLL,IAD
FLL,PHX
FLL,MKE
FLL,YOW
FLN,VCP
FLN,XAP
FLN,CGH
FLN,EZE
FLN,GIG
FLN,GRU
FLN,POA
FLN,BSB
FLN,CCM
FLN,CWB
FLN,JCB
FLO,CLT
FLR,LYS
FLR,DUS
FLR,STR
FLR,CDG
FLR,LCY
FLR,AMS
FLR,FCO
FLR,GVA
FLR,MUC
FLR,BCN
FLR,CTA
FLR,LHR
FLR,ORY
FLR,FRA
FLR,ZRH
FLR,TIA
FLR,BLQ
FLR,PMO
FLS,LST
FLS,MEB
FLW,CVU
FLW,HOR
FLW,TER
FMA,AEP
FMM,AGP
FMM,ALC
FMM,CHQ
FMM,CIA
FMM,DUB
FMM,EDI
FMM,FAO
FMM,GRO
FMM,NYO
FMM,OPO
FMM,PMI
FMM,RAK
FMM,STN
FMM,TFS
FMM,TPS
FMM,VLC
FMM,BEG
FMM,SKP
FMM,TGM
FMM,DOK
FMM,IEV
FMN,DEN
FMO,PMI
FMO,LCY
FMO,AGP
FMO,FRA
FMO,MUC
FMO,STR
FMO,AYT
FNA,BJL
FNA,DKR
FNA,LGW
FNA,ROB
FNA,CDG
FNA,CMN
FNA,LHR
FNA,ACC
FNA,MLW
FNA,LOS
FNC,DUS
FNC,LEJ
FNC,MUC
FNC,TXL
FNC,ZRH
FNC,BRU
FNC,FRA
FNC,HAM
FNC,SXF
FNC,CPH
FNC,OSL
FNC,AMS
FNC,LUX
FNC,LBA
FNC,MAN
FNC,LPA
FNC,DUB
FNC,LIS
FNC,OPO
FNC,ORY
FNC,PDL
FNC,PXO
FNC,BHX
FNC,LGW
FNC,CCS
FNC,LHR
FNC,BRS
FNC,CGN
FNC,HAJ
FNC,STR
FNI,CRL
FNI,FEZ
FNI,LTN
FNJ,PEK
FNJ,SHE
FNT,ORD
FNT,DTW
FNT,MSP
FNT,BWI
FNT,LAS
FNT,MCO
FNT,RSW
FNT,TPA
FNT,CLE
FOC,CSX
FOC,NNG
FOC,KHH
FOC,TPE
FOC,CTU
FOC,HAK
FOC,KWL
FOC,NKG
FOC,PEK
FOC,SZX
FOC,TNA
FOC,TYN
FOC,WUX
FOC,ZUH
FOC,HKG
FOC,CAN
FOC,CGO
FOC,WUH
FOC,KWE
FOC,SHA
FOC,LYG
FOC,RMQ
FOC,TSA
FOC,TAO
FOC,PVG
FOC,CZX
FOC,HFE
FOC,XIY
FOC,CGQ
FOC,SYX
FOC,XUZ
FOC,BKK
FOC,CGK
FOC,CKG
FOC,DLC
FOC,HGH
FOC,ICN
FOC,KMG
FOC,KUL
FOC,MFM
FOC,SIN
FOC,TSN
FOC,CIH
FOC,HIA
FOC,KIX
FOD,MSP
FON,XQP
FOR,BEL
FOR,CNF
FOR,JPA
FOR,NAT
FOR,REC
FOR,THE
FOR,VCP
FOR,BSB
FOR,GIG
FOR,GRU
FOR,SLZ
FOR,SSA
FOR,FCO
FOR,MAO
FOR,JDO
FOR,LIS
FOR,RAI
FPO,FLL
FPO,MIA
FPO,NAS
FPO,CLT
FPO,YYZ
FRA,KIV
FRA,ATH
FRA,SKG
FRA,AMM
FRA,DFW
FRA,KUL
FRA,LHR
FRA,ALC
FRA,AUH
FRA,BEG
FRA,CTA
FRA,DME
FRA,FUE
FRA,HEL
FRA,LCY
FRA,MAD
FRA,PMI
FRA,RIX
FRA,TFS
FRA,TXL
FRA,VIE
FRA,DOH
FRA,KRT
FRA,LCA
FRA,NAP
FRA,VNO
FRA,YOW
FRA,YUL
FRA,YVR
FRA,YYC
FRA,YYZ
FRA,CDG
FRA,DTW
FRA,JFK
FRA,ALG
FRA,BLR
FRA,BOM
FRA,DEL
FRA,MAA
FRA,PNQ
FRA,AMS
FRA,CMN
FRA,NDR
FRA,BOG
FRA,FCO
FRA,HAN
FRA,LIN
FRA,SGN
FRA,MSQ
FRA,BRS
FRA,CPH
FRA,CTU
FRA,NKG
FRA,PEK
FRA,PVG
FRA,SHE
FRA,TPE
FRA,HKG
FRA,ZRH
FRA,ACE
FRA,AGA
FRA,AGP
FRA,ANU
FRA,AYT
FRA,BJL
FRA,CPT
FRA,CUN
FRA,DJE
FRA,FNC
FRA,HAV
FRA,HER
FRA,HKT
FRA,HOG
FRA,HRG
FRA,JRO
FRA,LAS
FRA,LIS
FRA,LPA
FRA,MBA
FRA,MBJ
FRA,MLE
FRA,MRU
FRA,NBO
FRA,POP
FRA,PUJ
FRA,REC
FRA,SDQ
FRA,SEZ
FRA,SJU
FRA,SPC
FRA,SSA
FRA,TAB
FRA,TLV
FRA,UVF
FRA,VRA
FRA,XRY
FRA,DUB
FRA,DXB
FRA,VRN
FRA,ADD
FRA,SOF
FRA,KEF
FRA,LED
FRA,BAH
FRA,TAS
FRA,BCN
FRA,IKA
FRA,CAI
FRA,GYD
FRA,GIG
FRA,GRU
FRA,NRT
FRA,LJU
FRA,PRN
FRA,TSE
FRA,ICN
FRA,MLA
FRA,GVA
FRA,KWI
FRA,LUX
FRA,ABV
FRA,ABZ
FRA,ACC
FRA,ALA
FRA,ARN
FRA,BEY
FRA,BGO
FRA,BHX
FRA,BIO
FRA,BKK
FRA,BLL
FRA,BLQ
FRA,BOS
FRA,BRE
FRA,BRU
FRA,BSL
FRA,BUD
FRA,CCS
FRA,CLT
FRA,DBV
FRA,DEN
FRA,DMM
FRA,DRS
FRA,DUS
FRA,EBL
FRA,EDI
FRA,EWR
FRA,EZE
FRA,FAO
FRA,FDH
FRA,FLR
FRA,FMO
FRA,GDN
FRA,GOJ
FRA,GOT
FRA,GRZ
FRA,HAJ
FRA,HAM
FRA,HND
FRA,IAD
FRA,IAH
FRA,INN
FRA,IST
FRA,JED
FRA,JNB
FRA,KBP
FRA,KIX
FRA,KRK
FRA,KTW
FRA,KUF
FRA,LAD
FRA,LAX
FRA,LBV
FRA,LEJ
FRA,LNZ
FRA,LOS
FRA,LYS
FRA,MAN
FRA,MCO
FRA,MEX
FRA,MIA
FRA,MRS
FRA,MUC
FRA,MXP
FRA,NCE
FRA,NGO
FRA,NUE
FRA,OPO
FRA,ORD
FRA,OSL
FRA,OTP
FRA,PHL
FRA,POZ
FRA,PRG
FRA,RUH
FRA,RZE
FRA,SEA
FRA,SFO
FRA,SIN
FRA,SPU
FRA,STR
FRA,SVG
FRA,SVX
FRA,SZG
FRA,TIP
FRA,TLL
FRA,TLS
FRA,TRN
FRA,TUN
FRA,VCE
FRA,VKO
FRA,WAW
FRA,WRO
FRA,ZAG
FRA,PDL
FRA,OVB
FRA,SVO
FRA,WDH
FRA,ASB
FRA,ESB
FRA,SAW
FRA,NBE
FRA,CMB
FRA,MCT
FRA,DLM
FRA,ADB
FRA,TGD
FRD,BFI
FRD,ESD
FRE,HIR
FRE,VAO
FRO,BGO
FRO,FDE
FRO,HOV
FRO,KSU
FRO,OSL
FRS,BZE
FRS,GUA
FRU,URC
FRU,DME
FRU,LED
FRU,DXB
FRU,TAS
FRU,ALA
FRU,TSE
FRU,KJA
FRU,OSS
FRU,OVB
FRU,SGC
FRU,SVX
FRU,IST
FRU,SAW
FRU,CEK
FRU,KRR
FRU,SVO
FRU,ULN
FRU,DYU
FRU,KZN
FRW,GBE
FRW,JNB
FSC,MRS
FSC,NCE
FSC,CRL
FSC,ORY
FSD,DFW
FSD,ORD
FSD,DTW
FSD,MSP
FSD,DEN
FSD,AZA
FSD,LAS
FSM,DFW
FSP,YHZ
FSP,YUL
FSP,YYT
FSZ,TPE
FSZ,FUK
FSZ,KOJ
FSZ,ICN
FSZ,PVG
FSZ,CTS
FSZ,OKA
FTA,TAH
FTE,AEP
FTE,BRC
FTE,EZE
FTE,REL
FTE,USH
FTU,TLE
FTU,TNR
FUE,CGN
FUE,DUS
FUE,FRA
FUE,HAM
FUE,MUC
FUE,NUE
FUE,PAD
FUE,SZG
FUE,TFS
FUE,TXL
FUE,VIE
FUE,ZRH
FUE,BRU
FUE,HAJ
FUE,LEJ
FUE,STR
FUE,SXF
FUE,LGW
FUE,OSL
FUE,DUB
FUE,BCN
FUE,BGY
FUE,BHX
FUE,BRE
FUE,CRL
FUE,EDI
FUE,EMA
FUE,LBA
FUE,LPL
FUE,LTN
FUE,MAD
FUE,NRN
FUE,PIK
FUE,PSA
FUE,STN
FUE,AMS
FUE,FCO
FUE,MXP
FUE,VRN
FUE,LUX
FUE,LPA
FUE,TFN
FUE,ERF
FUE,FKB
FUE,CWL
FUE,GLA
FUE,MAN
FUE,NCL
FUE,BRS
FUE,BSL
FUE,ZQW
FUG,PEK
FUG,CAN
FUG,SHA
FUG,TSN
FUG,WNZ
FUG,XIY
FUG,XMN
FUJ,FUK
FUJ,NGS
FUK,ICN
FUK,HND
FUK,KIX
FUK,NRT
FUK,CTS
FUK,OKA
FUK,TPE
FUK,PUS
FUK,DLC
FUK,PVG
FUK,HKG
FUK,CAN
FUK,HNL
FUK,ITM
FUK,KMI
FUK,NGO
FUK,SDJ
FUK,FSZ
FUK,KIJ
FUK,MMJ
FUK,NKM
FUK,HAN
FUK,HNA
FUK,KCZ
FUK,SGN
FUK,TAO
FUK,AMS
FUK,CJU
FUK,FUJ
FUK,GUM
FUK,KMQ
FUK,SIN
FUK,TSJ
FUK,MNL
FUK,BKK
FUN,SUV
FUO,NAY
FUT,WLS
FVM,MLE
FWA,DFW
FWA,ORD
FWA,DTW
FWA,MSP
FWA,PGD
FWA,PIE
FWA,SFB
FYU,CIK
FYU,FAI
FYU,VEE
GAJ,HND
GAJ,ITM
GAL,FAI
GAL,HSL
GAL,KAL
GAL,NUL
GAL,RBY
GAM,OME
GAM,SVA
GAN,CMB
GAN,KDM
GAN,MLE
GAO,HAV
GAU,BLR
GAU,CCU
GAU,DEL
GAU,IMF
GAU,IXA
GAU,AJL
GAU,DIB
GAU,IXS
GAU,JRH
GAU,IXB
GAU,BKK
GAU,PBH
GAY,CCU
GAY,RGN
GAY,VNS
GAY,BKK
GAY,PBH
GAY,CMB
GBB,DME
GBD,HYS
GBE,BBK
GBE,CPT
GBE,FRW
GBE,HRE
GBE,JNB
GBE,LUN
GBE,MUB
GBE,NBO
GBT,MHD
GBT,THR
GBT,ZAH
GCC,RKS
GCC,SLC
GCC,DEN
GCI,LGW
GCI,BHX
GCI,EXT
GCI,JER
GCI,SOU
GCI,ACI
GCI,BRS
GCI,DNR
GCI,EMA
GCI,MAN
GCI,STN
GCK,DFW
GCM,HAV
GCM,MIA
GCM,YYZ
GCM,BOS
GCM,JFK
GCM,NAS
GCM,CYB
GCM,DFW
GCM,KIN
GCM,LCE
GCM,LYB
GCM,PTY
GCM,TPA
GCM,EWR
GCM,IAD
GCM,IAH
GCM,CLT
GCM,PHL
GCW,BLD
GDE,JIJ
GDL,MEX
GDL,MTY
GDL,SJD
GDL,SNA
GDL,TIJ
GDL,DFW
GDL,LAX
GDL,SJC
GDL,CEN
GDL,CJS
GDL,CUL
GDL,CUU
GDL,FAT
GDL,HMO
GDL,LAP
GDL,MZT
GDL,ONT
GDL,ORD
GDL,PTY
GDL,PVR
GDL,SMF
GDL,TLC
GDL,TRC
GDL,SFO
GDL,IAH
GDL,PHX
GDL,CUN
GDL,MID
GDL,REX
GDL,TGZ
GDL,VER
GDL,VSA
GDL,LAS
GDL,LMM
GDL,MDW
GDL,MXL
GDL,OAK
GDL,PBC
GDN,TXL
GDN,CPH
GDN,OSL
GDN,BHX
GDN,BRS
GDN,DUB
GDN,EDI
GDN,LBA
GDN,MAN
GDN,ORK
GDN,RYG
GDN,STN
GDN,AMS
GDN,KRK
GDN,RZE
GDN,FRA
GDN,MUC
GDN,WAW
GDN,AES
GDN,BCN
GDN,BGO
GDN,BGY
GDN,BVA
GDN,CGN
GDN,DSA
GDN,DTM
GDN,EIN
GDN,GLA
GDN,GSE
GDN,HAU
GDN,KRS
GDN,LBC
GDN,LPL
GDN,LTN
GDN,MMX
GDN,NYO
GDN,SVG
GDN,TKU
GDN,TRD
GDN,TRF
GDQ,ADD
GDQ,LLI
GDQ,SHC
GDT,PLS
GDT,SLX
GDT,XSC
GDV,SDY
GDX,IKT
GDX,KHV
GDX,OVB
GDX,VKO
GDX,DME
GDZ,OVS
GEA,ILP
GEA,KNQ
GEA,KOC
GEA,LIF
GEA,MEE
GEA,TGJ
GEA,TOU
GEA,UVE
GEG,PDX
GEG,SEA
GEG,LAX
GEG,MSP
GEG,SLC
GEG,DEN
GEG,MKE
GEG,PHX
GEG,BOI
GEG,LAS
GEG,OAK
GEL,POA
GEL,RIA
GEO,ANU
GEO,JFK
GEO,POS
GEO,TAB
GEO,MIA
GEO,PBM
GER,HAV
GES,ILO
GES,MNL
GES,CEB
GET,PER
GEV,ARN
GEV,KRF
GEV,KRN
GEV,LLA
GFF,NRA
GFF,SYD
GFK,MSP
GFK,AZA
GFK,LAS
GFK,SFB
GFK,DEN
GFN,TRO
GGG,DFW
GGT,FLL
GGT,MIA
GGT,YYZ
GGT,NAS
GGT,RSD
GGW,BIL
GGW,OLF
GHA,ALG
GHA,VVZ
GHB,FLL
GHB,NAS
GHE,PAC
GHT,TIP
GIB,LHR
GIB,LGW
GIB,BHX
GIB,LTN
GIB,MAN
GIG,DFW
GIG,JFK
GIG,MIA
GIG,VCP
GIG,CDG
GIG,AEP
GIG,EZE
GIG,IGR
GIG,BOG
GIG,FCO
GIG,LHR
GIG,PTY
GIG,SDQ
GIG,LAD
GIG,DXB
GIG,GRU
GIG,AJU
GIG,BEL
GIG,BSB
GIG,CGB
GIG,CGH
GIG,CGR
GIG,CNF
GIG,CWB
GIG,FLN
GIG,FOR
GIG,IGU
GIG,JPA
GIG,MAO
GIG,MCZ
GIG,NAT
GIG,NVT
GIG,POA
GIG,REC
GIG,SLZ
GIG,SSA
GIG,VIX
GIG,MAD
GIG,FRA
GIG,LIS
GIG,MVD
GIG,SCL
GIG,AMS
GIG,RAO
GIG,LIM
GIG,OPO
GIG,IAH
GIG,CLT
GIL,ISB
GIS,AKL
GIS,WLG
GIZ,DMM
GIZ,JED
GIZ,RUH
GJA,LCE
GJT,DFW
GJT,SLC
GJT,LAS
GJT,DEN
GJT,IAH
GJT,PHX
GKA,POM
GKK,KDO
GKK,MLE
GLA,LHR
GLA,CWL
GLA,AMS
GLA,LCY
GLA,LGW
GLA,BEB
GLA,BHD
GLA,BHX
GLA,BRR
GLA,CAL
GLA,CFN
GLA,EMA
GLA,EXT
GLA,ILY
GLA,KOI
GLA,LBA
GLA,LSI
GLA,MAN
GLA,SNN
GLA,SOU
GLA,SYY
GLA,TRE
GLA,CPH
GLA,ACE
GLA,TFS
GLA,DUB
GLA,ORK
GLA,DXB
GLA,KEF
GLA,DUS
GLA,EWR
GLA,ALC
GLA,BCN
GLA,LPA
GLA,FUE
GLA,NBE
GLA,PMI
GLA,YYZ
GLA,AGP
GLA,BFS
GLA,BRS
GLA,CDG
GLA,FAO
GLA,JER
GLA,LTN
GLA,STN
GLA,SXF
GLA,GDN
GLA,WAW
GLF,PJM
GLF,SYQ
GLF,SJO
GLH,TUP
GLK,BSA
GLK,MGQ
GLK,WJR
GLN,TTA
GLN,LPA
GLO,IOM
GLT,BNE
GLT,ROK
GLT,SYD
GLV,OME
GLV,WMO
GLV,ELI
GMA,MDK
GMB,ADD
GMB,JIM
GMO,ABV
GMP,CJU
GMP,NGO
GMP,TSA
GMP,PEK
GMP,SHA
GMP,HND
GMP,KIX
GMP,HIN
GMP,KPO
GMP,KWJ
GMP,PUS
GMP,RSU
GMP,USN
GMR,PPT
GMZ,TFN
GND,MIA
GND,UVF
GND,JFK
GND,POS
GND,YYZ
GND,BGI
GND,SVD
GND,PMV
GNM,SSA
GNU,PTU
GNV,MCO
GNV,TPA
GNV,MIA
GNV,CLT
GNY,IST
GNY,ADB
GNY,SAW
GNY,ESB
GOA,CDG
GOA,CTA
GOA,FCO
GOA,LGW
GOA,BRI
GOA,CAG
GOA,STN
GOA,TPS
GOA,MUC
GOA,TIA
GOA,IST
GOA,PMO
GOH,JAV
GOH,JFR
GOH,JHS
GOH,JSU
GOH,KUS
GOH,SFJ
GOH,UAK
GOH,RKV
GOI,AMD
GOI,BLR
GOI,BOM
GOI,DEL
GOI,MAA
GOI,DXB
GOI,KWI
GOI,PNQ
GOI,LGW
GOI,SHJ
GOI,TRV
GOI,DOH
GOI,HYD
GOI,SVO
GOJ,SVX
GOJ,FRA
GOJ,PRG
GOJ,DME
GOJ,SVO
GOJ,CEK
GOJ,DXB
GOJ,DYU
GOJ,EVN
GOJ,LBD
GOJ,NMA
GOJ,TAS
GOJ,KZN
GOJ,EGO
GOJ,NSK
GOM,BKY
GOM,BNC
GOM,FKI
GOP,DEL
GOQ,XIY
GOQ,XNN
GOT,LYS
GOT,LHR
GOT,TXL
GOT,CDG
GOT,BMA
GOT,HEL
GOT,AAR
GOT,MAN
GOT,BHX
GOT,AGP
GOT,ALC
GOT,ARN
GOT,BCN
GOT,FCO
GOT,LGW
GOT,LPA
GOT,TFS
GOT,BLE
GOT,SDL
GOT,IKA
GOT,AMS
GOT,DUS
GOT,FRA
GOT,MUC
GOT,CPH
GOT,IST
GOT,OSL
GOT,BRU
GOT,EBL
GOU,NDJ
GOU,NSI
GOV,CNS
GOV,DRW
GOV,GTE
GPB,CWB
GPI,CLO
GPS,GYE
GPS,UIO
GPT,DFW
GPT,IAH
GPT,CLT
GPT,PIE
GPZ,TVF
GRB,ORD
GRB,DTW
GRB,MSP
GRI,DFW
GRI,AZA
GRI,LAS
GRJ,JNB
GRJ,CPT
GRJ,DUR
GRK,DFW
GRK,IAH
GRO,AAR
GRO,AHO
GRO,BHX
GRO,BLL
GRO,BOH
GRO,BRE
GRO,BRS
GRO,BVA
GRO,BZG
GRO,CAG
GRO,CGN
GRO,CRL
GRO,DUB
GRO,EIN
GRO,FKB
GRO,FMM
GRO,HHN
GRO,JKG
GRO,KLR
GRO,KRK
GRO,KSD
GRO,KTW
GRO,LBC
GRO,LTN
GRO,MAN
GRO,MLA
GRO,MMX
GRO,MST
GRO,NCL
GRO,NOC
GRO,NRN
GRO,ORK
GRO,PFO
GRO,POZ
GRO,PSA
GRO,PSR
GRO,RAK
GRO,RBA
GRO,SFT
GRO,STN
GRO,TLL
GRO,TMP
GRO,TPS
GRO,TRF
GRO,TSF
GRO,VST
GRO,WRO
GRO,IEV
GRP,MQH
GRQ,BGY
GRQ,LPA
GRR,DFW
GRR,ORD
GRR,CVG
GRR,DTW
GRR,LGA
GRR,MSP
GRR,BWI
GRR,HOU
GRR,MCO
GRR,RSW
GRR,STL
GRR,TPA
GRR,AZA
GRR,LAS
GRR,PIE
GRR,SFB
GRR,CLE
GRR,DEN
GRR,EWR
GRR,IAD
GRR,IAH
GRU,DFW
GRU,JFK
GRU,MCO
GRU,MIA
GRU,YYZ
GRU,ARU
GRU,BSB
GRU,CGB
GRU,CNF
GRU,CWB
GRU,GYN
GRU,IPN
GRU,PLU
GRU,POA
GRU,REC
GRU,SDU
GRU,SSA
GRU,CDG
GRU,MEX
GRU,AEP
GRU,EZE
GRU,BOG
GRU,FCO
GRU,LHR
GRU,MAD
GRU,PTY
GRU,DTW
GRU,LAD
GRU,DXB
GRU,UIO
GRU,LFW
GRU,AUH
GRU,AJU
GRU,ASU
GRU,BEL
GRU,BGI
GRU,BPS
GRU,CCS
GRU,CGR
GRU,COR
GRU,FLN
GRU,FOR
GRU,GIG
GRU,IGU
GRU,JPA
GRU,LDB
GRU,MAO
GRU,MCZ
GRU,MGF
GRU,MVD
GRU,NAT
GRU,NVT
GRU,SDQ
GRU,SLZ
GRU,THE
GRU,UDI
GRU,VIX
GRU,VVI
GRU,AGT
GRU,FRA
GRU,IAD
GRU,JNB
GRU,JOI
GRU,LIM
GRU,LIS
GRU,MUC
GRU,MXP
GRU,OPO
GRU,ORD
GRU,RAO
GRU,SCL
GRU,SJP
GRU,LAX
GRU,AMS
GRU,ZRH
GRU,JDO
GRU,PFB
GRU,CBB
GRU,VDC
GRU,DOH
GRU,BCN
GRU,IST
GRU,EWR
GRU,IAH
GRU,CLT
GRV,DME
GRW,TER
GRX,LCY
GRX,BCN
GRX,MAD
GRX,MLN
GRX,PMI
GRZ,ZRH
GRZ,TFS
GRZ,TXL
GRZ,DUS
GRZ,FRA
GRZ,MUC
GRZ,STR
GRZ,VIE
GRZ,AYT
GSE,VBY
GSE,AGP
GSE,AHO
GSE,ALC
GSE,BGY
GSE,BVA
GSE,CIA
GSE,EDI
GSE,KRK
GSE,MLA
GSE,STN
GSE,BEG
GSE,BUD
GSE,GDN
GSE,SKP
GSE,TZL
GSE,WAW
GSM,MHD
GSM,SYZ
GSM,THR
GSM,DXB
GSM,KIH
GSO,DFW
GSO,MIA
GSO,DTW
GSO,LGA
GSO,DEN
GSO,PIE
GSO,SFB
GSO,EWR
GSO,IAD
GSO,ORD
GSO,PHL
GSO,CLT
GSO,DCA
GSP,DFW
GSP,DTW
GSP,LGA
GSP,BWI
GSP,FLL
GSP,PGD
GSP,PIE
GSP,SFB
GSP,CLE
GSP,EWR
GSP,IAD
GSP,IAH
GSP,ORD
GSP,CLT
GSP,DCA
GSP,PHL
GSP,BNA
GSP,HOU
GSP,MDW
GST,JNU
GTE,DRW
GTE,GOV
GTF,HLN
GTF,SEA
GTF,MSP
GTF,SLC
GTF,AZA
GTF,LAS
GTF,DEN
GTO,UPG
GTO,MDC
GUA,MEX
GUA,DFW
GUA,MIA
GUA,TAP
GUA,BOG
GUA,SAL
GUA,LAX
GUA,MGA
GUA,PTY
GUA,SJO
GUA,SAP
GUA,FLL
GUA,FRS
GUA,TGU
GUA,EWR
GUA,IAH
GUC,DEN
GUM,ICN
GUM,TPE
GUM,KIX
GUM,NGO
GUM,NRT
GUM,PUS
GUM,CTS
GUM,FUK
GUM,HIJ
GUM,KIJ
GUM,OKJ
GUM,SDJ
GUM,MNL
GUM,CNS
GUM,HKG
GUM,HNL
GUM,ROP
GUM,ROR
GUM,SPN
GUM,TKK
GUM,YAP
GUR,LSA
GUR,MIS
GUR,POM
GUW,ALA
GUW,SCO
GUW,TSE
GUW,AMS
GUW,IST
GUW,SVO
GUW,VKO
GUW,URA
GVA,HAM
GVA,TXL
GVA,ATH
GVA,BIQ
GVA,LHR
GVA,MAD
GVA,YUL
GVA,CDG
GVA,ALG
GVA,CMN
GVA,HEL
GVA,LIS
GVA,OPO
GVA,CBG
GVA,FCO
GVA,FLR
GVA,ARN
GVA,CPH
GVA,PEK
GVA,OSL
GVA,DUB
GVA,DXB
GVA,AUH
GVA,LUG
GVA,VLC
GVA,BRU
GVA,AMS
GVA,FRA
GVA,LUX
GVA,DUS
GVA,MUC
GVA,WAW
GVA,AGP
GVA,BCN
GVA,CAI
GVA,DME
GVA,EWR
GVA,IAD
GVA,IST
GVA,JFK
GVA,LCY
GVA,LED
GVA,NCE
GVA,PMI
GVA,PRG
GVA,PRN
GVA,RAK
GVA,TLV
GVA,VIE
GVA,ZRH
GVA,BEY
GVA,AYT
GVA,KBP
GVA,DOH
GVA,AMM
GVA,JER
GVA,SVO
GVA,JED
GVA,RUH
GVA,MRS
GVA,MXP
GVA,DJE
GVA,TUN
GVA,AJA
GVA,ALC
GVA,BDS
GVA,BOD
GVA,BRS
GVA,BUD
GVA,CTA
GVA,EDI
GVA,FAO
GVA,HRG
GVA,LGW
GVA,LIL
GVA,LPL
GVA,LTN
GVA,MAN
GVA,NAP
GVA,NTE
GVA,OLB
GVA,ORY
GVA,SCQ
GVA,SSH
GVA,SVQ
GVA,SXF
GVA,TLS
GVA,VCE
GVA,OTP
GVR,PLU
GWD,KHI
GWD,MCT
GWD,TUK
GWL,BOM
GWT,DUS
GXF,ADE
GXF,SAH
GXF,AUH
GXF,JED
GXH,LHW
GYA,TDD
GYD,NBC
GYD,CDG
GYD,FCO
GYD,MXP
GYD,MSQ
GYD,LHR
GYD,URC
GYD,SCO
GYD,LED
GYD,DXB
GYD,TAS
GYD,CEK
GYD,OMS
GYD,IKA
GYD,DME
GYD,DOH
GYD,ESB
GYD,FRA
GYD,IST
GYD,KBP
GYD,KVD
GYD,LWO
GYD,MRV
GYD,OVB
GYD,PEK
GYD,PRG
GYD,SAW
GYD,SIP
GYD,SVX
GYD,TBS
GYD,TBZ
GYD,TLV
GYD,VIE
GYD,ALA
GYD,TSE
GYD,ASB
GYD,HRK
GYD,SVO
GYD,KZN
GYD,BUD
GYD,KJA
GYD,UFA
GYE,GPS
GYE,SCY
GYE,UIO
GYE,JFK
GYE,MIA
GYE,AMS
GYE,BOG
GYE,CLO
GYE,PTY
GYE,CUE
GYE,ESM
GYE,LOH
GYE,LTX
GYE,MAD
GYE,CCS
GYE,EZE
GYE,LIM
GYE,SCL
GYE,SAL
GYN,CGB
GYN,CNF
GYN,GRU
GYN,PMW
GYN,SDU
GYN,VCP
GYN,BSB
GYN,CGH
GYN,RAO
GYN,UDI
GYS,CAN
GYS,HGH
GYS,PEK
GZO,BAS
GZO,CHY
GZO,EGM
GZO,HIR
GZO,MUA
GZP,SAW
GZT,IST
GZT,ADB
GZT,ECN
GZT,SAW
GZT,ESB
HAA,HFT
HAA,TOS
HAC,HND
HAD,ARN
HAD,JKG
HAD,BMA
HAD,VXO
HAH,NBO
HAH,DZA
HAH,JIB
HAH,TNR
HAH,DAR
HAJ,ADA
HAJ,BCN
HAJ,ESB
HAJ,FCO
HAJ,MXP
HAJ,PMI
HAJ,PRN
HAJ,SAW
HAJ,STN
HAJ,STR
HAJ,TFS
HAJ,VIE
HAJ,LHR
HAJ,ACE
HAJ,HRG
HAJ,LPA
HAJ,CDG
HAJ,AMS
HAJ,MSQ
HAJ,BHX
HAJ,MAN
HAJ,SOU
HAJ,BRS
HAJ,AYT
HAJ,FUE
HAJ,AGP
HAJ,BRU
HAJ,CPH
HAJ,FRA
HAJ,MUC
HAJ,ZRH
HAJ,SVO
HAJ,IST
HAJ,AGA
HAJ,DLM
HAJ,FAO
HAJ,FNC
HAJ,LIS
HAJ,XRY
HAJ,ADB
HAK,SIN
HAK,CKG
HAK,CTU
HAK,HGH
HAK,NGB
HAK,ZUH
HAK,KMG
HAK,JJN
HAK,CAN
HAK,CGO
HAK,CSX
HAK,FOC
HAK,HYN
HAK,PEK
HAK,SZX
HAK,TAO
HAK,TPE
HAK,HKG
HAK,LHW
HAK,NKG
HAK,NNG
HAK,PVG
HAK,SWA
HAK,WUH
HAK,XMN
HAK,KHH
HAK,SHA
HAK,AQG
HAK,BHY
HAK,HJJ
HAK,KOW
HAK,KWE
HAK,KWL
HAK,TSN
HAK,TXN
HAK,ZYI
HAK,CIH
HAK,HFE
HAK,KHN
HAK,TYN
HAK,XFN
HAK,XIY
HAK,UYN
HAM,FDH
HAM,FKB
HAM,AMS
HAM,ARN
HAM,BCN
HAM,BHX
HAM,BUD
HAM,CGN
HAM,ESB
HAM,GVA
HAM,MAD
HAM,MAN
HAM,MXP
HAM,NUE
HAM,OSL
HAM,PMI
HAM,PRN
HAM,SAW
HAM,STR
HAM,VIE
HAM,LHR
HAM,ACE
HAM,AGP
HAM,ALC
HAM,AYT
HAM,DUS
HAM,FAO
HAM,FUE
HAM,HEL
HAM,LPA
HAM,MUC
HAM,RIX
HAM,SZG
HAM,TFS
HAM,CDG
HAM,TLS
HAM,BRS
HAM,FNC
HAM,HRG
HAM,LCA
HAM,SPC
HAM,DUB
HAM,DXB
HAM,LED
HAM,SVO
HAM,IKA
HAM,MLA
HAM,SCN
HAM,BRU
HAM,BSL
HAM,CPH
HAM,EWR
HAM,FRA
HAM,LIS
HAM,WAW
HAM,ZRH
HAM,PRG
HAM,BRN
HAM,IST
HAM,NBE
HAM,EDI
HAM,FCO
HAM,LGW
HAM,LTN
HAM,BVC
HAM,CUN
HAM,PUJ
HAM,ADB
HAN,MNL
HAN,NRT
HAN,RMQ
HAN,CDG
HAN,KUL
HAN,FRA
HAN,KHH
HAN,CXR
HAN,DAD
HAN,SGN
HAN,TPE
HAN,HKG
HAN,CAN
HAN,PEK
HAN,DMK
HAN,FUK
HAN,KIX
HAN,NGO
HAN,PNH
HAN,REP
HAN,ICN
HAN,PUS
HAN,SIN
HAN,BKK
HAN,LPQ
HAN,VTE
HAN,SVO
HAN,BMV
HAN,DLI
HAN,HUI
HAN,CTU
HAN,DIN
HAN,DME
HAN,LGW
HAN,PQC
HAN,PVG
HAN,PXU
HAN,RGN
HAN,TBB
HAN,UIH
HAN,VCA
HAN,VCL
HAN,VDH
HAN,VII
HAQ,DRV
HAS,DXB
HAS,DMM
HAS,JED
HAS,RUH
HAU,LPA
HAU,OSL
HAU,AGP
HAU,ALC
HAU,PMI
HAU,STN
HAU,CPH
HAU,GDN
HAU,BGO
HAV,MEX
HAV,BCA
HAV,BYM
HAV,CCC
HAV,CMW
HAV,GCM
HAV,GER
HAV,HOG
HAV,MGA
HAV,MOA
HAV,MZO
HAV,SCU
HAV,YYZ
HAV,CDG
HAV,CUN
HAV,BOG
HAV,CYO
HAV,FCO
HAV,MBJ
HAV,PTY
HAV,CCS
HAV,CFG
HAV,EZE
HAV,GAO
HAV,MAD
HAV,ORY
HAV,SDQ
HAV,SVO
HAV,FRA
HAV,UIO
HAV,AMS
HAV,LIM
HAV,SAL
HAV,NAS
HAV,LGW
HBA,SYD
HBA,BNE
HBA,MEL
HBE,BEN
HBE,TIP
HBE,ATH
HBE,AMM
HBE,BEY
HBE,DMM
HBE,JED
HBE,KWI
HBE,RUH
HBE,DXB
HBE,MRA
HBE,SEB
HBE,TOB
HBE,CAI
HBE,SSH
HBE,HRG
HBE,IST
HBE,MED
HBE,ELQ
HBE,DOH
HBU,HVD
HBX,BLR
HBX,BOM
HCR,ANI
HCR,ANV
HDG,CTU
HDG,CAN
HDG,CKG
HDG,DLC
HDG,PVG
HDG,SHA
HDN,DEN
HDS,CPT
HDS,JNB
HDY,KUL
HDY,DMK
HDY,CNX
HDY,BKK
HDY,SIN
HEA,KBL
HEA,MHD
HEH,KET
HEH,LSH
HEH,MDL
HEH,NYU
HEH,RGN
HEH,SNW
HEK,HRB
HEK,OHE
HEL,POR
HEL,JFK
HEL,LHR
HEL,DUS
HEL,FRA
HEL,HAM
HEL,MUC
HEL,TXL
HEL,VIE
HEL,CDG
HEL,KTT
HEL,AGP
HEL,AMS
HEL,ARN
HEL,BCN
HEL,BKK
HEL,BMA
HEL,BRU
HEL,BUD
HEL,CKG
HEL,CPH
HEL,DEL
HEL,DXB
HEL,FCO
HEL,GOT
HEL,GVA
HEL,HKG
HEL,ICN
HEL,IVL
HEL,JOE
HEL,JYV
HEL,KAJ
HEL,KAO
HEL,KEF
HEL,KEM
HEL,KIX
HEL,KOK
HEL,KUO
HEL,LED
HEL,LIS
HEL,MAD
HEL,MAN
HEL,MHQ
HEL,MSQ
HEL,MXP
HEL,NGO
HEL,NRK
HEL,NRT
HEL,OSL
HEL,OUL
HEL,PEK
HEL,PRG
HEL,PVG
HEL,RIX
HEL,RVN
HEL,SIN
HEL,SVO
HEL,SVX
HEL,TAY
HEL,TKU
HEL,TLL
HEL,TLV
HEL,TMP
HEL,VAA
HEL,VNO
HEL,VRK
HEL,WAW
HEL,ZRH
HEL,CEE
HEL,ALC
HEL,LGW
HEL,LPA
HEL,ORY
HEL,TFS
HEL,KBP
HEL,IST
HEL,ACE
HER,ATH
HER,SKG
HER,VIE
HER,DUS
HER,FRA
HER,JIK
HER,JSH
HER,KGS
HER,KIT
HER,MJT
HER,RHO
HER,ORY
HER,MAN
HET,CGO
HET,CTU
HET,TYN
HET,SJW
HET,TPE
HET,CAN
HET,HGH
HET,PEK
HET,PVG
HET,SHE
HET,TNA
HET,TSN
HET,CGQ
HET,DLC
HET,INC
HET,LYA
HET,TGO
HET,URC
HET,XIL
HET,HLD
HET,SHA
HET,CIF
HET,DSN
HET,ERL
HET,HLH
HET,RLK
HET,WUA
HET,HRB
HET,SYX
HET,SZX
HET,WUH
HET,HKG
HET,UYN
HET,YIE
HET,NAY
HET,CSX
HET,NKG
HET,XIY
HET,CKG
HFE,CTU
HFE,KMG
HFE,CSX
HFE,ICN
HFE,KWE
HFE,MFM
HFE,PEK
HFE,SZX
HFE,TAO
HFE,XMN
HFE,CAN
HFE,XIY
HFE,TPE
HFE,KHH
HFE,TSA
HFE,CGO
HFE,NNG
HFE,SJW
HFE,SWA
HFE,WNZ
HFE,DLC
HFE,FOC
HFE,HAK
HFE,HRB
HFE,LHW
HFE,SIN
HFE,SYX
HFE,TYN
HFE,CKG
HFE,HKG
HFE,KWL
HFE,PVG
HFE,TXN
HFE,SHE
HFS,ARN
HFS,TYF
HFT,ALF
HFT,BVG
HFT,HAA
HFT,HVG
HFT,MEH
HFT,SOJ
HFT,TOS
HGA,BBO
HGA,WJR
HGD,RCM
HGD,TSV
HGH,KLO
HGH,SIN
HGH,CGO
HGH,CKG
HGH,CTU
HGH,DLC
HGH,HAK
HGH,TSN
HGH,TYN
HGH,KMG
HGH,SHE
HGH,SJW
HGH,SYX
HGH,SZX
HGH,KHH
HGH,RMQ
HGH,BKI
HGH,CSX
HGH,TPE
HGH,BHY
HGH,CAN
HGH,DEL
HGH,GYS
HGH,HET
HGH,HKG
HGH,HRB
HGH,ICN
HGH,INC
HGH,JJN
HGH,KIX
HGH,KWE
HGH,KWL
HGH,LHW
HGH,LJG
HGH,MFM
HGH,NNG
HGH,NRT
HGH,PEK
HGH,PUS
HGH,TAO
HGH,TNA
HGH,WEH
HGH,XIY
HGH,XMN
HGH,YCU
HGH,YNT
HGH,ZHA
HGH,AMS
HGH,CGQ
HGH,NNY
HGH,WUH
HGH,ZUH
HGH,KUL
HGH,DMK
HGH,XFN
HGH,HUN
HGH,TSA
HGH,DSN
HGH,JGS
HGH,KHN
HGH,SWA
HGH,YIH
HGH,JNZ
HGH,JHG
HGH,CJJ
HGH,FOC
HGH,CJU
HGH,HKT
HGH,LYG
HGH,LYI
HGH,DAD
HGN,CNX
HGR,IAD
HGU,LAE
HGU,MXH
HGU,POM
HGU,TBG
HGU,TIZ
HGU,WWK
HHH,CLT
HHN,ACE
HHN,AGP
HHN,AHO
HHN,ALC
HHN,BGY
HHN,BRI
HHN,CAG
HHN,CIA
HHN,DUB
HHN,EDI
HHN,FAO
HHN,FEZ
HHN,GRO
HHN,KIR
HHN,KUN
HHN,LPA
HHN,MPL
HHN,NDR
HHN,NYO
HHN,OPO
HHN,PMI
HHN,PSA
HHN,PSR
HHN,RAK
HHN,REU
HHN,RIX
HHN,RYG
HHN,SCQ
HHN,SDR
HHN,SKG
HHN,STN
HHN,SUF
HHN,TFS
HHN,TLL
HHN,TMP
HHN,TNG
HHN,TPS
HHN,TSF
HHN,VLC
HHN,WMI
HHN,XRY
HHN,BUD
HHN,KTW
HHN,SOF
HHN,TGM
HHQ,SZB
HIA,XIY
HIA,CAN
HIA,CSX
HIA,FOC
HIA,HKG
HIA,NGB
HIA,PEK
HIA,PVG
HIA,SHA
HIA,SHE
HIA,WNZ
HIA,WUH
HIA,XMN
HIB,MSP
HID,CNS
HIJ,DLC
HIJ,TPE
HIJ,NRT
HIJ,SDJ
HIJ,CTS
HIJ,HND
HIJ,PVG
HIJ,GUM
HIJ,ICN
HIJ,OKA
HIN,CJU
HIN,GMP
HIR,VLI
HIR,AKS
HIR,ATD
HIR,BNE
HIR,BNY
HIR,CHY
HIR,EGM
HIR,FRE
HIR,GZO
HIR,IRA
HIR,JJA
HIR,KGE
HIR,MUA
HIR,NAN
HIR,NNB
HIR,RBV
HIR,RNA
HIR,RNL
HIR,RUS
HIR,SCZ
HIR,VAO
HIR,POM
HJJ,KMG
HJJ,SHA
HJJ,CAN
HJJ,CSX
HJJ,HAK
HJJ,XIY
HJR,VNS
HKB,FAI
HKD,TPE
HKD,HND
HKD,ITM
HKD,MSJ
HKD,CTS
HKD,KIX
HKD,NGO
HKG,CEB
HKG,SIN
HKG,CTU
HKG,YIH
HKG,ZHA
HKG,CRK
HKG,ILO
HKG,MNL
HKG,ICN
HKG,PVG
HKG,BOM
HKG,DEL
HKG,JFK
HKG,LAX
HKG,NRT
HKG,ORD
HKG,SFO
HKG,YVR
HKG,YYZ
HKG,RMQ
HKG,CDG
HKG,KIX
HKG,BKI
HKG,KUL
HKG,BNE
HKG,HEL
HKG,MEL
HKG,SYD
HKG,ADL
HKG,LHR
HKG,DAC
HKG,BWN
HKG,TPE
HKG,PUS
HKG,CKG
HKG,DLC
HKG,HGH
HKG,PEK
HKG,TSN
HKG,WUH
HKG,CGK
HKG,KHH
HKG,TNN
HKG,AKL
HKG,AMS
HKG,AUH
HKG,BAH
HKG,BKK
HKG,BLR
HKG,CAN
HKG,CCU
HKG,CGO
HKG,CJU
HKG,CNS
HKG,CNX
HKG,CSX
HKG,CTS
HKG,DAD
HKG,DME
HKG,DPS
HKG,DXB
HKG,FCO
HKG,FOC
HKG,FRA
HKG,FUK
HKG,HAK
HKG,HAN
HKG,HKT
HKG,HND
HKG,HYD
HKG,JNB
HKG,KHV
HKG,KMG
HKG,KTM
HKG,KWL
HKG,MAA
HKG,MLE
HKG,MXP
HKG,NAN
HKG,NGB
HKG,NGO
HKG,NKG
HKG,OKA
HKG,PEN
HKG,PER
HKG,RUH
HKG,SGN
HKG,SHA
HKG,SUB
HKG,SYX
HKG,TAO
HKG,VVO
HKG,WNZ
HKG,XIY
HKG,XMN
HKG,MXZ
HKG,SHE
HKG,SWA
HKG,DMK
HKG,ADD
HKG,HET
HKG,HRB
HKG,KWE
HKG,NNG
HKG,TYN
HKG,XUZ
HKG,PNH
HKG,REP
HKG,RGN
HKG,ALA
HKG,MUC
HKG,ZRH
HKG,TLV
HKG,JJN
HKG,WUS
HKG,MRU
HKG,ULN
HKG,HFE
HKG,HIA
HKG,KHN
HKG,LJG
HKG,LYG
HKG,TNA
HKG,WUX
HKG,YNT
HKG,YNZ
HKG,USM
HKG,POM
HKG,DOH
HKG,IKT
HKG,OVB
HKG,SVO
HKG,IST
HKG,EWR
HKG,GUM
HKK,CHC
HKN,LAE
HKN,RAB
HKN,POM
HKT,SIN
HKT,CKG
HKT,CTU
HKT,MNL
HKT,BKK
HKT,ICN
HKT,PVG
HKT,KUL
HKT,PEK
HKT,HKG
HKT,CAN
HKT,DMK
HKT,DXB
HKT,AUH
HKT,CNX
HKT,UTH
HKT,PEN
HKT,SYD
HKT,ZRH
HKT,HGH
HKT,KMG
HKT,USM
HKT,UTP
HKT,CGK
HKT,OVB
HKT,SVO
HKT,DME
HKT,LED
HKT,SVX
HKT,VKO
HKT,PER
HLA,CPT
HLA,DUR
HLD,HTA
HLD,PEK
HLD,DQA
HLD,HET
HLD,CIF
HLD,JGD
HLD,TSN
HLD,TGO
HLD,NAY
HLD,COQ
HLH,PEK
HLH,HET
HLH,SHE
HLH,NAY
HLN,GTF
HLN,SEA
HLN,MSP
HLN,SLC
HLN,DEN
HLT,MEB
HLT,PTJ
HLZ,AKL
HLZ,CHC
HLZ,PMR
HLZ,WLG
HMA,DME
HMA,EYK
HMA,EZV
HMA,IRM
HMA,SGC
HMB,KWI
HMB,CAI
HMB,JED
HMB,RUH
HMI,KRL
HMI,PEK
HMI,CGO
HMI,URC
HMI,XIY
HMO,MEX
HMO,DFW
HMO,CEN
HMO,CJS
HMO,CUL
HMO,CUU
HMO,GDL
HMO,LAX
HMO,LMM
HMO,MTY
HMO,MXL
HMO,PHX
HMO,PPE
HMO,TIJ
HMV,VHM
HNA,NKM
HNA,CTS
HNA,FUK
HNA,ITM
HND,FUK
HND,KIX
HND,KKJ
HND,HNL
HND,JFK
HND,SFO
HND,CDG
HND,LHR
HND,AKJ
HND,CTS
HND,KMJ
HND,KOJ
HND,OKA
HND,UKB
HND,TSA
HND,PEK
HND,SHA
HND,HKG
HND,KUL
HND,LAX
HND,SEA
HND,DXB
HND,DPS
HND,HKD
HND,KUH
HND,MMB
HND,OBO
HND,AOJ
HND,ASJ
HND,AXT
HND,BKK
HND,GAJ
HND,GMP
HND,HIJ
HND,ITM
HND,IZO
HND,KCZ
HND,KMI
HND,KMQ
HND,MSJ
HND,MYJ
HND,NGO
HND,NGS
HND,OIT
HND,OKJ
HND,SHM
HND,SIN
HND,TAK
HND,TKS
HND,UBJ
HND,ICN
HND,FRA
HND,HAC
HND,HSG
HND,ISG
HND,IWJ
HND,IWK
HND,MYE
HND,NTQ
HND,OIM
HND,ONJ
HND,SHB
HND,SYO
HND,TOY
HND,TTJ
HND,WKJ
HND,YGJ
HND,MMY
HNH,JNU
HNH,GST
HNL,DFW
HNL,HND
HNL,KIX
HNL,LAX
HNL,NGO
HNL,NRT
HNL,OAK
HNL,SJC
HNL,SYD
HNL,YVR
HNL,ANC
HNL,BLI
HNL,PDX
HNL,SAN
HNL,SEA
HNL,TPE
HNL,FUK
HNL,ICN
HNL,SFO
HNL,SLC
HNL,APW
HNL,CXI
HNL,NAN
HNL,LAS
HNL,AKL
HNL,BNE
HNL,ITO
HNL,JFK
HNL,KOA
HNL,LIH
HNL,OGG
HNL,PHX
HNL,PPG
HNL,PPT
HNL,SDJ
HNL,SMF
HNL,MEL
HNL,PVG
HNL,JHM
HNL,MKK
HNL,MNL
HNL,DEN
HNL,EWR
HNL,GUM
HNL,IAD
HNL,IAH
HNL,MAJ
HNL,ORD
HNL,LNY
HNM,JHM
HNM,OGG
HNS,JNU
HNS,SGY
HOB,IAH
HOD,SAH
HOD,AMM
HOD,CAI
HOD,JED
HOE,VTE
HOF,JED
HOF,RUH
HOG,HAV
HOG,YUL
HOG,YYZ
HOG,CMW
HOG,SCU
HOG,FRA
HOG,MXP
HOG,CUN
HOG,LGW
HOG,MAN
HOI,MKP
HOM,ANC
HON,PIR
HON,MSP
HOR,LIS
HOR,CVU
HOR,FLW
HOR,PDL
HOR,TER
HOT,ELD
HOT,MEM
HOU,DFW
HOU,BOS
HOU,JFK
HOU,ABQ
HOU,AUS
HOU,BHM
HOU,BNA
HOU,BWI
HOU,CHS
HOU,CLT
HOU,CRP
HOU,DAL
HOU,DEN
HOU,ECP
HOU,ELP
HOU,FLL
HOU,HRL
HOU,IND
HOU,JAN
HOU,JAX
HOU,LAS
HOU,LAX
HOU,LIT
HOU,MAF
HOU,MCI
HOU,MCO
HOU,MEM
HOU,MHT
HOU,MSP
HOU,OAK
HOU,OKC
HOU,PHX
HOU,PNS
HOU,SAN
HOU,SAT
HOU,SNA
HOU,STL
HOU,TPA
HOU,TUL
HOU,BKG
HOU,DCA
HOU,EWR
HOU,GSP
HOU,LGA
HOU,MDW
HOU,PIT
HOU,RDU
HOV,BGO
HOV,FRO
HOV,OSL
HOV,SOG
HPB,SCM
HPB,VAK
HPH,SGN
HPH,DAD
HPN,HYA
HPN,LEB
HPN,MVY
HPN,ORD
HPN,FLL
HPN,MCO
HPN,PBI
HPN,RSW
HPN,TPA
HPN,DTW
HPN,CLT
HPN,DCA
HPN,PHL
HRB,CGO
HRB,CZX
HRB,DLC
HRB,INC
HRB,NGB
HRB,NKG
HRB,TNA
HRB,TYN
HRB,WNZ
HRB,WUH
HRB,XIY
HRB,XUZ
HRB,PVG
HRB,HEK
HRB,JGD
HRB,JMU
HRB,JXA
HRB,LDS
HRB,MDG
HRB,TSN
HRB,TPE
HRB,CAN
HRB,CTU
HRB,HGH
HRB,PEK
HRB,SZX
HRB,TAO
HRB,WEH
HRB,YNT
HRB,CSX
HRB,ICN
HRB,KIJ
HRB,KIX
HRB,OHE
HRB,SJW
HRB,YIW
HRB,NBS
HRB,DOY
HRB,HET
HRB,HFE
HRB,KHN
HRB,YTY
HRB,HKG
HRB,UUS
HRB,IKT
HRB,YNZ
HRB,CIF
HRB,DSN
HRB,JNG
HRB,YKS
HRB,KJA
HRB,OVB
HRB,SVX
HRE,LUN
HRE,JNB
HRE,GBE
HRE,ADD
HRE,NBO
HRE,DAR
HRE,DUR
HRE,WDH
HRG,BSL
HRG,ZRH
HRG,CGN
HRG,HAJ
HRG,LEJ
HRG,NUE
HRG,TXL
HRG,DUS
HRG,FRA
HRG,HAM
HRG,MUC
HRG,SSH
HRG,SXF
HRG,SZG
HRG,VIE
HRG,AMS
HRG,CAI
HRG,HBE
HRG,IST
HRG,ERF
HRG,RLG
HRG,MAN
HRG,LGW
HRG,TCP
HRG,GVA
HRI,DXB
HRI,GAY
HRI,BKK
HRI,CMB
HRI,MLE
HRK,DXB
HRK,SHJ
HRK,VIE
HRK,SAW
HRK,KBP
HRK,GYD
HRK,IEV
HRK,VKO
HRK,SVO
HRK,WAW
HRK,KUT
HRL,DAL
HRL,LBB
HRL,SAT
HRL,DFW
HRL,MSP
HRL,IAH
HRL,AUS
HRL,HOU
HRO,MCI
HRO,MEM
HSG,PVG
HSG,HND
HSL,KYU
HSL,HUS
HSL,RBY
HSL,TAL
HSN,JJN
HSN,LYG
HSN,SZX
HSN,NAY
HSN,PEK
HSN,XMN
HSV,DFW
HSV,ORD
HSV,DTW
HSV,DEN
HSV,IAD
HSV,IAH
HSV,CLT
HSV,DCA
HTA,IKT
HTA,HLD
HTA,NZH
HTA,BQS
HTA,DME
HTA,OVB
HTA,SVO
HTA,UUD
HTI,BNE
HTI,MEL
HTI,SYD
HTI,CNS
HTN,URC
HTS,PIE
HTS,SFB
HTS,CLT
HTY,ADB
HTY,ECN
HTY,SAW
HTY,ESB
HTY,IST
HTY,JED
HTY,RUH
HUE,MQX
HUH,BOB
HUH,MOZ
HUH,PPT
HUH,RFP
HUI,HAN
HUI,SGN
HUN,KHH
HUN,HGH
HUN,RMQ
HUN,TSA
HUN,WUH
HUN,TNA
HUS,FAI
HUS,TAL
HUU,LIM
HUW,MAO
HUW,PVH
HUX,MEX
HUX,YYZ
HUX,ORD
HUX,IAH
HUY,AMS
HUY,CPH
HUY,ABZ
HUY,NWI
HVB,BNE
HVB,SYD
HVD,HBU
HVD,ULN
HVG,BVG
HVG,HFT
HVG,MEH
HVN,PHL
HVR,BIL
HYA,ACK
HYA,BOS
HYD,AMD
HYD,BBI
HYD,BLR
HYD,BOM
HYD,CCU
HYD,CJB
HYD,COK
HYD,DEL
HYD,DXB
HYD,JAI
HYD,MAA
HYD,PNQ
HYD,RPR
HYD,VTZ
HYD,AUH
HYD,KUL
HYD,RJA
HYD,TIR
HYD,VGA
HYD,LHR
HYD,JED
HYD,MCT
HYD,HKG
HYD,SIN
HYD,DOH
HYD,BHO
HYD,GOI
HYD,IDR
HYD,IXE
HYD,IXM
HYD,DMM
HYD,RUH
HYD,BKK
HYG,KTN
HYL,CGA
HYL,KTN
HYL,KTB
HYN,HAK
HYN,PEK
HYN,SZX
HYN,ZUH
HYN,WUH
HYN,CKG
HYN,CSX
HYN,CAN
HYS,DEN
HYS,GBD
HZH,CAN
HZH,KWE
IAA,KJA
IAD,AUH
IAD,DFW
IAD,DOH
IAD,LAX
IAD,LHR
IAD,MIA
IAD,YOW
IAD,YQB
IAD,YUL
IAD,YYZ
IAD,CDG
IAD,MEX
IAD,BOG
IAD,BOS
IAD,DXB
IAD,JFK
IAD,LGB
IAD,OAK
IAD,PEK
IAD,PTY
IAD,AMS
IAD,DTW
IAD,ICN
IAD,LGA
IAD,MSP
IAD,SVO
IAD,DUB
IAD,ADD
IAD,KEF
IAD,DEN
IAD,MDW
IAD,SLC
IAD,GRU
IAD,BRU
IAD,FRA
IAD,MUC
IAD,HGR
IAD,LNS
IAD,GVA
IAD,ZRH
IAD,NRT
IAD,VIE
IAD,YTZ
IAD,DKR
IAD,CPH
IAD,JED
IAD,RUH
IAD,SAL
IAD,IST
IAD,ABQ
IAD,ALB
IAD,AOO
IAD,AUA
IAD,AUS
IAD,BDL
IAD,BGM
IAD,BKW
IAD,BNA
IAD,BTV
IAD,BUF
IAD,CAE
IAD,CHO
IAD,CHS
IAD,CLE
IAD,CLT
IAD,CMH
IAD,COS
IAD,CRW
IAD,CUN
IAD,CVG
IAD,DAY
IAD,EWR
IAD,FAY
IAD,FCO
IAD,FLL
IAD,GCM
IAD,GRR
IAD,GSO
IAD,GSP
IAD,HNL
IAD,HSV
IAD,IAH
IAD,IND
IAD,JAX
IAD,JST
IAD,KWI
IAD,LAS
IAD,LWB
IAD,MAN
IAD,MCI
IAD,MCO
IAD,MDT
IAD,MGW
IAD,OKC
IAD,ORD
IAD,ORF
IAD,PDX
IAD,PHL
IAD,PHX
IAD,PIT
IAD,PUJ
IAD,PVD
IAD,PWM
IAD,RDU
IAD,RIC
IAD,ROA
IAD,ROC
IAD,SAN
IAD,SAT
IAD,SAV
IAD,SCE
IAD,SDF
IAD,SEA
IAD,SFO
IAD,SHD
IAD,SJO
IAD,SJU
IAD,SMF
IAD,STL
IAD,STT
IAD,SXM
IAD,SYR
IAD,TPA
IAD,TUL
IAD,TYS
IAG,PIE
IAG,SFB
IAG,FLL
IAG,MYR
IAH,DFW
IAH,DOH
IAH,JFK
IAH,LAX
IAH,LHR
IAH,MIA
IAH,ORD
IAH,YEG
IAH,YUL
IAH,YYC
IAH,YYZ
IAH,CDG
IAH,MEX
IAH,SEA
IAH,BOG
IAH,DXB
IAH,PEK
IAH,CLE
IAH,DCA
IAH,EWR
IAH,FLL
IAH,MCO
IAH,PBI
IAH,PHX
IAH,PTY
IAH,RSW
IAH,SAN
IAH,SFO
IAH,SMF
IAH,SNA
IAH,TPA
IAH,AMS
IAH,CVG
IAH,DTW
IAH,LGA
IAH,MEM
IAH,MSP
IAH,SLC
IAH,DEN
IAH,FRA
IAH,VCT
IAH,NRT
IAH,LAS
IAH,DME
IAH,SAL
IAH,IST
IAH,ABQ
IAH,ACA
IAH,AEX
IAH,AGU
IAH,AMA
IAH,AUS
IAH,BFL
IAH,BHM
IAH,BJX
IAH,BNA
IAH,BON
IAH,BOS
IAH,BRO
IAH,BTR
IAH,BWI
IAH,BZE
IAH,CAE
IAH,CCS
IAH,CHS
IAH,CLL
IAH,CLT
IAH,CME
IAH,CMH
IAH,COS
IAH,CRP
IAH,CRW
IAH,CUN
IAH,CUU
IAH,CZM
IAH,DAL
IAH,DGO
IAH,DSM
IAH,ELP
IAH,EZE
IAH,GCM
IAH,GDL
IAH,GIG
IAH,GJT
IAH,GPT
IAH,GRK
IAH,GRR
IAH,GRU
IAH,GSP
IAH,GUA
IAH,HNL
IAH,HOB
IAH,HRL
IAH,HSV
IAH,HUX
IAH,IAD
IAH,ICT
IAH,IND
IAH,JAN
IAH,JAX
IAH,LBB
IAH,LCH
IAH,LEX
IAH,LFT
IAH,LIM
IAH,LIR
IAH,LIT
IAH,LOS
IAH,LRD
IAH,MAF
IAH,MBJ
IAH,MCI
IAH,MFE
IAH,MGA
IAH,MID
IAH,MKE
IAH,MLM
IAH,MLU
IAH,MOB
IAH,MTY
IAH,OAX
IAH,OKC
IAH,OMA
IAH,ONT
IAH,ORF
IAH,PBC
IAH,PDX
IAH,PHL
IAH,PIT
IAH,PNS
IAH,POS
IAH,PSP
IAH,PVR
IAH,QRO
IAH,RDU
IAH,RIC
IAH,RTB
IAH,SAP
IAH,SAT
IAH,SAV
IAH,SDF
IAH,SHV
IAH,SJC
IAH,SJD
IAH,SJO
IAH,SJU
IAH,SLP
IAH,SLW
IAH,STL
IAH,TAM
IAH,TGU
IAH,TRC
IAH,TUL
IAH,TUS
IAH,TYR
IAH,TYS
IAH,UIO
IAH,VER
IAH,VPS
IAH,VSA
IAH,XNA
IAH,YVR
IAH,ZIH
IAH,ZLO
IAN,ORV
IAN,OTZ
IAO,CEB
IAR,LED
IAS,BLQ
IAS,FCO
IAS,OTP
IAS,TRN
IAS,VIE
IAS,LTN
IBA,ABV
IBE,BOG
IBE,EOH
IBR,PVG
IBR,CTS
IBR,UKB
IBZ,PMI
IBZ,MAD
IBZ,LCY
IBZ,BCN
IBZ,VLC
IBZ,ALC
IBZ,EMA
IBZ,LBA
IBZ,NCL
ICI,SUV
ICN,CTU
ICN,CEB
ICN,MNL
ICN,BKK
ICN,FUK
ICN,GUM
ICN,HKG
ICN,KIX
ICN,NGO
ICN,NRT
ICN,TAO
ICN,HKT
ICN,DFW
ICN,YVR
ICN,KHH
ICN,CDG
ICN,DEL
ICN,SFO
ICN,SIN
ICN,HEL
ICN,MXP
ICN,LHR
ICN,TPE
ICN,CKG
ICN,DLC
ICN,HFE
ICN,HGH
ICN,PEK
ICN,TNA
ICN,TSN
ICN,WEH
ICN,YNJ
ICN,CAN
ICN,CGQ
ICN,CSX
ICN,HRB
ICN,MDG
ICN,PVG
ICN,SHE
ICN,WUH
ICN,KUL
ICN,DTW
ICN,HNL
ICN,IAD
ICN,JFK
ICN,LAS
ICN,LAX
ICN,ORD
ICN,SEA
ICN,DXB
ICN,AUH
ICN,LED
ICN,CGK
ICN,DPS
ICN,TAS
ICN,UUS
ICN,CTS
ICN,FSZ
ICN,KIJ
ICN,KMQ
ICN,KOJ
ICN,ALA
ICN,AKL
ICN,AMS
ICN,AOJ
ICN,AXT
ICN,BKI
ICN,BNE
ICN,BOM
ICN,CGO
ICN,CJU
ICN,CMB
ICN,CNX
ICN,DAD
ICN,FRA
ICN,HAN
ICN,HND
ICN,IST
ICN,KMG
ICN,KTM
ICN,MAD
ICN,NAN
ICN,NBO
ICN,NOU
ICN,OIT
ICN,OKJ
ICN,PNH
ICN,PRG
ICN,REP
ICN,RGN
ICN,ROR
ICN,RUH
ICN,SGN
ICN,SVO
ICN,SYD
ICN,SZX
ICN,TAE
ICN,TLV
ICN,TXN
ICN,ULN
ICN,VIE
ICN,VVO
ICN,XIY
ICN,XMN
ICN,YNT
ICN,YYZ
ICN,MUC
ICN,PUS
ICN,CRK
ICN,MFM
ICN,NGS
ICN,OKA
ICN,VTE
ICN,FOC
ICN,KWL
ICN,NKG
ICN,SYX
ICN,YNZ
ICN,HIJ
ICN,KMI
ICN,KMJ
ICN,MYJ
ICN,SDJ
ICN,TAK
ICN,TOY
ICN,YGJ
ICN,ADD
ICN,DOH
ICN,KHV
ICN,SPN
ICN,KLO
ICT,DFW
ICT,ORD
ICT,MSP
ICT,MDW
ICT,AZA
ICT,LAS
ICT,DEN
ICT,IAH
ICT,LAX
ICT,DAL
IDA,SLC
IDA,AZA
IDA,LAS
IDA,DEN
IDR,BOM
IDR,DEL
IDR,NAG
IDR,RPR
IDR,AMD
IDR,BLR
IDR,JAI
IDR,PNQ
IDR,BHO
IDR,HYD
IEV,ATH
IEV,DXB
IEV,OZH
IEV,UDJ
IEV,BTS
IEV,DOK
IEV,SIP
IEV,HRK
IEV,LED
IEV,LWO
IEV,ODS
IEV,VKO
IEV,VSG
IEV,DME
IEV,SVX
IEV,UFA
IEV,BUD
IEV,LTN
IEV,BGY
IEV,CGN
IEV,DTM
IEV,DWC
IEV,FMM
IEV,GRO
IEV,KTW
IEV,KUT
IEV,LBC
IEV,SOF
IEV,TSF
IEV,VLC
IEV,VNO
IEV,CWC
IFJ,RKV
IFN,AWZ
IFN,BND
IFN,MHD
IFN,PGU
IFN,THR
IFN,ABD
IFN,DXB
IFN,KER
IFN,KIH
IFN,KWI
IFN,SYZ
IFN,TBZ
IFN,IST
IFN,MRX
IFO,KBP
IGA,NAS
IGD,SAW
IGD,ESB
IGD,IST
IGG,AKN
IGM,LAX
IGR,AEP
IGR,EZE
IGR,GIG
IGR,SLA
IGU,CGB
IGU,CWB
IGU,POA
IGU,VCP
IGU,GIG
IGU,GRU
IGU,CGH
IGU,LIM
IIL,THR
IJK,DME
IKA,TBS
IKA,FCO
IKA,MSQ
IKA,URC
IKA,DXB
IKA,ARN
IKA,DYU
IKA,ESB
IKA,EVN
IKA,IST
IKA,ISU
IKA,MHD
IKA,SAW
IKA,AUH
IKA,SHJ
IKA,AMS
IKA,BEY
IKA,BOM
IKA,CGN
IKA,FRA
IKA,GOT
IKA,GYD
IKA,HAM
IKA,KHI
IKA,KUL
IKA,LHR
IKA,MXP
IKA,NJF
IKA,ORY
IKA,PEK
IKA,TAS
IKA,VIE
IKA,KWI
IKA,DOH
IKA,SVO
IKA,BKK
IKA,DEL
IKA,DUS
IKA,EBL
IKA,KBL
IKA,PVG
IKA,MCT
IKE,SAE
IKE,UMD
IKI,NGS
IKO,DUT
IKS,YKS
IKT,BTK
IKT,GDX
IKT,HTA
IKT,KCK
IKT,MJZ
IKT,ODO
IKT,OVB
IKT,ULK
IKT,VVO
IKT,SVO
IKT,NZH
IKT,PEK
IKT,HRB
IKT,KHV
IKT,KJA
IKT,OMS
IKT,UKX
IKT,UUD
IKT,YKS
IKT,OSS
IKT,DYU
IKT,TAS
IKT,BKK
IKT,DME
IKT,HKG
IKT,SVX
ILD,PMI
ILG,DEN
ILG,MCO
ILG,MDW
ILG,TPA
ILI,ANC
ILM,LGA
ILM,CLT
ILM,DCA
ILM,PHL
ILO,CEB
ILO,GES
ILO,MNL
ILO,PPS
ILO,CGY
ILO,DVO
ILO,HKG
ILO,SIN
ILO,TAC
ILP,GEA
ILR,ABV
ILY,GLA
IMF,CCU
IMF,GAU
IMF,IXA
IMF,AJL
IMF,IXS
IMP,BSB
IMP,SLZ
IMP,BSS
IMT,MSP
IMT,RHI
INB,PLJ
INB,PND
INC,CKG
INC,CTU
INC,HRB
INC,KMG
INC,KWL
INC,PVG
INC,HGH
INC,PEK
INC,SJW
INC,TNA
INC,URC
INC,WUH
INC,XIY
INC,XNN
INC,CGO
INC,HET
INC,NKG
INC,TPE
INC,DSN
INC,JGN
INC,KWE
INC,LHW
INC,RLK
INC,TYN
INC,SHA
IND,DFW
IND,JFK
IND,LAX
IND,MIA
IND,ORD
IND,YYZ
IND,BOS
IND,DTW
IND,LGA
IND,MCO
IND,MEM
IND,MSP
IND,RDU
IND,SLC
IND,TPA
IND,CUN
IND,DEN
IND,BWI
IND,FLL
IND,HOU
IND,MCI
IND,RSW
IND,CLE
IND,CLT
IND,EWR
IND,IAD
IND,IAH
IND,DCA
IND,PHL
IND,PHX
IND,LAS
INH,JNB
INH,MPM
INH,VNX
INL,BRD
INL,MSP
INN,FRA
INN,VIE
INU,BNE
INV,LGW
INV,AMS
INV,BHD
INV,BHX
INV,EDI
INV,KOI
INV,LSI
INV,MAN
INV,SYY
INV,BRS
INV,LTN
IOA,ATH
IOM,LCY
IOM,BHX
IOM,LGW
IOM,LPL
IOM,MAN
IOM,DUB
IOM,BHD
IOM,BLK
IOM,GLO
IOM,NCL
IOQ,AGM
IOS,SSA
IOS,VCP
IOS,VIX
IOS,CNF
IOS,CGH
IOS,SDU
IOS,BSB
IOT,JUU
IOT,UMD
IPA,TAH
IPC,PPT
IPC,SCL
IPH,SIN
IPI,BOG
IPL,BUR
IPL,SAN
IPN,CNF
IPN,GRU
IPN,GVR
IPN,PLU
IPT,PHL
IQN,LHW
IQN,XIY
IQN,NAY
IQQ,SCL
IQQ,ANF
IQQ,ARI
IQQ,LPB
IQQ,VVI
IQT,PCL
IQT,TPP
IQT,PTY
IQT,LIM
IRA,HIR
IRA,NNB
IRA,RNA
IRC,FAI
IRG,AUU
IRG,CNS
IRJ,AEP
IRK,STL
IRM,EZV
IRM,HMA
IRM,TJM
IRP,FKI
IRZ,TFF
ISA,BQL
ISA,CNS
ISA,DMD
ISA,BNE
ISA,CNJ
ISA,DRW
ISA,OOL
ISA,TSV
ISA,JCK
ISB,KBL
ISB,PEK
ISB,URC
ISB,DXB
ISB,AUH
ISB,BAH
ISB,KHI
ISB,KWI
ISB,DMM
ISB,JED
ISB,RUH
ISB,BCN
ISB,BHX
ISB,BKK
ISB,CDG
ISB,CJL
ISB,CPH
ISB,GIL
ISB,KDU
ISB,LBA
ISB,LHE
ISB,LHR
ISB,MAN
ISB,MED
ISB,MUX
ISB,MXP
ISB,PEW
ISB,SKT
ISB,SKZ
ISB,UET
ISB,YYZ
ISB,DOH
ISB,RKT
ISB,IST
ISB,MCT
ISC,LEQ
ISC,NQY
ISE,IST
ISG,NRT
ISG,OKA
ISG,UKB
ISG,KIX
ISG,HND
ISG,MMY
ISG,NGO
ISN,MSP
ISN,DIK
ISN,DEN
ISP,BOS
ISP,BWI
ISP,FLL
ISP,MCO
ISP,PBI
ISP,TPA
ISP,PHL
ISP,DCA
IST,ADA
IST,ADB
IST,AYT
IST,DIY
IST,ECN
IST,ERZ
IST,EZS
IST,GNY
IST,GZT
IST,KVD
IST,MLX
IST,ODS
IST,TZX
IST,BEN
IST,TIP
IST,KIV
IST,ATH
IST,LHR
IST,YYZ
IST,CDG
IST,ORY
IST,AAE
IST,ALG
IST,ORN
IST,BOM
IST,DEL
IST,CMN
IST,FCO
IST,MSQ
IST,CAN
IST,PEK
IST,PVG
IST,URC
IST,DXB
IST,IKA
IST,AUH
IST,KBL
IST,LED
IST,BAH
IST,TAS
IST,GYD
IST,SJJ
IST,LJU
IST,ALA
IST,GUW
IST,SCO
IST,TSE
IST,ICN
IST,ASR
IST,BJV
IST,EBL
IST,ISU
IST,SIP
IST,TBS
IST,AMS
IST,MLA
IST,KWI
IST,DUS
IST,FRA
IST,MUC
IST,FRU
IST,WAW
IST,BSL
IST,GVA
IST,ZRH
IST,BEY
IST,KUL
IST,CAI
IST,HBE
IST,HRG
IST,KBP
IST,SSH
IST,KIX
IST,NRT
IST,VIE
IST,ZAG
IST,DNK
IST,DOK
IST,DOH
IST,KRR
IST,AMM
IST,OTP
IST,AAL
IST,ARN
IST,CPH
IST,GOT
IST,HEL
IST,OSL
IST,SIN
IST,AER
IST,ROV
IST,SVO
IST,JED
IST,MED
IST,RUH
IST,ASB
IST,BKK
IST,ACC
IST,ADD
IST,ADF
IST,AGP
IST,AJI
IST,AQJ
IST,BAL
IST,BCN
IST,BEG
IST,BGG
IST,BGW
IST,BHX
IST,BIO
IST,BLQ
IST,BRE
IST,BRU
IST,BSR
IST,BUD
IST,BUS
IST,CGN
IST,CND
IST,DAC
IST,DAR
IST,DLA
IST,DLM
IST,DMM
IST,DNZ
IST,DUB
IST,DYU
IST,EDI
IST,ELQ
IST,ERC
IST,ESB
IST,FDH
IST,FIH
IST,GOA
IST,GRU
IST,HAJ
IST,HAM
IST,HKG
IST,HTY
IST,IAD
IST,IAH
IST,IFN
IST,IGD
IST,ISB
IST,ISE
IST,JFK
IST,JIB
IST,JNB
IST,JRO
IST,KCM
IST,KFS
IST,KGL
IST,KHI
IST,KRT
IST,KSH
IST,KSY
IST,KTM
IST,KYA
IST,KZN
IST,KZR
IST,LAX
IST,LEJ
IST,LGW
IST,LIS
IST,LOS
IST,LUX
IST,LWO
IST,LYS
IST,MAD
IST,MAN
IST,MHD
IST,MLE
IST,MQM
IST,MRA
IST,MRS
IST,MSR
IST,MXP
IST,MZH
IST,NAJ
IST,NAP
IST,NAV
IST,NBO
IST,NCE
IST,NIM
IST,NJF
IST,NKC
IST,NSI
IST,NUE
IST,ORD
IST,OSM
IST,OSS
IST,OVB
IST,PRG
IST,PRN
IST,RIX
IST,SAH
IST,SKG
IST,SKP
IST,SOF
IST,STR
IST,SVX
IST,SYZ
IST,SZG
IST,TBZ
IST,TGD
IST,TIA
IST,TIF
IST,TLL
IST,TLS
IST,TLV
IST,TRN
IST,TUN
IST,TXL
IST,UFA
IST,VAN
IST,VAS
IST,VCE
IST,VKO
IST,VLC
IST,YNB
ISU,IKA
ISU,DXB
ISU,IST
ISU,DOH
ISU,AMM
ISU,ARN
ISU,DUS
ISU,MUC
ITB,STM
ITH,DTW
ITH,EWR
ITH,PHL
ITM,NRT
ITM,FKS
ITM,FUK
ITM,KMI
ITM,SDJ
ITM,AOJ
ITM,ASJ
ITM,AXT
ITM,CTS
ITM,GAJ
ITM,HKD
ITM,HNA
ITM,HND
ITM,KIJ
ITM,KMJ
ITM,MSJ
ITM,MYJ
ITM,NGS
ITM,OIT
ITM,OKA
ITM,KCZ
ITM,KOJ
ITO,HNL
ITO,OGG
ITO,LAX
IUE,AKL
IUI,JUV
IUI,TQA
IVC,CHC
IVC,WLG
IVL,KTT
IVL,HEL
IWD,MSP
IWJ,HND
IWK,HND
IXA,CCU
IXA,GAU
IXA,IMF
IXB,CCU
IXB,DEL
IXB,BKK
IXB,PBH
IXB,GAU
IXC,BOM
IXC,DEL
IXC,JAI
IXC,SXR
IXD,BOM
IXD,DEL
IXE,BLR
IXE,BOM
IXE,DXB
IXE,BAH
IXE,COK
IXE,DMM
IXE,KWI
IXE,HYD
IXG,BLR
IXJ,DEL
IXJ,SXR
IXJ,IXL
IXJ,BOM
IXL,DEL
IXL,IXJ
IXL,SXR
IXM,MAA
IXM,CMB
IXM,HYD
IXR,BOM
IXR,DEL
IXR,PAT
IXR,CCU
IXS,CCU
IXS,GAU
IXS,IMF
IXU,BOM
IXU,DEL
IXZ,CCU
IXZ,MAA
IXZ,BBI
IYK,LAX
IZO,HND
JAC,SLC
JAC,DEN
JAI,AMD
JAI,BLR
JAI,BOM
JAI,CCU
JAI,HYD
JAI,DEL
JAI,IDR
JAI,IXC
JAI,SHJ
JAI,DXB
JAI,PNQ
JAI,MCT
JAL,MEX
JAN,DFW
JAN,HOU
JAN,MCO
JAN,MDW
JAN,CLT
JAN,IAH
JAN,ORD
JAN,DCA
JAU,LIM
JAV,GOH
JAV,JCH
JAV,JEG
JAV,JGO
JAV,JQA
JAV,JUV
JAV,PQT
JAV,QUP
JAV,SFJ
JAV,XIQ
JAX,TPA
JAX,DFW
JAX,MIA
JAX,ORD
JAX,BOS
JAX,JFK
JAX,SJU
JAX,CVG
JAX,DTW
JAX,LGA
JAX,MSP
JAX,BWI
JAX,FLL
JAX,HOU
JAX,ORF
JAX,CLT
JAX,EWR
JAX,IAD
JAX,IAH
JAX,PHL
JAX,DCA
JAX,BNA
JAX,DEN
JAX,MDW
JBR,STL
JCB,CFC
JCB,ERM
JCB,FLN
JCH,JAV
JCH,JEG
JCH,QJI
JCK,ISA
JCK,RCM
JDF,CNF
JDF,VCP
JDH,BOM
JDH,DEL
JDO,PNZ
JDO,REC
JDO,VCP
JDO,BSB
JDO,FOR
JDO,GRU
JDR,VAG
JDZ,CAN
JDZ,CTU
JDZ,PEK
JDZ,SHA
JDZ,SZX
JDZ,XMN
JED,BBO
JED,DAC
JED,BOM
JED,IST
JED,CDG
JED,CCJ
JED,DEL
JED,HYD
JED,CMN
JED,FEZ
JED,RBA
JED,LHR
JED,CGP
JED,ZYL
JED,DXB
JED,KUL
JED,HBE
JED,ADD
JED,AUH
JED,KWI
JED,SHJ
JED,CGK
JED,BAH
JED,ADE
JED,GXF
JED,HOD
JED,RIY
JED,SAH
JED,TAI
JED,RUH
JED,NBO
JED,ASM
JED,FRA
JED,HMB
JED,KRT
JED,BEY
JED,CAI
JED,SSH
JED,ISB
JED,KHI
JED,LHE
JED,PEW
JED,SKT
JED,DOH
JED,AMM
JED,RKT
JED,PZU
JED,ABT
JED,AHB
JED,AJF
JED,AQI
JED,BHH
JED,CAN
JED,CMB
JED,DMM
JED,DWD
JED,EAM
JED,EJH
JED,ELQ
JED,FCO
JED,GIZ
JED,GVA
JED,HAS
JED,HOF
JED,IAD
JED,JFK
JED,JNB
JED,LKO
JED,MAA
JED,MAD
JED,MCT
JED,MED
JED,MNL
JED,MXP
JED,RAE
JED,SHW
JED,TUN
JED,TUU
JED,URY
JED,WAE
JED,YNB
JED,YYZ
JED,SLL
JED,ADA
JED,ATZ
JED,HTY
JED,LXR
JED,SAW
JEG,JAV
JEG,JCH
JEG,JGO
JEG,JHS
JEG,QCU
JEG,QGQ
JEG,QJE
JEG,QPW
JEG,SFJ
JER,LGW
JER,BHX
JER,BRS
JER,EMA
JER,EXT
JER,GCI
JER,MAN
JER,SOU
JER,AMS
JER,CDG
JER,GVA
JER,LCY
JER,ZRH
JER,GLA
JER,LPL
JER,SEN
JFK,EZE
JFK,MEX
JFK,AMM
JFK,ANU
JFK,AUH
JFK,AUS
JFK,BCN
JFK,BDA
JFK,BGI
JFK,BNA
JFK,BOS
JFK,BWI
JFK,CCS
JFK,CDG
JFK,CLE
JFK,CMH
JFK,CUN
JFK,CVG
JFK,DCA
JFK,DFW
JFK,DOH
JFK,DUB
JFK,DUS
JFK,GIG
JFK,GRU
JFK,GYE
JFK,HEL
JFK,HKG
JFK,HND
JFK,IAH
JFK,IND
JFK,LAS
JFK,LAX
JFK,LCY
JFK,LHR
JFK,LIM
JFK,MAD
JFK,MAN
JFK,MCO
JFK,MIA
JFK,MXP
JFK,NRT
JFK,ORD
JFK,ORF
JFK,ORY
JFK,PAP
JFK,PIT
JFK,RDU
JFK,SAN
JFK,SCL
JFK,SEA
JFK,SFO
JFK,SJU
JFK,SKB
JFK,STT
JFK,TPA
JFK,TXL
JFK,YUL
JFK,YYZ
JFK,ZRH
JFK,BRU
JFK,FRA
JFK,NCE
JFK,DEL
JFK,PDX
JFK,CMN
JFK,BOG
JFK,MDE
JFK,SAP
JFK,FCO
JFK,ABQ
JFK,AUA
JFK,AZS
JFK,BQN
JFK,BTV
JFK,BUF
JFK,BUR
JFK,CHS
JFK,CLT
JFK,CTG
JFK,DEN
JFK,DXB
JFK,FLL
JFK,GCM
JFK,HOU
JFK,IAD
JFK,JAX
JFK,KIN
JFK,LGB
JFK,LIR
JFK,LRM
JFK,MBJ
JFK,NAS
JFK,OAK
JFK,PBI
JFK,PHX
JFK,PLS
JFK,POP
JFK,PSE
JFK,PUJ
JFK,PWM
JFK,ROC
JFK,RSW
JFK,SDQ
JFK,SJC
JFK,SLC
JFK,SMF
JFK,SRQ
JFK,STI
JFK,SXM
JFK,SYR
JFK,UVF
JFK,TPE
JFK,GEO
JFK,GND
JFK,POS
JFK,TAB
JFK,PEK
JFK,KIX
JFK,PTY
JFK,YVR
JFK,ACC
JFK,AMS
JFK,DKR
JFK,DTW
JFK,ICN
JFK,MCI
JFK,MSP
JFK,PHL
JFK,PVG
JFK,RIC
JFK,SAT
JFK,SDF
JFK,STL
JFK,SVO
JFK,TLV
JFK,YQB
JFK,ARN
JFK,OSL
JFK,SNN
JFK,KEF
JFK,HNL
JFK,RIX
JFK,KWI
JFK,MUC
JFK,WAW
JFK,GVA
JFK,CAI
JFK,VIE
JFK,LHE
JFK,JNB
JFK,JED
JFK,RUH
JFK,SAL
JFK,IST
JFK,VKO
JFK,LOS
JFR,GOH
JFR,UAK
JGA,BOM
JGD,HRB
JGD,OHE
JGD,HLD
JGN,LHW
JGN,INC
JGN,JIC
JGN,KMG
JGN,URC
JGO,JAV
JGO,JEG
JGS,PEK
JGS,CAN
JGS,CTU
JGS,XMN
JGS,SHA
JGS,HGH
JGS,NNG
JGS,SZX
JGS,XIY
JHB,BKI
JHB,KCH
JHB,KUL
JHB,MYY
JHB,PEN
JHB,SBW
JHB,KBR
JHB,PKU
JHB,SZB
JHB,CGK
JHB,SUB
JHG,CKG
JHG,CTU
JHG,KMG
JHG,DLU
JHG,LJG
JHG,HGH
JHG,BKK
JHG,TCZ
JHG,LPQ
JHM,HNL
JHM,HNM
JHM,KOA
JHM,LNY
JHS,GOH
JHS,JAV
JHS,JEG
JHS,SFJ
JHW,BFD
JHW,CLE
JIB,DXB
JIB,JED
JIB,MGQ
JIB,ADD
JIB,CDG
JIB,DIR
JIB,TAI
JIB,HAH
JIB,SAH
JIB,NBO
JIB,IST
JIC,LHW
JIC,XIY
JIC,JGN
JIC,NAY
JIJ,ABK
JIJ,ADD
JIJ,DIR
JIJ,GDE
JIK,HER
JIK,LXS
JIK,ATH
JIM,ADD
JIM,GMB
JIQ,CTU
JIQ,KMG
JIQ,SHA
JIQ,CAN
JIQ,CKG
JIQ,PVG
JIQ,PEK
JIU,PEK
JIU,XMN
JIU,CAN
JIU,SHA
JJA,HIR
JJN,KWE
JJN,WUH
JJN,SHA
JJN,HAK
JJN,TSN
JJN,CAN
JJN,CSX
JJN,CTU
JJN,HGH
JJN,HSN
JJN,MFM
JJN,PVG
JJN,SZX
JJN,NNG
JJN,YIW
JJN,HKG
JJN,MNL
JJN,NKG
JJN,PEK
JJU,JNN
JJU,JNS
JJU,LLU
JJU,QFG
JJU,QJH
JJU,QUW
JJU,UAK
JKG,ARN
JKG,BMA
JKG,HAD
JKG,GRO
JKH,SKG
JKH,ATH
JKH,MJT
JKH,RHO
JKH,SMI
JKL,ATH
JKL,KGS
JKL,LRS
JKR,KTM
JLN,DFW
JLR,DEL
JLR,BOM
JMK,ATH
JMS,DVL
JMS,MSP
JMU,HRB
JMU,PEK
JMU,PVG
JMU,TAO
JMU,SHE
JMU,DLC
JMU,KHV
JNB,BOM
JNB,LHR
JNB,DKR
JNB,CDG
JNB,AUH
JNB,CPT
JNB,DUR
JNB,HRE
JNB,LVI
JNB,MPM
JNB,MRU
JNB,PLZ
JNB,VFA
JNB,WDH
JNB,BBK
JNB,FRW
JNB,GBE
JNB,MUB
JNB,FBM
JNB,PEK
JNB,HKG
JNB,NLA
JNB,LAD
JNB,DXB
JNB,ADD
JNB,SEZ
JNB,ZNZ
JNB,GRU
JNB,AMS
JNB,NBO
JNB,FRA
JNB,MUC
JNB,ZRH
JNB,TLV
JNB,TNR
JNB,ELS
JNB,GRJ
JNB,CAI
JNB,PER
JNB,SYD
JNB,DOH
JNB,ACC
JNB,APL
JNB,BEW
JNB,BFN
JNB,BJM
JNB,BKK
JNB,BLZ
JNB,BUQ
JNB,BZV
JNB,DAR
JNB,EBB
JNB,EZE
JNB,FIH
JNB,HDS
JNB,KIM
JNB,LBV
JNB,LLW
JNB,LOS
JNB,LUN
JNB,MQP
JNB,MSU
JNB,MTS
JNB,PHW
JNB,PNR
JNB,POL
JNB,PTG
JNB,PZB
JNB,RCB
JNB,SIN
JNB,TET
JNB,UTN
JNB,UTT
JNB,VNX
JNB,WVB
JNB,JED
JNB,IST
JNB,INH
JNB,RUN
JNB,KGL
JNG,CAN
JNG,WUX
JNG,CTU
JNG,SHE
JNG,SHA
JNG,TSN
JNG,WUH
JNG,HRB
JNG,KMG
JNG,PEK
JNN,JJU
JNN,LLU
JNN,QUW
JNN,XEQ
JNS,JJU
JNS,QFX
JNS,UAK
JNU,KTN
JNU,ANC
JNU,PSG
JNU,SEA
JNU,SIT
JNU,YAK
JNU,AGN
JNU,GST
JNU,HNH
JNU,HNS
JNU,PEC
JNU,SGY
JNU,EXI
JNU,KAE
JNX,ATH
JNZ,TAO
JNZ,PVG
JNZ,HGH
JOE,HEL
JOG,KUL
JOG,BPN
JOG,CGK
JOG,DPS
JOG,BDJ
JOG,BDO
JOG,BTH
JOG,LOP
JOG,PKU
JOG,SUB
JOG,UPG
JOG,SIN
JOG,PLM
JOI,POA
JOI,VCP
JOI,CGH
JOI,GRU
JOL,ZAM
JOS,LOS
JPA,FOR
JPA,SSA
JPA,VCP
JPA,BSB
JPA,GIG
JPA,GRU
JPR,CGB
JQA,JAV
JQA,UMD
JQE,PAC
JRH,CCU
JRH,GAU
JRO,DAR
JRO,MBA
JRO,ADD
JRO,WIL
JRO,MWZ
JRO,NBO
JRO,EBB
JRO,ZNZ
JRO,KGL
JSH,AXD
JSH,HER
JSH,PVK
JSH,KSJ
JSI,ATH
JSR,DAC
JST,AOO
JST,IAD
JSU,GOH
JSU,SFJ
JSY,ATH
JTC,MII
JTC,VCP
JTC,CGH
JTR,ATH
JTY,ATH
JTY,LRS
JUB,NBO
JUB,ADD
JUB,DXB
JUB,KRT
JUB,CAI
JUB,EBB
JUB,KGL
JUH,CAN
JUH,CTU
JUH,SHA
JUH,NAY
JUJ,AEP
JUJ,COR
JUK,UMD
JUL,AQP
JUL,CUZ
JUL,LIM
JUU,IOT
JUU,UMD
JUV,AOQ
JUV,IUI
JUV,JAV
JUV,KGQ
JUV,KHQ
JUV,NAQ
JUV,NSQ
JUV,TQA
JUV,UPK
JUZ,SZX
JUZ,XMN
JUZ,NAY
JXA,HRB
JXA,SHE
JXA,TAO
JXA,PEK
JYV,HEL
JZH,CKG
JZH,CTU
JZH,PVG
JZH,XIY
KAA,NLA
KAD,LOS
KAE,JNU
KAJ,HEL
KAL,GAL
KAL,NUL
KAL,HSL
KAN,BEY
KAN,CAI
KAN,KRT
KAN,ABV
KAN,LOS
KAO,HEL
KAT,AKL
KAW,MGZ
KAW,TVY
KAZ,MDC
KBC,FYU
KBL,DEL
KBL,DXB
KBL,HEA
KBL,ISB
KBL,MHD
KBL,ESB
KBL,IST
KBL,KDH
KBL,KWI
KBL,SVO
KBL,SHJ
KBL,MZR
KBL,PEW
KBL,DYU
KBL,IKA
KBP,KIV
KBP,CDG
KBP,FCO
KBP,MSQ
KBP,LHR
KBP,RIX
KBP,SCO
KBP,OSL
KBP,LED
KBP,DXB
KBP,SHJ
KBP,TAS
KBP,BCN
KBP,MAD
KBP,GYD
KBP,ALA
KBP,TSE
KBP,AMS
KBP,DUS
KBP,FRA
KBP,MUC
KBP,WAW
KBP,ZRH
KBP,TLV
KBP,IST
KBP,PRG
KBP,VIE
KBP,TLL
KBP,ATH
KBP,BRU
KBP,DME
KBP,DNK
KBP,DOK
KBP,EVN
KBP,GVA
KBP,HEL
KBP,HRK
KBP,KGD
KBP,LCA
KBP,LGW
KBP,LWO
KBP,MXP
KBP,ODS
KBP,OVB
KBP,SAW
KBP,SIP
KBP,SVO
KBP,SVX
KBP,TBS
KBP,TFS
KBP,TXL
KBP,VNO
KBP,AMM
KBP,NJC
KBP,IFO
KBP,UKS
KBR,KUL
KBR,JHB
KBR,PEN
KBR,SZB
KBU,BDJ
KBU,UPG
KBV,KUL
KBV,DMK
KBV,BKK
KBV,USM
KBV,SIN
KCA,URC
KCC,EDA
KCC,WWP
KCG,KCL
KCH,BKI
KCH,BTU
KCH,JHB
KCH,KUL
KCH,MYY
KCH,PEN
KCH,SBW
KCH,SIN
KCH,BWN
KCH,MKM
KCH,MZV
KCH,PNK
KCH,TGC
KCK,IKT
KCL,AKN
KCL,KCQ
KCM,SAW
KCM,ESB
KCM,IST
KCO,ESB
KCQ,AKN
KCT,CMB
KCZ,NKM
KCZ,FUK
KCZ,HND
KCZ,ITM
KDH,MHD
KDH,DEL
KDH,DXB
KDH,KBL
KDI,UPG
KDI,CGK
KDL,TLL
KDM,GAN
KDM,MLE
KDO,GKK
KDO,MLE
KDU,ISB
KDV,NAN
KDV,SUV
KEF,HEL
KEF,OSL
KEF,AMS
KEF,ARN
KEF,BGO
KEF,BOS
KEF,CDG
KEF,CPH
KEF,DEN
KEF,EWR
KEF,FRA
KEF,GLA
KEF,IAD
KEF,JFK
KEF,LGW
KEF,LHR
KEF,MAN
KEF,MUC
KEF,SEA
KEF,SFB
KEF,YHZ
KEF,YYZ
KEF,EDI
KEF,LTN
KEF,SXF
KEJ,SVX
KEJ,SVO
KEJ,DME
KEM,HEL
KEP,KTM
KER,SYZ
KER,IFN
KER,THR
KER,ZAH
KET,THL
KET,HEH
KET,MDL
KEW,YPM
KEW,YRL
KEW,YVZ
KFP,CDB
KFS,IST
KGA,FBM
KGA,FIH
KGA,TSH
KGC,ADL
KGD,TXL
KGD,MSQ
KGD,RIX
KGD,LED
KGD,SKD
KGD,SVO
KGD,TAS
KGD,KBP
KGD,DME
KGE,GZO
KGE,MUA
KGF,ALA
KGF,KZO
KGF,UKK
KGF,DME
KGF,VKO
KGI,ADL
KGI,PER
KGI,MEL
KGL,EBB
KGL,NBO
KGL,BJM
KGL,ADD
KGL,BZV
KGL,DAR
KGL,DXB
KGL,IST
KGL,JNB
KGL,JUB
KGL,KME
KGL,LOS
KGL,MBA
KGQ,JUV
KGQ,UPK
KGS,ATH
KGS,KUN
KGS,STN
KGS,HER
KGS,JKL
KGS,RHO
KGT,CTU
KGX,ANV
KGX,SHX
KHD,THR
KHG,URC
KHG,NGQ
KHG,XIY
KHH,NRT
KHH,CSX
KHH,HGH
KHH,HUN
KHH,ICN
KHH,XMN
KHH,FOC
KHH,HAN
KHH,KMG
KHH,SGN
KHH,TAO
KHH,CAN
KHH,CGO
KHH,MFM
KHH,NGB
KHH,PVG
KHH,TNA
KHH,TSN
KHH,BKK
KHH,CKG
KHH,HKG
KHH,KIX
KHH,MNL
KHH,PEK
KHH,SIN
KHH,SZX
KHH,WUH
KHH,CTU
KHH,HAK
KHH,NNG
KHH,TYN
KHH,HFE
KHH,KNH
KHH,MZG
KHH,XUZ
KHI,CTU
KHI,BKK
KHI,DXB
KHI,AUH
KHI,SHJ
KHI,BAH
KHI,BHV
KHI,DEA
KHI,ISB
KHI,LHE
KHI,LYP
KHI,MUX
KHI,PEW
KHI,UET
KHI,IKA
KHI,JED
KHI,BOM
KHI,DAC
KHI,DMM
KHI,GWD
KHI,KUL
KHI,LHR
KHI,MCT
KHI,MED
KHI,MJD
KHI,PJG
KHI,RUH
KHI,RYK
KHI,SKT
KHI,SKZ
KHI,TUK
KHI,YYZ
KHI,DOH
KHI,IST
KHI,CMB
KHN,CKG
KHN,CTU
KHN,KMG
KHN,NGB
KHN,CAN
KHN,KWE
KHN,PEK
KHN,PVG
KHN,SYX
KHN,SZX
KHN,TAO
KHN,TNA
KHN,XIY
KHN,XMN
KHN,TPE
KHN,CGQ
KHN,NKG
KHN,NNG
KHN,TYN
KHN,CGO
KHN,HGH
KHN,KOW
KHN,SJW
KHN,TSN
KHN,WNZ
KHN,DLC
KHN,HAK
KHN,HRB
KHN,SHE
KHN,HKG
KHN,SHA
KHN,WUH
KHQ,JUV
KHQ,NSQ
KHS,MCT
KHV,HKG
KHV,SVO
KHV,UUS
KHV,BQS
KHV,GDX
KHV,IKT
KHV,JMU
KHV,NRT
KHV,ICN
KHV,DYR
KHV,NGK
KHV,OHH
KHV,SPN
KHV,YKS
KHV,OVB
KHV,PEK
KHV,PKC
KHV,KJA
KHV,VVO
KHV,DME
KHV,VKO
KHY,THR
KID,ARN
KIF,WNN
KIF,YXL
KIH,AWZ
KIH,SYZ
KIH,MHD
KIH,THR
KIH,IFN
KIH,BND
KIH,GSM
KIH,AUH
KIH,DXB
KIJ,HRB
KIJ,CTS
KIJ,FUK
KIJ,NKM
KIJ,ICN
KIJ,ITM
KIJ,PVG
KIJ,GUM
KIJ,NGO
KIJ,NRT
KIJ,OKA
KIM,CPT
KIM,JNB
KIN,CUR
KIN,MIA
KIN,YYZ
KIN,FLL
KIN,JFK
KIN,LGW
KIN,ANU
KIN,BGI
KIN,MBJ
KIN,MCO
KIN,NAS
KIN,POS
KIN,SXM
KIN,PTY
KIN,PLS
KIN,GCM
KIR,DUB
KIR,FAO
KIR,HHN
KIR,LTN
KIR,STN
KIS,EDL
KIS,NBO
KIT,HER
KIT,ZTH
KIT,ATH
KIV,AER
KIV,BLQ
KIV,BVA
KIV,DME
KIV,FCO
KIV,FRA
KIV,IST
KIV,KBP
KIV,LCA
KIV,LED
KIV,MAD
KIV,MXP
KIV,OTP
KIV,STN
KIV,VRN
KIV,BGY
KIV,VCE
KIV,MUC
KIV,VIE
KIV,CIA
KIV,TSF
KIX,MNL
KIX,TPE
KIX,ICN
KIX,FUK
KIX,HND
KIX,HNL
KIX,CDG
KIX,HKG
KIX,HEL
KIX,FCO
KIX,PUS
KIX,DLC
KIX,HGH
KIX,PEK
KIX,PVG
KIX,TAO
KIX,TNA
KIX,JFK
KIX,KHH
KIX,CAN
KIX,HRB
KIX,SHE
KIX,KUL
KIX,GUM
KIX,DXB
KIX,CGK
KIX,DPS
KIX,CTS
KIX,NRT
KIX,OKA
KIX,BKK
KIX,CJU
KIX,CNS
KIX,GMP
KIX,HAN
KIX,NKG
KIX,OOL
KIX,SGN
KIX,YNT
KIX,AMS
KIX,FRA
KIX,ISG
KIX,DOH
KIX,FOC
KIX,HKD
KIX,IST
KIX,MFM
KIX,SFO
KIX,SIN
KIX,WUX
KIX,NOU
KJA,OMS
KJA,LED
KJA,SVO
KJA,TAS
KJA,IKT
KJA,NZH
KJA,OVB
KJA,FRU
KJA,OSS
KJA,YKS
KJA,BKK
KJA,DME
KJA,PEK
KJA,KHV
KJA,DYU
KJA,HRB
KJA,LBD
KJA,NMA
KJA,SKD
KJA,VKO
KJA,DXB
KJA,EVN
KJA,GYD
KJA,IAA
KJA,MJZ
KJA,NSK
KJA,TGP
KJA,THX
KJA,TOF
KJA,UUD
KJA,SVX
KKA,ELI
KKA,SKK
KKA,UNK
KKA,OME
KKB,SYB
KKC,DMK
KKC,BKK
KKE,AKL
KKH,KWK
KKH,BET
KKI,AKI
KKI,KWT
KKJ,HND
KKJ,PUS
KKN,TOS
KKN,OSL
KKN,ALF
KKN,LKL
KKN,VAW
KKN,VDS
KKR,PPT
KLG,ANI
KLG,BET
KLG,RSH
KLL,IGG
KLM,THR
KLN,KYK
KLO,HGH
KLO,MNL
KLO,PVG
KLO,CEB
KLO,DVO
KLO,CRK
KLO,SIN
KLO,ICN
KLO,PUS
KLO,TPE
KLR,BMA
KLR,GRO
KLR,ARN
KLU,CGN
KLU,STN
KLU,VIE
KLV,LED
KLV,SVO
KLV,SVX
KLW,KTN
KLW,CGA
KLX,SKG
KLX,ARN
KLX,MUC
KLX,VIE
KME,KGL
KMG,CGO
KMG,CKG
KMG,CSX
KMG,CTU
KMG,INC
KMG,JHG
KMG,KHN
KMG,KWE
KMG,LUM
KMG,NGB
KMG,NKG
KMG,TAO
KMG,TNA
KMG,TPE
KMG,WXN
KMG,XIY
KMG,XMN
KMG,XUZ
KMG,DIG
KMG,DLU
KMG,HAK
KMG,HFE
KMG,HGH
KMG,KWL
KMG,LHW
KMG,LJG
KMG,NNG
KMG,PEK
KMG,PVG
KMG,SYM
KMG,SYX
KMG,TCZ
KMG,TYN
KMG,WUH
KMG,XNN
KMG,YIC
KMG,YIH
KMG,CGD
KMG,HJJ
KMG,JIQ
KMG,SHA
KMG,SJW
KMG,TSN
KMG,ZYI
KMG,CAN
KMG,KUL
KMG,KHH
KMG,UYN
KMG,DAX
KMG,RGN
KMG,SZX
KMG,WNZ
KMG,YCU
KMG,HKG
KMG,YIW
KMG,ZUH
KMG,ACX
KMG,BFJ
KMG,ICN
KMG,CZX
KMG,FOC
KMG,SIN
KMG,BHY
KMG,BKK
KMG,BSD
KMG,CCU
KMG,CEI
KMG,CNX
KMG,DAC
KMG,DSN
KMG,DXB
KMG,HKT
KMG,JGN
KMG,JNG
KMG,KTM
KMG,LLF
KMG,LNJ
KMG,LXA
KMG,LYA
KMG,LZO
KMG,MDL
KMG,MFM
KMG,NAO
KMG,REP
KMG,VTE
KMG,WNH
KMG,WUX
KMG,XIC
KMG,YBP
KMG,ZAT
KMI,TPE
KMI,FUK
KMI,ITM
KMI,HND
KMI,ICN
KMI,NGO
KMI,OKA
KMJ,HND
KMJ,NKM
KMJ,ITM
KMJ,ICN
KMJ,NGO
KMJ,OKA
KMQ,TPE
KMQ,NRT
KMQ,SDJ
KMQ,CTS
KMQ,HND
KMQ,ICN
KMQ,PVG
KMQ,FUK
KMQ,OKA
KMS,ACC
KMV,MDL
KMY,ALZ
KND,BKY
KND,FIH
KNG,AMQ
KNG,FKQ
KNG,MKW
KNG,NBX
KNH,RMQ
KNH,TSA
KNH,KHH
KNH,MZG
KNQ,GEA
KNS,BWT
KNS,MEL
KNU,DEL
KNX,BME
KNX,DRW
KNX,PER
KNX,DCN
KOA,LAX
KOA,OAK
KOA,SJC
KOA,ANC
KOA,PDX
KOA,SEA
KOA,HNL
KOA,OGG
KOA,JHM
KOA,DEN
KOA,PHX
KOA,SFO
KOA,YVR
KOC,BMY
KOC,GEA
KOE,DPS
KOE,SUB
KOE,CGK
KOE,ENE
KOE,MOF
KOE,TMC
KOE,WGP
KOI,ABZ
KOI,EDI
KOI,GLA
KOI,INV
KOI,LSI
KOI,EOI
KOI,NDY
KOI,NRL
KOI,PPW
KOI,SOY
KOI,WRY
KOJ,HND
KOJ,UKB
KOJ,TPE
KOJ,NGO
KOJ,NRT
KOJ,FSZ
KOJ,ICN
KOJ,PVG
KOJ,ITM
KOJ,OKA
KOK,HEL
KOO,FMI
KOP,DMK
KOS,PNH
KOS,REP
KOT,EMK
KOT,KSM
KOT,WBB
KOV,ALA
KOV,CIT
KOW,CTU
KOW,XMN
KOW,PEK
KOW,CAN
KOW,SZX
KOW,HAK
KOW,KHN
KOW,SHA
KOY,KMY
KOZ,ORI
KPB,PPV
KPN,CYF
KPN,BET
KPO,GMP
KPO,CJU
KPY,UGI
KQA,DUT
KQT,FRU
KRF,ARN
KRF,GEV
KRK,TXL
KRK,ARN
KRK,BGO
KRK,CPH
KRK,OSL
KRK,SVG
KRK,TRD
KRK,AGP
KRK,ALC
KRK,BGY
KRK,BHX
KRK,BLL
KRK,BLQ
KRK,BVA
KRK,CAG
KRK,CIA
KRK,CRL
KRK,DTM
KRK,DUB
KRK,EDI
KRK,EIN
KRK,EMA
KRK,GRO
KRK,GSE
KRK,LBA
KRK,LPL
KRK,MAD
KRK,MAN
KRK,MLA
KRK,NYO
KRK,ORK
KRK,PFO
KRK,PSA
KRK,RYG
KRK,STN
KRK,AMS
KRK,GDN
KRK,RZE
KRK,ZRH
KRK,DUS
KRK,FRA
KRK,MUC
KRK,VIE
KRK,WAW
KRK,NCL
KRK,SVO
KRK,BFS
KRK,BRS
KRK,BSL
KRK,CDG
KRK,LGW
KRK,SEN
KRL,CTU
KRL,HMI
KRL,URC
KRL,CGO
KRN,ARN
KRN,GEV
KRN,UME
KRP,CPH
KRR,KZN
KRR,NBC
KRR,SCO
KRR,LED
KRR,DXB
KRR,TAS
KRR,VIE
KRR,AYT
KRR,SAW
KRR,FRU
KRR,EVN
KRR,AER
KRR,DYU
KRR,FEG
KRR,IST
KRR,LCA
KRR,NUX
KRR,OVB
KRR,PRG
KRR,TLV
KRR,VKO
KRR,DME
KRR,SVO
KRR,SVX
KRR,LBD
KRR,NMA
KRR,UFA
KRS,AMS
KRS,OSL
KRS,ALC
KRS,CPH
KRS,DUB
KRS,LCY
KRS,MAN
KRS,GDN
KRS,BGO
KRS,SVG
KRS,TRD
KRT,BEN
KRT,TIP
KRT,ADD
KRT,FRA
KRT,AUH
KRT,DXB
KRT,SHJ
KRT,BAH
KRT,SAH
KRT,EGN
KRT,ELF
KRT,PZU
KRT,UYL
KRT,NBO
KRT,CAI
KRT,JED
KRT,JUB
KRT,DOH
KRT,AMM
KRT,NDJ
KRT,RUH
KRT,IST
KRT,ASM
KRY,URC
KSA,KWA
KSA,PNI
KSC,PRG
KSC,VIE
KSC,BTS
KSC,LTN
KSD,ARN
KSD,LPI
KSD,LPA
KSD,GRO
KSD,TFS
KSE,EBB
KSH,MHD
KSH,THR
KSH,BND
KSH,SYZ
KSH,IST
KSJ,AOK
KSJ,JSH
KSM,ANC
KSM,KOT
KSM,MOU
KSM,SXP
KSN,ALA
KSN,TSE
KSN,DME
KSO,ATH
KSQ,DME
KSQ,LED
KSQ,TAS
KSU,ABZ
KSU,OSL
KSU,BGO
KSU,SVG
KSU,TRD
KSY,ESB
KSY,IST
KSY,SAW
KSZ,ARH
KTA,BNE
KTA,MEL
KTA,PER
KTA,PHE
KTA,SYD
KTB,KTN
KTB,CGA
KTB,HYL
KTE,SZB
KTG,PKN
KTG,PNK
KTG,CGK
KTM,DAC
KTM,DEL
KTM,BOM
KTM,CCU
KTM,VNS
KTM,CTU
KTM,LXA
KTM,HKG
KTM,CAN
KTM,KUL
KTM,AUH
KTM,DXB
KTM,SHJ
KTM,PBH
KTM,ICN
KTM,SIN
KTM,KMG
KTM,DOH
KTM,BKK
KTM,RKT
KTM,IST
KTM,MCT
KTM,BDP
KTM,BHR
KTM,BIR
KTM,BWA
KTM,DHI
KTM,JKR
KTM,KEP
KTM,PKR
KTM,TMI
KTN,HYL
KTN,KTB
KTN,MTM
KTN,JNU
KTN,SEA
KTN,SIT
KTN,WRG
KTN,HYG
KTN,KCC
KTN,KPB
KTN,CGA
KTN,KWF
KTS,TLA
KTS,WAA
KTS,OME
KTT,HEL
KTT,IVL
KTW,ALC
KTW,BHX
KTW,BRS
KTW,DUB
KTW,GRO
KTW,MAN
KTW,STN
KTW,DUS
KTW,FRA
KTW,WAW
KTW,BCN
KTW,BGO
KTW,BGY
KTW,BVA
KTW,CGN
KTW,CIA
KTW,DSA
KTW,DTM
KTW,EIN
KTW,HHN
KTW,KUT
KTW,LTN
KTW,MMX
KTW,NAP
KTW,NYO
KTW,SVG
KTW,TLV
KTW,TRF
KTW,IEV
KUA,PEN
KUA,SIN
KUA,KUL
KUD,BKI
KUD,SDK
KUF,LED
KUF,DME
KUF,ROV
KUF,SVX
KUF,MSQ
KUF,DXB
KUF,TAS
KUF,ALA
KUF,FRA
KUF,PRG
KUF,EVN
KUF,SVO
KUF,DYU
KUF,LBD
KUF,OSS
KUF,VKO
KUF,NSK
KUH,TPE
KUH,HND
KUH,CTS
KUK,NUP
KUL,MNL
KUL,SIN
KUL,DAC
KUL,BLR
KUL,BOM
KUL,DEL
KUL,HYD
KUL,MAA
KUL,BKK
KUL,CDG
KUL,FRA
KUL,LGK
KUL,LHR
KUL,NRT
KUL,PEN
KUL,AMS
KUL,CGK
KUL,AOR
KUL,BDO
KUL,BKI
KUL,BPN
KUL,BTJ
KUL,BTU
KUL,BWN
KUL,CAN
KUL,CCU
KUL,CNX
KUL,COK
KUL,CRK
KUL,DMK
KUL,DPS
KUL,HAN
KUL,HDY
KUL,HKG
KUL,HKT
KUL,JHB
KUL,JOG
KUL,KBR
KUL,KBV
KUL,KCH
KUL,KMG
KUL,KWL
KUL,LBU
KUL,LOP
KUL,MFM
KUL,MYY
KUL,NNG
KUL,PDG
KUL,PKU
KUL,PLM
KUL,PNH
KUL,REP
KUL,RGN
KUL,SBW
KUL,SDK
KUL,SGN
KUL,SOC
KUL,SRG
KUL,SUB
KUL,SZX
KUL,TGG
KUL,TRZ
KUL,TWU
KUL,UPG
KUL,URT
KUL,VTE
KUL,AUH
KUL,TPE
KUL,PEK
KUL,PVG
KUL,ADL
KUL,CMB
KUL,CTU
KUL,HGH
KUL,HND
KUL,ICN
KUL,JED
KUL,KIX
KUL,KTM
KUL,MEL
KUL,MLE
KUL,OOL
KUL,PER
KUL,PUS
KUL,SYD
KUL,DXB
KUL,TAS
KUL,IKA
KUL,ALA
KUL,KWI
KUL,FOC
KUL,XMN
KUL,AKL
KUL,BNE
KUL,DOH
KUL,DRW
KUL,IST
KUL,KUA
KUL,MRU
KUL,USM
KUL,KHI
KUL,LHE
KUL,PEW
KUL,RUH
KUL,MCT
KUN,RIX
KUN,ALC
KUN,BRS
KUN,CAG
KUN,DUB
KUN,HHN
KUN,KGS
KUN,LGW
KUN,LTN
KUN,NYO
KUN,PFO
KUN,PMI
KUN,RYG
KUN,STN
KUO,HEL
KUS,AGM
KUS,GOH
KUS,RKV
KUT,TBS
KUT,VKO
KUT,MSQ
KUT,KTW
KUT,WAW
KUT,DOK
KUT,HRK
KUT,IEV
KUU,DEL
KUV,CJU
KUZ,AGM
KVA,ATH
KVC,CDB
KVD,IST
KVD,GYD
KVD,LED
KVD,DME
KVD,TJM
KVD,UFA
KVG,MAS
KVG,POM
KVG,RAB
KVK,DME
KVL,OTZ
KVL,PHO
KVX,DME
KVX,NNM
KVX,VKO
KWA,KSA
KWA,MAJ
KWA,PNI
KWE,CTU
KWE,JJN
KWE,KMG
KWE,LHW
KWE,SYX
KWE,WNZ
KWE,XUZ
KWE,LJG
KWE,NKG
KWE,PVG
KWE,CAN
KWE,CGO
KWE,CKG
KWE,CSX
KWE,HFE
KWE,HGH
KWE,KHN
KWE,PEK
KWE,SHA
KWE,SZX
KWE,TNA
KWE,WUH
KWE,XIY
KWE,XMN
KWE,ZUH
KWE,DLU
KWE,NNG
KWE,SWA
KWE,TPE
KWE,URC
KWE,FOC
KWE,ACX
KWE,BFJ
KWE,HZH
KWE,INC
KWE,KWL
KWE,LZO
KWE,MIG
KWE,WUZ
KWE,YBP
KWE,HAK
KWE,TEN
KWE,TYN
KWE,HKG
KWE,YIH
KWF,KTN
KWI,AUH
KWI,BOM
KWI,LHR
KWI,AMS
KWI,DMM
KWI,AMD
KWI,GOI
KWI,CGP
KWI,DAC
KWI,HBE
KWI,DXB
KWI,AWZ
KWI,CQD
KWI,LFM
KWI,MHD
KWI,ADD
KWI,JED
KWI,KBL
KWI,SHJ
KWI,BAH
KWI,IFN
KWI,LRR
KWI,SYZ
KWI,CCJ
KWI,IXE
KWI,DOH
KWI,RIY
KWI,AMM
KWI,ATZ
KWI,BEY
KWI,CAI
KWI,DWC
KWI,HMB
KWI,LXR
KWI,NJF
KWI,RUH
KWI,BKK
KWI,CMB
KWI,COK
KWI,DEL
KWI,FCO
KWI,FRA
KWI,IKA
KWI,ISB
KWI,IST
KWI,JFK
KWI,KUL
KWI,MAA
KWI,MCT
KWI,MED
KWI,SAW
KWI,SSH
KWI,TRV
KWI,LHE
KWI,SKT
KWI,TUN
KWI,IAD
KWJ,CJU
KWJ,GMP
KWK,BET
KWK,KKH
KWK,KPN
KWL,CTU
KWL,INC
KWL,SYX
KWL,KMG
KWL,XMN
KWL,PVG
KWL,SJW
KWL,KUL
KWL,TPE
KWL,CGO
KWL,CKG
KWL,FOC
KWL,HGH
KWL,NKG
KWL,PEK
KWL,HKG
KWL,CAN
KWL,NNG
KWL,SHA
KWL,SHE
KWL,SWA
KWL,SZX
KWL,WNZ
KWL,WUH
KWL,XIY
KWL,AEB
KWL,BHY
KWL,KWE
KWL,HAK
KWL,LHW
KWL,ZUH
KWL,TYN
KWL,LJG
KWL,NGB
KWL,TNA
KWL,CSX
KWL,HFE
KWL,ICN
KWL,BKK
KWM,CNS
KWM,EDR
KWN,BET
KWN,EEK
KWT,KKI
KWT,BET
KXK,VKO
KYA,SAW
KYA,IST
KYP,RGN
KYU,GAL
KYU,FAI
KZN,AER
KZN,ASF
KZN,CEK
KZN,DME
KZN,KRR
KZN,LED
KZN,MRV
KZN,OMS
KZN,ROV
KZN,SVX
KZN,DXB
KZN,SHJ
KZN,FEG
KZN,SKD
KZN,TAS
KZN,ALA
KZN,PRG
KZN,SVO
KZN,IST
KZN,DYU
KZN,LBD
KZN,GYD
KZN,NJC
KZN,GOJ
KZN,UFA
KZN,FRU
KZN,OSS
KZO,KGF
KZO,SCO
KZO,ALA
KZO,TSE
KZR,IST
KZS,RHO
LAD,FIH
LAD,CDG
LAD,CMN
LAD,LBV
LAD,LHR
LAD,BZV
LAD,CAB
LAD,CBT
LAD,CPT
LAD,DXB
LAD,GIG
LAD,GRU
LAD,HRE
LAD,JNB
LAD,LIS
LAD,LUO
LAD,MEG
LAD,NOV
LAD,OPO
LAD,PEK
LAD,SDD
LAD,SPP
LAD,SVP
LAD,SZA
LAD,TMS
LAD,VHC
LAD,VPE
LAD,WDH
LAD,ADD
LAD,SSY
LAD,MAD
LAD,AMS
LAD,NBO
LAD,FRA
LAD,MPM
LAD,LOS
LAE,HGU
LAE,HKN
LAE,MAG
LAE,PNP
LAE,POM
LAE,BUA
LAE,MAS
LAI,ORY
LAM,ABQ
LAN,DTW
LAN,MSP
LAN,SFB
LAN,DCA
LAN,ORD
LAO,MNL
LAP,MEX
LAP,CUL
LAP,GDL
LAP,LAX
LAP,TIJ
LAQ,HBE
LAQ,TIP
LAQ,TUN
LAR,DEN
LAS,LAX
LAS,MTY
LAS,TLC
LAS,DFW
LAS,JFK
LAS,LGW
LAS,LHR
LAS,MIA
LAS,ORD
LAS,YEG
LAS,YVR
LAS,YYC
LAS,YYZ
LAS,YUL
LAS,MEX
LAS,PPE
LAS,BLI
LAS,PDX
LAS,SEA
LAS,BOS
LAS,LGB
LAS,PTY
LAS,FRA
LAS,CVG
LAS,DTW
LAS,ICN
LAS,MEM
LAS,MSP
LAS,SLC
LAS,DEN
LAS,BNA
LAS,BOI
LAS,BUR
LAS,BWI
LAS,DSM
LAS,HOU
LAS,IND
LAS,LBB
LAS,MCI
LAS,MCO
LAS,MDW
LAS,MKE
LAS,OAK
LAS,PHL
LAS,PIT
LAS,RNO
LAS,SAN
LAS,SAT
LAS,SFO
LAS,SJC
LAS,SMF
LAS,SNA
LAS,STL
LAS,ATW
LAS,AUS
LAS,AZA
LAS,BIL
LAS,BIS
LAS,BZN
LAS,CID
LAS,COS
LAS,CPR
LAS,DLH
LAS,EUG
LAS,FAR
LAS,FAT
LAS,FCA
LAS,FSD
LAS,GFK
LAS,GJT
LAS,GRI
LAS,GRR
LAS,GTF
LAS,HNL
LAS,ICT
LAS,IDA
LAS,LRD
LAS,MFE
LAS,MFR
LAS,MLI
LAS,MOT
LAS,MRY
LAS,MSO
LAS,PBG
LAS,PIA
LAS,PSC
LAS,RAP
LAS,RFD
LAS,SBN
LAS,SCK
LAS,SGF
LAS,SHV
LAS,SMX
LAS,XNA
LAS,FLL
LAS,IAH
LAS,CLE
LAS,CLT
LAS,EWR
LAS,IAD
LAS,PSP
LAS,DCA
LAS,PHX
LAS,ABQ
LAS,ALB
LAS,AMA
LAS,BHM
LAS,BUF
LAS,CMH
LAS,ELP
LAS,FNT
LAS,GEG
LAS,LIT
LAS,MAF
LAS,OKC
LAS,OMA
LAS,ONT
LAS,RDU
LAS,SDF
LAS,TPA
LAS,TUL
LAS,TUS
LAS,YLW
LAS,YOW
LAS,YQR
LAS,YWG
LAS,YXE
LAS,YYJ
LAS,GDL
LAU,MYD
LAU,WIL
LAW,DFW
LAX,LAS
LAX,ABQ
LAX,ANC
LAX,AUS
LAX,BDL
LAX,BNA
LAX,BNE
LAX,BOS
LAX,CMH
LAX,DCA
LAX,DEN
LAX,DFW
LAX,ELP
LAX,EUG
LAX,EWR
LAX,FAT
LAX,GDL
LAX,HKG
LAX,HNL
LAX,IAD
LAX,IAH
LAX,IND
LAX,JFK
LAX,KOA
LAX,LHR
LAX,LIH
LAX,LIM
LAX,MCO
LAX,MEL
LAX,MEX
LAX,MFR
LAX,MIA
LAX,MMH
LAX,MRY
LAX,NAN
LAX,NRT
LAX,OGG
LAX,OKC
LAX,ORD
LAX,PDX
LAX,PHX
LAX,PIT
LAX,PPT
LAX,PVG
LAX,RDM
LAX,RDU
LAX,RNO
LAX,SAF
LAX,SAN
LAX,SBA
LAX,SEA
LAX,SFO
LAX,SJC
LAX,SJD
LAX,SLC
LAX,SMF
LAX,STL
LAX,STS
LAX,SYD
LAX,TUS
LAX,XNA
LAX,YEG
LAX,YVR
LAX,YYC
LAX,YYZ
LAX,YLW
LAX,YUL
LAX,CDG
LAX,MSP
LAX,CUN
LAX,HMO
LAX,LAP
LAX,LTO
LAX,MZT
LAX,PVR
LAX,ZIH
LAX,ZLO
LAX,MCI
LAX,OAK
LAX,DXB
LAX,FLL
LAX,TPE
LAX,PEK
LAX,GUA
LAX,PTY
LAX,CAN
LAX,AMS
LAX,CVG
LAX,DTW
LAX,GEG
LAX,HND
LAX,ICN
LAX,MEM
LAX,SJO
LAX,SVO
LAX,TPA
LAX,BWI
LAX,HOU
LAX,MDW
LAX,SAT
LAX,BLI
LAX,PVU
LAX,GRU
LAX,FRA
LAX,MUC
LAX,ZRH
LAX,TLV
LAX,AKL
LAX,BJX
LAX,RAR
LAX,MNL
LAX,SAL
LAX,IST
LAX,BFL
LAX,BOI
LAX,CLD
LAX,CLE
LAX,CLT
LAX,COS
LAX,DGO
LAX,ICT
LAX,ITO
LAX,IYK
LAX,PSP
LAX,SBP
LAX,SMX
LAX,YUM
LAX,VKO
LAX,PHL
LAX,MKE
LAX,AGU
LAX,MLM
LAX,UPN
LAX,ZCL
LAX,IGM
LAX,MCE
LAX,PRC
LAX,VIS
LAZ,GNM
LBA,LHR
LBA,AMS
LBA,BHD
LBA,GLA
LBA,SOU
LBA,ACE
LBA,AGP
LBA,ALC
LBA,BGY
LBA,DUB
LBA,FAO
LBA,FUE
LBA,GDN
LBA,KRK
LBA,MJV
LBA,MLA
LBA,PMI
LBA,RIX
LBA,TFS
LBA,VNO
LBA,BCN
LBA,CDG
LBA,DLM
LBA,DUS
LBA,FCO
LBA,FNC
LBA,IBZ
LBA,LPA
LBA,PRG
LBA,SXF
LBA,VCE
LBA,ISB
LBA,ABZ
LBA,LCA
LBB,DFW
LBB,DAL
LBB,JAN
LBB,DEN
LBB,IAH
LBB,AUS
LBB,LAS
LBC,BGY
LBC,GRO
LBC,NYO
LBC,OPO
LBC,PMI
LBC,PSA
LBC,GDN
LBC,IEV
LBD,URC
LBD,UFA
LBD,LED
LBD,PEE
LBD,REN
LBD,CEK
LBD,DME
LBD,OVB
LBD,ROV
LBD,AER
LBD,GOJ
LBD,KJA
LBD,KRR
LBD,KUF
LBD,KZN
LBD,SVX
LBE,DFW
LBE,FLL
LBE,MCO
LBE,MYR
LBF,MCK
LBF,DEN
LBJ,DPS
LBJ,ENE
LBL,CVN
LBL,DDC
LBL,DEN
LBP,MUR
LBS,NAN
LBS,SUV
LBU,KUL
LBU,BKI
LBU,MYY
LBV,CDG
LBV,CMN
LBV,LAD
LBV,SSG
LBV,COO
LBV,ADD
LBV,FIH
LBV,LFW
LBV,LOS
LBV,NSI
LBV,PNR
LBV,ABJ
LBV,BZV
LBV,FRA
LBV,DLA
LBV,JNB
LBV,IST
LCA,ATH
LCA,SKG
LCA,LHR
LCA,CDG
LCA,MSQ
LCA,LGW
LCA,RIX
LCA,AMS
LCA,AUH
LCA,BEY
LCA,FRA
LCA,MUC
LCA,OTP
LCA,SOF
LCA,SVO
LCA,TLV
LCA,ZRH
LCA,DUS
LCA,HAM
LCA,LEJ
LCA,SXF
LCA,ARN
LCA,OSL
LCA,DXB
LCA,MLA
LCA,LED
LCA,BAH
LCA,BEG
LCA,WAW
LCA,CAI
LCA,VIE
LCA,KBP
LCA,KRR
LCA,AMM
LCA,BFS
LCA,MAN
LCA,LPL
LCA,MXP
LCA,SVX
LCA,BUD
LCA,BHX
LCA,LBA
LCE,GCM
LCE,GJA
LCE,PEU
LCE,RTB
LCE,SAP
LCE,TGU
LCE,UII
LCG,MAD
LCG,BCN
LCG,BIO
LCG,LHR
LCG,LPA
LCG,SVQ
LCG,TFN
LCG,LIS
LCH,DFW
LCH,IAH
LCJ,BRS
LCJ,DUB
LCJ,EDI
LCJ,EMA
LCJ,LPL
LCJ,STN
LCJ,CPH
LCK,SFB
LCR,ACR
LCR,LET
LCX,SHA
LCY,FRA
LCY,ZRH
LCY,AMS
LCY,ANR
LCY,BVE
LCY,DND
LCY,DOL
LCY,DRS
LCY,DUB
LCY,FCO
LCY,FLR
LCY,FMO
LCY,LIN
LCY,LUX
LCY,NTE
LCY,NUE
LCY,ORY
LCY,PAD
LCY,RTM
LCY,ABZ
LCY,AGP
LCY,ARN
LCY,BLL
LCY,DUS
LCY,EDI
LCY,GLA
LCY,GRX
LCY,IBZ
LCY,IOM
LCY,MAD
LCY,MAH
LCY,NCE
LCY,PMI
LCY,VCE
LCY,BSL
LCY,GVA
LCY,JER
LCY,BRN
LCY,BOO
LCY,KRS
LDB,CGB
LDB,CWB
LDB,MGF
LDB,POA
LDB,VCP
LDB,CGH
LDB,GRU
LDE,ORY
LDE,STN
LDG,ARH
LDH,BNE
LDH,PQQ
LDH,SYD
LDS,HRB
LDS,TSN
LDS,DLC
LDU,BKI
LDY,BHX
LDY,LPL
LDY,PIK
LDY,STN
LEA,PER
LEB,BOS
LEB,HPN
LEC,SSA
LED,KUF
LED,KZN
LED,MQF
LED,NBC
LED,PEE
LED,UFA
LED,VKO
LED,ARH
LED,MMK
LED,SCW
LED,CSY
LED,EGO
LED,IAR
LED,MCX
LED,ULV
LED,VOG
LED,KIV
LED,TXL
LED,CDG
LED,HEL
LED,FCO
LED,MSQ
LED,LHR
LED,RIX
LED,CEE
LED,UCT
LED,OSL
LED,DXB
LED,AER
LED,ALA
LED,AMS
LED,ARN
LED,BHK
LED,CEK
LED,CPH
LED,DME
LED,DUS
LED,DYU
LED,EVN
LED,FEG
LED,FRA
LED,FRU
LED,GYD
LED,HAM
LED,ICN
LED,IST
LED,KBP
LED,KGD
LED,KJA
LED,KLV
LED,KRR
LED,KSQ
LED,LBD
LED,LCA
LED,MRV
LED,MUC
LED,MXP
LED,NCE
LED,NMA
LED,NVI
LED,OMS
LED,OSS
LED,OVB
LED,PEK
LED,PRG
LED,ROV
LED,SKD
LED,SVO
LED,SVX
LED,SXF
LED,TAS
LED,TFS
LED,TJM
LED,TLL
LED,TLV
LED,UGC
LED,VDA
LED,VIE
LED,WAW
LED,ZRH
LED,AZN
LED,BCN
LED,KVD
LED,TSE
LED,MLA
LED,GVA
LED,IEV
LED,REN
LED,YKS
LED,LLK
LED,TIV
LED,BKK
LED,HKT
LED,PED
LED,PUJ
LED,NSK
LED,NJC
LED,VNO
LED,VOZ
LEH,LYS
LEI,PMI
LEI,BRU
LEI,EMA
LEI,STN
LEI,BCN
LEI,MAD
LEI,MLN
LEI,SVQ
LEI,LGW
LEJ,CGN
LEJ,STR
LEJ,ACE
LEJ,AYT
LEJ,FNC
LEJ,LPA
LEJ,PMI
LEJ,TFS
LEJ,AGA
LEJ,FUE
LEJ,LCA
LEJ,CDG
LEJ,AGP
LEJ,CIA
LEJ,FAO
LEJ,PSA
LEJ,STN
LEJ,TPS
LEJ,DUS
LEJ,FRA
LEJ,MUC
LEJ,VIE
LEJ,IST
LEN,BCN
LEQ,ISC
LET,LCR
LET,LPD
LET,TCD
LET,BOG
LEX,DFW
LEX,ORD
LEX,DCA
LEX,DTW
LEX,LGA
LEX,MSP
LEX,FLL
LEX,PGD
LEX,PIE
LEX,SFB
LEX,IAH
LEX,CLT
LFM,DXB
LFM,KWI
LFM,SYZ
LFT,DFW
LFT,IAH
LFW,OUA
LFW,CDG
LFW,ACC
LFW,ABJ
LFW,ABV
LFW,ADD
LFW,BKO
LFW,CKY
LFW,COO
LFW,DLA
LFW,GIG
LFW,LBV
LFW,LOS
LFW,BRU
LGA,BNA
LGA,CLE
LGA,CLT
LGA,CMH
LGA,DFW
LGA,DTW
LGA,MIA
LGA,MSP
LGA,ORD
LGA,RDU
LGA,STL
LGA,XNA
LGA,YUL
LGA,YYZ
LGA,YOW
LGA,FLL
LGA,MCO
LGA,PBI
LGA,RSW
LGA,SRQ
LGA,TPA
LGA,IAH
LGA,BDA
LGA,BGR
LGA,BHM
LGA,BOS
LGA,BTV
LGA,BUF
LGA,CAE
LGA,CHO
LGA,CHS
LGA,CVG
LGA,DAY
LGA,DCA
LGA,DEN
LGA,DSM
LGA,GRR
LGA,GSO
LGA,GSP
LGA,IAD
LGA,ILM
LGA,IND
LGA,JAX
LGA,LEX
LGA,MCI
LGA,MEM
LGA,MHT
LGA,MKE
LGA,MSN
LGA,NAS
LGA,OMA
LGA,ORF
LGA,PIT
LGA,PWM
LGA,RIC
LGA,ROA
LGA,ROC
LGA,SAV
LGA,SDF
LGA,SYR
LGA,TYS
LGA,YHZ
LGA,CAK
LGA,HOU
LGA,MYR
LGA,PHL
LGA,MDW
LGB,PDX
LGB,SEA
LGB,AUS
LGB,BOS
LGB,IAD
LGB,JFK
LGB,LAS
LGB,OAK
LGB,SFO
LGB,SLC
LGB,SMF
LGB,PHX
LGI,NAS
LGK,KUL
LGK,PEN
LGK,SIN
LGK,SZB
LGL,MUR
LGL,MYY
LGP,MNL
LGP,CEB
LGQ,UIO
LGW,FNA
LGW,CMN
LGW,TIP
LGW,ATH
LGW,LAS
LGW,MCO
LGW,TPA
LGW,SZG
LGW,MSQ
LGW,ACE
LGW,AGP
LGW,ALC
LGW,ALG
LGW,AMS
LGW,ANU
LGW,BCN
LGW,BDA
LGW,BGI
LGW,BHD
LGW,BOD
LGW,CUN
LGW,DBV
LGW,EDI
LGW,FAO
LGW,FCO
LGW,GCI
LGW,GLA
LGW,GOA
LGW,INV
LGW,JER
LGW,KIN
LGW,LCA
LGW,MLE
LGW,MRU
LGW,NAP
LGW,NCE
LGW,NQY
LGW,PFO
LGW,RAK
LGW,TFS
LGW,TIA
LGW,TRN
LGW,UVF
LGW,VCE
LGW,VRN
LGW,IOM
LGW,NCL
LGW,RIX
LGW,POS
LGW,GOI
LGW,MAN
LGW,AAL
LGW,AES
LGW,ARN
LGW,BGO
LGW,CPH
LGW,FUE
LGW,GOT
LGW,HEL
LGW,LPA
LGW,OSL
LGW,PMI
LGW,SVG
LGW,TOS
LGW,TRD
LGW,TRF
LGW,DUB
LGW,NOC
LGW,DXB
LGW,KEF
LGW,CAG
LGW,KUN
LGW,ORK
LGW,SNN
LGW,SVQ
LGW,MLA
LGW,KBP
LGW,LIS
LGW,PRN
LGW,AYT
LGW,DLM
LGW,HRG
LGW,NBE
LGW,SSH
LGW,IST
LGW,SAW
LGW,AGA
LGW,BVC
LGW,FNC
LGW,PUJ
LGW,SID
LGW,OPO
LGW,YVR
LGW,YYC
LGW,YYZ
LGW,ABZ
LGW,ADB
LGW,AMM
LGW,BFS
LGW,BJV
LGW,BLQ
LGW,BRI
LGW,BSL
LGW,BUD
LGW,CFU
LGW,CGN
LGW,CTA
LGW,DME
LGW,DUS
LGW,GIB
LGW,GVA
LGW,HAM
LGW,KRK
LGW,LEI
LGW,LIN
LGW,LUX
LGW,LYS
LGW,MAD
LGW,MJV
LGW,MPL
LGW,MRS
LGW,MUC
LGW,MXP
LGW,NTE
LGW,OLB
LGW,OTP
LGW,PMO
LGW,PRG
LGW,PSA
LGW,SCQ
LGW,SKG
LGW,SOF
LGW,SXF
LGW,TLL
LGW,TLS
LGW,VIE
LGW,VLC
LGW,ZAG
LGW,ZRH
LGW,HAN
LGW,SGN
LGW,HAV
LGW,MBJ
LGW,MAH
LHE,DXB
LHE,AUH
LHE,BAH
LHE,KHI
LHE,DMM
LHE,JED
LHE,KWI
LHE,MCT
LHE,MHD
LHE,RUH
LHE,BCN
LHE,BHV
LHE,DEL
LHE,DOH
LHE,ISB
LHE,KUL
LHE,LHR
LHE,MAN
LHE,MED
LHE,MUX
LHE,MXP
LHE,OSL
LHE,PEW
LHE,RYK
LHE,SKZ
LHE,YYZ
LHE,RKT
LHE,BKK
LHR,CGN
LHR,STR
LHR,BOM
LHR,DEL
LHR,ATH
LHR,ABZ
LHR,ACC
LHR,AMS
LHR,ARN
LHR,AUH
LHR,BAH
LHR,BCN
LHR,BGO
LHR,BHD
LHR,BLQ
LHR,BLR
LHR,BOS
LHR,BRU
LHR,BSL
LHR,BUD
LHR,BWI
LHR,CDG
LHR,CPH
LHR,CPT
LHR,DEN
LHR,DFW
LHR,DUB
LHR,DUS
LHR,DXB
LHR,EBB
LHR,EDI
LHR,EWR
LHR,FCO
LHR,FRA
LHR,GIB
LHR,GLA
LHR,GOT
LHR,GVA
LHR,HAJ
LHR,HAM
LHR,HEL
LHR,HYD
LHR,IAD
LHR,IAH
LHR,IST
LHR,JFK
LHR,JNB
LHR,KUL
LHR,KWI
LHR,LAS
LHR,LAX
LHR,LBA
LHR,LCA
LHR,LIN
LHR,LIS
LHR,LUX
LHR,LYS
LHR,MAA
LHR,MAN
LHR,MIA
LHR,MRS
LHR,MUC
LHR,MXP
LHR,NBO
LHR,NCE
LHR,NCL
LHR,ORD
LHR,OSL
LHR,OTP
LHR,PHL
LHR,PHX
LHR,PRG
LHR,PSA
LHR,RDU
LHR,RTM
LHR,SAN
LHR,SEA
LHR,SFO
LHR,SOF
LHR,SVG
LHR,TLS
LHR,TXL
LHR,VCE
LHR,VIE
LHR,WAW
LHR,YUL
LHR,YVR
LHR,YYC
LHR,YYZ
LHR,ZAG
LHR,ZRH
LHR,ORY
LHR,YEG
LHR,YHZ
LHR,YOW
LHR,DTW
LHR,MSP
LHR,ALG
LHR,MEX
LHR,CMN
LHR,TNG
LHR,ABV
LHR,AGA
LHR,ALA
LHR,ALC
LHR,AMM
LHR,BEY
LHR,BKK
LHR,CAI
LHR,CTU
LHR,DME
LHR,EZE
LHR,FNA
LHR,GIG
LHR,GRU
LHR,GYD
LHR,HKG
LHR,HND
LHR,ICN
LHR,JED
LHR,KBP
LHR,LAD
LHR,LED
LHR,LOS
LHR,LPA
LHR,MAD
LHR,NAS
LHR,NRT
LHR,PEK
LHR,PVG
LHR,RUH
LHR,SIN
LHR,TIP
LHR,TLV
LHR,DAC
LHR,ZYL
LHR,CAN
LHR,ORK
LHR,SNN
LHR,ADD
LHR,KEF
LHR,SVO
LHR,TAS
LHR,BIO
LHR,FLR
LHR,LCG
LHR,LUN
LHR,IKA
LHR,BEG
LHR,MLA
LHR,MRU
LHR,ISB
LHR,KHI
LHR,LHE
LHR,MNL
LHR,DOH
LHR,ASB
LHR,FNC
LHR,TUN
LHR,CMB
LHR,VKO
LHR,CLT
LHR,MCT
LHW,CKG
LHW,CTU
LHW,DNH
LHW,GXH
LHW,JGN
LHW,KWE
LHW,XIY
LHW,KMG
LHW,URC
LHW,PVG
LHW,CGO
LHW,CSX
LHW,HGH
LHW,PEK
LHW,TNA
LHW,TYN
LHW,CAN
LHW,HAK
LHW,SHE
LHW,TPE
LHW,SHA
LHW,MIG
LHW,YZY
LHW,INC
LHW,IQN
LHW,JIC
LHW,KWL
LHW,HFE
LHW,SZX
LHW,WUH
LHW,NNG
LHW,NKG
LHW,SJW
LIF,GEA
LIF,TGJ
LIF,UVE
LIG,LYS
LIG,SOU
LIG,EMA
LIG,LPL
LIG,STN
LIG,NCE
LIG,ORY
LIH,LAX
LIH,OAK
LIH,SJC
LIH,PDX
LIH,SAN
LIH,SEA
LIH,HNL
LIH,OGG
LIH,DEN
LIH,PHX
LIH,SFO
LIH,YVR
LIL,BOD
LIL,LYS
LIL,MPL
LIL,NTE
LIL,SXB
LIL,TLS
LIL,MRS
LIL,NCE
LIL,ALG
LIL,ORN
LIL,FEZ
LIL,OPO
LIL,BCN
LIL,RAK
LIL,TUN
LIL,GVA
LIM,AYP
LIM,CUZ
LIM,HUU
LIM,PCL
LIM,TPP
LIM,DFW
LIM,JFK
LIM,LAX
LIM,MIA
LIM,SCL
LIM,SFO
LIM,YYZ
LIM,CDG
LIM,AQP
LIM,LPB
LIM,MEX
LIM,VVI
LIM,EZE
LIM,BOG
LIM,MDE
LIM,AMS
LIM,PTY
LIM,UIO
LIM,ANF
LIM,MAD
LIM,GRU
LIM,IGU
LIM,CCS
LIM,CIX
LIM,CJA
LIM,COR
LIM,CUN
LIM,GYE
LIM,HAV
LIM,IQT
LIM,JUL
LIM,PEM
LIM,PIU
LIM,PUJ
LIM,TBP
LIM,TCQ
LIM,TRU
LIM,SJO
LIM,FLL
LIM,ASU
LIM,CLO
LIM,GIG
LIM,MVD
LIM,POA
LIM,SAL
LIM,SDQ
LIM,EWR
LIM,IAH
LIM,ANS
LIM,ATA
LIM,JAU
LIN,LHR
LIN,CDG
LIN,LCY
LIN,ORY
LIN,AMS
LIN,BRI
LIN,NAP
LIN,PMO
LIN,AHO
LIN,BCN
LIN,BDS
LIN,BRU
LIN,CAG
LIN,CTA
LIN,FCO
LIN,FRA
LIN,OTP
LIN,PSR
LIN,REG
LIN,SUF
LIN,TRS
LIN,VIE
LIN,DUB
LIN,TXL
LIN,MAD
LIN,MLA
LIN,OLB
LIN,ARN
LIN,CPH
LIN,LGW
LIR,SYQ
LIR,TNO
LIR,DFW
LIR,MIA
LIR,YYZ
LIR,JFK
LIR,PTY
LIR,SJO
LIR,SAL
LIR,EWR
LIR,IAH
LIR,CLT
LIS,CGN
LIS,KIV
LIS,LHR
LIS,CDG
LIS,CMN
LIS,AMS
LIS,BRU
LIS,GVA
LIS,HEL
LIS,ZRH
LIS,BLQ
LIS,FCO
LIS,MXP
LIS,VCE
LIS,DUS
LIS,LAD
LIS,CPH
LIS,DUB
LIS,DXB
LIS,AGP
LIS,EIN
LIS,BCN
LIS,MAD
LIS,ORY
LIS,BSB
LIS,GIG
LIS,GRU
LIS,VCP
LIS,FRA
LIS,HAM
LIS,MUC
LIS,WAW
LIS,LPA
LIS,VIE
LIS,ARN
LIS,BIO
LIS,FAO
LIS,FNC
LIS,HOR
LIS,LGW
LIS,OPO
LIS,PDL
LIS,PIX
LIS,SMA
LIS,SVQ
LIS,TER
LIS,VLC
LIS,YYZ
LIS,DME
LIS,IST
LIS,NTE
LIS,ACC
LIS,ALG
LIS,BKO
LIS,BOD
LIS,BUD
LIS,BVC
LIS,CCS
LIS,CNF
LIS,DKR
LIS,EWR
LIS,FOR
LIS,LCG
LIS,LUX
LIS,LYS
LIS,MAN
LIS,MIA
LIS,MPM
LIS,MRS
LIS,NAT
LIS,NCE
LIS,OSL
LIS,OTP
LIS,OXB
LIS,POA
LIS,PRG
LIS,RAI
LIS,RAK
LIS,REC
LIS,SID
LIS,SSA
LIS,SXF
LIS,TLS
LIS,TMS
LIS,TNG
LIS,VXE
LIS,TUN
LIS,BRS
LIS,BSL
LIS,EDI
LIS,LTN
LIS,OVD
LIS,VKO
LIT,DFW
LIT,ORD
LIT,DTW
LIT,DEN
LIT,BWI
LIT,DAL
LIT,HOU
LIT,MDW
LIT,SFB
LIT,IAH
LIT,CLT
LIT,DCA
LIT,LAS
LIT,PHX
LJA,FIH
LJG,CKG
LJG,CTU
LJG,MIG
LJG,XIY
LJG,CGO
LJG,CSX
LJG,JHG
LJG,KMG
LJG,KWE
LJG,NGB
LJG,NKG
LJG,TYN
LJG,WUX
LJG,TPE
LJG,HGH
LJG,PEK
LJG,SZX
LJG,CAN
LJG,KWL
LJG,NNG
LJG,TNA
LJG,WUH
LJG,HKG
LJG,TCZ
LJG,SIN
LJU,CDG
LJU,AMS
LJU,BEG
LJU,BRU
LJU,CPH
LJU,FRA
LJU,IST
LJU,MUC
LJU,PRN
LJU,SJJ
LJU,SKP
LJU,SVO
LJU,TGD
LJU,TIA
LJU,VIE
LJU,ZRH
LJU,STN
LJU,CRL
LJU,LTN
LKB,SUV
LKE,FBS
LKE,SEA
LKE,YWH
LKH,MUR
LKH,MYY
LKL,TOS
LKN,BOO
LKN,RET
LKN,SVJ
LKO,BLR
LKO,BOM
LKO,DEL
LKO,PAT
LKO,CCU
LKO,DED
LKO,DXB
LKO,SHJ
LKO,JED
LKO,RUH
LKO,MCT
LLA,ARN
LLA,GEV
LLA,SDL
LLA,UME
LLA,PJA
LLB,CAN
LLF,CSX
LLF,KMG
LLI,ADD
LLI,AXU
LLI,GDQ
LLK,SVX
LLK,DME
LLK,LED
LLU,JJU
LLU,JNN
LLW,LUN
LLW,NBO
LLW,BLZ
LLW,JNB
LMA,FAI
LMC,BOG
LMM,HMO
LMM,MEX
LMM,MZT
LMM,GDL
LMM,TIJ
LMN,MYY
LMP,CTA
LMP,PMO
LMT,PDX
LMT,SFO
LNB,CCV
LNB,VLI
LNE,LOD
LNE,VLI
LNJ,KMG
LNK,MSP
LNK,DEN
LNK,ORD
LNS,IAD
LNV,POM
LNY,JHM
LNY,OGG
LNY,HNL
LNZ,STN
LNZ,TFS
LNZ,DUS
LNZ,FRA
LNZ,VIE
LNZ,AYT
LOD,LNE
LOD,SON
LOE,DMK
LOH,GYE
LOH,UIO
LOK,EDL
LOP,KUL
LOP,CGK
LOP,DPS
LOP,SIN
LOP,SUB
LOP,UPG
LOP,PER
LOP,JOG
LOS,CDG
LOS,CMN
LOS,ACC
LOS,LHR
LOS,DXB
LOS,ABJ
LOS,ADD
LOS,LBV
LOS,LFW
LOS,AUH
LOS,MAD
LOS,AMS
LOS,COO
LOS,NBO
LOS,FRA
LOS,PHC
LOS,BEY
LOS,CAI
LOS,DLA
LOS,DOH
LOS,AMM
LOS,JNB
LOS,IST
LOS,IAH
LOS,ABB
LOS,ABV
LOS,BNI
LOS,CBQ
LOS,DKR
LOS,ENU
LOS,FNA
LOS,JFK
LOS,JOS
LOS,KAD
LOS,KAN
LOS,LAD
LOS,QOW
LOS,QRW
LOS,QUO
LOS,KGL
LPA,CGN
LPA,STR
LPA,MAD
LPA,BSL
LPA,DRS
LPA,DUS
LPA,HAJ
LPA,HAM
LPA,LEJ
LPA,MUC
LPA,NUE
LPA,SZG
LPA,TXL
LPA,VIE
LPA,ZRH
LPA,CMN
LPA,LHR
LPA,BRU
LPA,FNC
LPA,FRA
LPA,PAD
LPA,SXF
LPA,TFS
LPA,AAL
LPA,AES
LPA,ARN
LPA,BGO
LPA,BLL
LPA,BOO
LPA,CPH
LPA,EVE
LPA,GOT
LPA,HAU
LPA,HEL
LPA,KSD
LPA,LGW
LPA,MMX
LPA,OSL
LPA,OUL
LPA,RYG
LPA,SVG
LPA,TOS
LPA,TRD
LPA,TRF
LPA,UME
LPA,DUB
LPA,ORK
LPA,AAR
LPA,BCN
LPA,BGY
LPA,BHX
LPA,BOH
LPA,BRE
LPA,BRS
LPA,CRL
LPA,EDI
LPA,EIN
LPA,EMA
LPA,HHN
LPA,LPL
LPA,LTN
LPA,NOC
LPA,NRN
LPA,NYO
LPA,OPO
LPA,PIK
LPA,PSA
LPA,SCQ
LPA,SDR
LPA,STN
LPA,SVQ
LPA,VLC
LPA,VST
LPA,AMS
LPA,AGP
LPA,ALC
LPA,BIO
LPA,DKR
LPA,LCG
LPA,NKC
LPA,ORY
LPA,OVD
LPA,NDB
LPA,LUX
LPA,GLA
LPA,LBA
LPA,MAN
LPA,ACE
LPA,AGA
LPA,EUN
LPA,FUE
LPA,LIS
LPA,RAI
LPA,RAK
LPA,SPC
LPA,TFN
LPA,VDE
LPA,GLN
LPA,VIL
LPA,CDG
LPA,ERF
LPA,NCL
LPA,BVC
LPA,SID
LPB,POI
LPB,SRZ
LPB,TDD
LPB,VVI
LPB,LIM
LPB,BOG
LPB,ARI
LPB,IQQ
LPB,CBB
LPB,CIJ
LPB,SRE
LPB,TJA
LPB,AQP
LPB,CUZ
LPB,RBQ
LPB,UYU
LPD,LET
LPI,CPH
LPI,KSD
LPI,AMS
LPL,IOM
LPL,CPH
LPL,ACE
LPL,AGP
LPL,ALC
LPL,BCN
LPL,BTS
LPL,CCF
LPL,DUB
LPL,FAO
LPL,FUE
LPL,KRK
LPL,LCJ
LPL,LDY
LPL,LIG
LPL,LPA
LPL,LUZ
LPL,MLA
LPL,NOC
LPL,ORK
LPL,PMI
LPL,POZ
LPL,REU
LPL,SNN
LPL,SZZ
LPL,TFS
LPL,TRF
LPL,VNO
LPL,WMI
LPL,WRO
LPL,AMS
LPL,BFS
LPL,CDG
LPL,GVA
LPL,JER
LPL,LCA
LPL,MAD
LPL,NCE
LPL,SXF
LPL,GDN
LPL,WAW
LPM,NUS
LPM,VLI
LPP,RIX
LPP,BGY
LPP,NRN
LPQ,VTE
LPQ,BKK
LPQ,CNX
LPQ,HAN
LPQ,JHG
LPQ,PKZ
LPQ,REP
LPS,WSX
LPT,BKK
LPU,SRI
LPY,ORY
LQM,PUU
LRD,DFW
LRD,LAS
LRD,IAH
LRE,BNE
LRE,WIN
LRH,ORY
LRH,PIS
LRH,OPO
LRH,STN
LRM,MIA
LRM,JFK
LRM,MXP
LRM,YYZ
LRR,DXB
LRR,SYZ
LRR,DOH
LRR,KWI
LRR,THR
LRS,ATH
LRS,JKL
LRS,JTY
LRT,LYS
LRT,ORY
LSA,GUR
LSC,ANF
LSC,CJC
LSC,CPO
LSC,SCL
LSE,ORD
LSE,DTW
LSE,MSP
LSH,HEH
LSH,THL
LSH,MDL
LSI,ABZ
LSI,EDI
LSI,GLA
LSI,INV
LSI,KOI
LSP,AUA
LSP,CUR
LSP,CCS
LST,BNE
LST,MEL
LST,SYD
LST,BWT
LST,FLS
LSY,SYD
LTD,TIP
LTI,BYN
LTN,ACE
LTN,AHO
LTN,BTS
LTN,BZR
LTN,DUB
LTN,FNI
LTN,FUE
LTN,GRO
LTN,KIR
LTN,KUN
LTN,LPA
LTN,MJV
LTN,MLA
LTN,NOC
LTN,RAK
LTN,REU
LTN,RZE
LTN,TFS
LTN,TPS
LTN,TLV
LTN,IAS
LTN,PFO
LTN,SSH
LTN,ABZ
LTN,AGP
LTN,ALC
LTN,AMS
LTN,BCN
LTN,BFS
LTN,BOD
LTN,BUD
LTN,CDG
LTN,DTM
LTN,EDI
LTN,FAO
LTN,GLA
LTN,GVA
LTN,HAM
LTN,INV
LTN,KEF
LTN,LIS
LTN,MAD
LTN,MXP
LTN,NCE
LTN,PMI
LTN,SAW
LTN,SXF
LTN,ZRH
LTN,BEG
LTN,BOJ
LTN,BRQ
LTN,CLJ
LTN,CRA
LTN,DEB
LTN,GDN
LTN,IEV
LTN,KSC
LTN,KTW
LTN,LJU
LTN,LUZ
LTN,OTP
LTN,POZ
LTN,PRG
LTN,RIX
LTN,SKP
LTN,SOF
LTN,TGM
LTN,TSR
LTN,VAR
LTN,VNO
LTN,WAW
LTN,WRO
LTN,DOK
LTN,FCO
LTN,GIB
LTO,CUL
LTO,LAX
LTX,GYE
LTX,OCC
LUD,OMD
LUG,GVA
LUG,ZRH
LUH,DEL
LUK,CLT
LUK,MDW
LUK,MMU
LUM,CTU
LUM,KMG
LUM,PEK
LUM,CAN
LUN,AMS
LUN,HRE
LUN,LLW
LUN,NBO
LUN,GBE
LUN,LAD
LUN,DXB
LUN,ADD
LUN,LHR
LUN,WDH
LUN,CIP
LUN,KAA
LUN,LVI
LUN,MFU
LUN,NLA
LUN,SLI
LUN,DUR
LUN,JNB
LUO,LAD
LUQ,AEP
LUR,OTZ
LUV,AMQ
LUV,DOB
LUW,UPG
LUX,LHR
LUX,CDG
LUX,LCY
LUX,FCO
LUX,MXP
LUX,DUS
LUX,AMS
LUX,ACE
LUX,AGP
LUX,AYT
LUX,BCN
LUX,BVC
LUX,CPH
LUX,DJE
LUX,FNC
LUX,FRA
LUX,GVA
LUX,LPA
LUX,MAD
LUX,MUC
LUX,NBE
LUX,NCE
LUX,OPO
LUX,RAK
LUX,SCN
LUX,TFS
LUX,TXL
LUX,VIE
LUX,ZRH
LUX,IST
LUX,LIS
LUX,LGW
LUZ,DUB
LUZ,LPL
LUZ,STN
LUZ,LTN
LUZ,TRF
LVI,JNB
LVI,HRE
LVI,LUN
LVI,MQP
LWB,IAD
LWO,GYD
LWO,MUC
LWO,WAW
LWO,VIE
LWO,SAW
LWO,KBP
LWO,IEV
LWO,IST
LWO,BGY
LWO,DTM
LWO,TSF
LWS,BOI
LWS,PUW
LWS,SEA
LWS,SLC
LWY,BKI
LWY,BKM
LWY,MYY
LXA,CKG
LXA,CTU
LXA,XNN
LXA,KTM
LXA,PEK
LXA,DIG
LXA,KMG
LXA,XIY
LXG,VTE
LXR,KWI
LXR,CAI
LXR,SSH
LXR,DOH
LXR,JED
LXS,ATH
LXS,JIK
LXS,KGS
LXS,MJT
LXS,SKG
LYA,CKG
LYA,SHE
LYA,BAV
LYA,CAN
LYA,HET
LYA,SZX
LYA,DLC
LYA,KMG
LYA,PEK
LYA,SHA
LYB,CYB
LYB,GCM
LYC,AJR
LYC,ARN
LYG,CAN
LYG,HSN
LYG,XUZ
LYG,CTU
LYG,SHE
LYG,SHA
LYG,DLC
LYG,FOC
LYG,NAY
LYG,HGH
LYG,HKG
LYG,PEK
LYG,WUH
LYH,CLT
LYI,XIY
LYI,SHA
LYI,DLC
LYI,WNZ
LYI,YIW
LYI,SZX
LYI,NAY
LYI,HGH
LYI,PEK
LYI,PVG
LYP,KHI
LYR,OSL
LYR,TOS
LYS,CMN
LYS,BES
LYS,BIQ
LYS,BLQ
LYS,BOD
LYS,BRU
LYS,CFE
LYS,CFR
LYS,DUS
LYS,ETZ
LYS,FCO
LYS,FLR
LYS,GOT
LYS,LIG
LYS,LIL
LYS,LRT
LYS,MLH
LYS,MPL
LYS,MRS
LYS,MXP
LYS,NTE
LYS,PIS
LYS,PRG
LYS,PUF
LYS,RNS
LYS,STR
LYS,SXB
LYS,VCE
LYS,LHR
LYS,AJA
LYS,AMS
LYS,BHX
LYS,CDG
LYS,NCE
LYS,ORY
LYS,TLS
LYS,VIE
LYS,AAE
LYS,ALG
LYS,BJA
LYS,BLJ
LYS,BSK
LYS,CZL
LYS,ORN
LYS,QSF
LYS,TLM
LYS,RAK
LYS,MAN
LYS,DUB
LYS,DXB
LYS,BCN
LYS,MAD
LYS,FRA
LYS,MUC
LYS,ZRH
LYS,LEH
LYS,IST
LYS,MIR
LYS,TUN
LYS,LIS
LYS,DJE
LYS,TOE
LYS,AGA
LYS,LGW
LYS,OPO
LYS,STN
LYS,SXF
LYS,RDZ
LZC,MEX
LZO,CAN
LZO,SZX
LZO,KWE
LZO,NNG
LZO,XIY
LZO,CSX
LZO,KMG
LZO,PEK
LZO,PVG
LZY,CTU
MAA,AMD
MAA,BLR
MAA,BOM
MAA,CCU
MAA,CJB
MAA,COK
MAA,DEL
MAA,DXB
MAA,HYD
MAA,PNQ
MAA,SIN
MAA,TRV
MAA,VTZ
MAA,AUH
MAA,CMB
MAA,GOI
MAA,IXM
MAA,IXZ
MAA,KUL
MAA,TRZ
MAA,LHR
MAA,FRA
MAA,MCT
MAA,MRU
MAA,HKG
MAA,DMK
MAA,SHJ
MAA,BAH
MAA,KWI
MAA,DAC
MAA,MLE
MAA,DOH
MAA,CCJ
MAA,MYQ
MAA,TCR
MAA,DMM
MAA,JED
MAA,RUH
MAA,BKK
MAA,RUN
MAB,BEL
MAB,BSB
MAB,CKS
MAB,IMP
MAB,OIA
MAB,RDC
MAD,HAM
MAD,LIS
MAD,ATH
MAD,DFW
MAD,JFK
MAD,MIA
MAD,ORD
MAD,DUS
MAD,FRA
MAD,GVA
MAD,MUC
MAD,TXL
MAD,VIE
MAD,ZRH
MAD,CDG
MAD,ORY
MAD,ALG
MAD,ORN
MAD,MEX
MAD,EZE
MAD,BIO
MAD,CMN
MAD,SVQ
MAD,TNG
MAD,BOG
MAD,CLO
MAD,MDE
MAD,HEL
MAD,VGO
MAD,VLC
MAD,FCO
MAD,FUE
MAD,LCG
MAD,LPA
MAD,PMI
MAD,TFN
MAD,LCY
MAD,LHR
MAD,GRU
MAD,PEK
MAD,HAV
MAD,SCU
MAD,CPH
MAD,CUN
MAD,PUJ
MAD,DUB
MAD,DXB
MAD,BCN
MAD,SOF
MAD,ACE
MAD,AHO
MAD,BGY
MAD,BLQ
MAD,BUD
MAD,BVA
MAD,CIA
MAD,CRL
MAD,IBZ
MAD,KRK
MAD,MAN
MAD,MLA
MAD,MRS
MAD,NDR
MAD,NRN
MAD,OPO
MAD,PSA
MAD,RAK
MAD,RBA
MAD,SCQ
MAD,SDR
MAD,STN
MAD,TFS
MAD,BRU
MAD,EIN
MAD,RTM
MAD,TAS
MAD,ACC
MAD,AGP
MAD,ALC
MAD,AMM
MAD,BOD
MAD,CCS
MAD,DKR
MAD,DME
MAD,EAS
MAD,GIG
MAD,GRX
MAD,GUA
MAD,GYE
MAD,KBP
MAD,LAD
MAD,LEI
MAD,LIM
MAD,LIN
MAD,LOS
MAD,LYS
MAD,MAH
MAD,MJV
MAD,MLN
MAD,MXP
MAD,NCE
MAD,NTE
MAD,OVD
MAD,PNA
MAD,PRG
MAD,PTY
MAD,RJL
MAD,SCL
MAD,SJO
MAD,SPC
MAD,SSG
MAD,SXB
MAD,TLS
MAD,TLV
MAD,TRN
MAD,UIO
MAD,VCE
MAD,XRY
MAD,ICN
MAD,AMS
MAD,LUX
MAD,EWR
MAD,TIP
MAD,WAW
MAD,CAI
MAD,VVI
MAD,DOH
MAD,PHL
MAD,OTP
MAD,ARN
MAD,SVO
MAD,JED
MAD,BKK
MAD,IST
MAD,TUN
MAD,BRS
MAD,BSL
MAD,EDI
MAD,LGW
MAD,LPL
MAD,LTN
MAD,SXF
MAD,VKO
MAD,BJZ
MAD,MVD
MAD,SDQ
MAD,SSA
MAD,CLJ
MAD,TGM
MAD,TSR
MAF,DFW
MAF,DAL
MAF,DEN
MAF,IAH
MAF,HOU
MAF,LAS
MAG,LAE
MAG,WWK
MAG,MAS
MAG,POM
MAG,VAI
MAH,LCY
MAH,BCN
MAH,MAD
MAH,PMI
MAH,VLC
MAH,LGW
MAJ,HNL
MAJ,KWA
MAM,MEX
MAN,CGN
MAN,HAM
MAN,JFK
MAN,LHR
MAN,ORD
MAN,CDG
MAN,NTE
MAN,HEL
MAN,BLL
MAN,GOT
MAN,ABZ
MAN,BHD
MAN,DUS
MAN,EDI
MAN,EXT
MAN,GLA
MAN,HAJ
MAN,INV
MAN,IOM
MAN,JER
MAN,MXP
MAN,NOC
MAN,NQY
MAN,NWI
MAN,SOU
MAN,WAT
MAN,ANR
MAN,LYS
MAN,ACE
MAN,CUN
MAN,GOI
MAN,SFB
MAN,TFS
MAN,UVF
MAN,MCO
MAN,ARN
MAN,OSL
MAN,SVG
MAN,DUB
MAN,ORK
MAN,SNN
MAN,DXB
MAN,AUH
MAN,KEF
MAN,AGP
MAN,ALC
MAN,BGY
MAN,BRE
MAN,BUD
MAN,BVA
MAN,BZR
MAN,CIA
MAN,CRL
MAN,FAO
MAN,GDN
MAN,GRO
MAN,KRK
MAN,KTW
MAN,MAD
MAN,MJV
MAN,PFO
MAN,PMI
MAN,RIX
MAN,RYG
MAN,RZE
MAN,TLL
MAN,TPS
MAN,TUF
MAN,VLC
MAN,WMI
MAN,GCI
MAN,AMS
MAN,MLA
MAN,EWR
MAN,FRA
MAN,MUC
MAN,TIP
MAN,BCN
MAN,DLM
MAN,FCO
MAN,FNC
MAN,LPA
MAN,PRG
MAN,TLV
MAN,VCE
MAN,ZRH
MAN,CAI
MAN,ISB
MAN,LHE
MAN,DOH
MAN,PHL
MAN,BGO
MAN,CPH
MAN,BRU
MAN,AYT
MAN,CCC
MAN,FUE
MAN,HOG
MAN,NBE
MAN,IST
MAN,AGA
MAN,BVC
MAN,RAK
MAN,SID
MAN,SSH
MAN,LIS
MAN,YYZ
MAN,TUN
MAN,ATH
MAN,BFS
MAN,BIO
MAN,BSL
MAN,CFU
MAN,DME
MAN,GVA
MAN,HER
MAN,SKG
MAN,SOF
MAN,SXF
MAN,BGI
MAN,KRS
MAN,GIB
MAN,LCA
MAO,CIZ
MAO,MBZ
MAO,MNX
MAO,MIA
MAO,BAZ
MAO,BEL
MAO,BVB
MAO,CNF
MAO,HUW
MAO,PIN
MAO,PVH
MAO,STM
MAO,TBT
MAO,TFF
MAO,VCP
MAO,PTY
MAO,BSB
MAO,GIG
MAO,GRU
MAO,FOR
MAQ,CNX
MAQ,DMK
MAQ,MNU
MAQ,RGN
MAR,AUA
MAR,CUR
MAR,CCS
MAR,VLN
MAR,MIA
MAR,PMV
MAR,PTY
MAS,KVG
MAS,LAE
MAS,MAG
MAS,POM
MAU,BOB
MAU,MOZ
MAU,PPT
MAU,RFP
MAZ,SJU
MBA,NBO
MBA,ZNZ
MBA,FRA
MBA,MUC
MBA,ADD
MBA,JRO
MBA,FCO
MBA,MXP
MBA,ZRH
MBA,IST
MBA,EBB
MBA,DXB
MBA,KGL
MBE,CTS
MBI,DAR
MBJ,DFW
MBJ,MIA
MBJ,YUL
MBJ,YYZ
MBJ,BOS
MBJ,JFK
MBJ,MCO
MBJ,MXP
MBJ,FLL
MBJ,KIN
MBJ,PTY
MBJ,FRA
MBJ,MUC
MBJ,DTW
MBJ,ORD
MBJ,BWI
MBJ,MDW
MBJ,GCM
MBJ,AMS
MBJ,EWR
MBJ,IAH
MBJ,CLT
MBJ,PHL
MBJ,LGW
MBJ,YOW
MBJ,YWG
MBL,MDW
MBS,DTW
MBS,MSP
MBS,ORD
MBT,MNL
MBT,CEB
MCE,LAX
MCG,NIB
MCG,TCT
MCG,ANC
MCI,DFW
MCI,ORD
MCI,SEA
MCI,YYZ
MCI,LAX
MCI,CVG
MCI,DTW
MCI,JFK
MCI,LGA
MCI,MEM
MCI,MSP
MCI,SLC
MCI,CUN
MCI,DCA
MCI,DEN
MCI,ABQ
MCI,BOS
MCI,BWI
MCI,DAL
MCI,FLL
MCI,HOU
MCI,IND
MCI,LAS
MCI,MCO
MCI,MDW
MCI,MKE
MCI,OAK
MCI,PDX
MCI,PHX
MCI,PIT
MCI,ROC
MCI,STL
MCI,HRO
MCI,SLN
MCI,CLE
MCI,CLT
MCI,EWR
MCI,IAD
MCI,IAH
MCI,SFO
MCI,PHL
MCI,BNA
MCI,SAN
MCI,TPA
MCK,DEN
MCK,LBF
MCM,NCE
MCN,MCO
MCO,FLL
MCO,GNV
MCO,MCN
MCO,MHH
MCO,PNS
MCO,RSW
MCO,DFW
MCO,GRU
MCO,JFK
MCO,LAX
MCO,LGW
MCO,MIA
MCO,ORD
MCO,SAN
MCO,SEA
MCO,YYZ
MCO,YUL
MCO,MEX
MCO,BOG
MCO,SAL
MCO,AUS
MCO,BDL
MCO,BOS
MCO,BQN
MCO,BUF
MCO,CUN
MCO,DCA
MCO,EWR
MCO,HPN
MCO,LGA
MCO,MBJ
MCO,NAS
MCO,ORH
MCO,PSE
MCO,PVD
MCO,RIC
MCO,SDQ
MCO,SJO
MCO,SJU
MCO,SWF
MCO,SYR
MCO,KIN
MCO,POS
MCO,IAH
MCO,PTY
MCO,CMH
MCO,CVG
MCO,DTW
MCO,IND
MCO,MAN
MCO,MEM
MCO,MKE
MCO,MSP
MCO,OMA
MCO,RDU
MCO,SLC
MCO,DUB
MCO,DEN
MCO,ILG
MCO,MDT
MCO,TTN
MCO,ALB
MCO,AUA
MCO,BHM
MCO,BNA
MCO,BWI
MCO,CAK
MCO,CLT
MCO,EYW
MCO,HOU
MCO,ISP
MCO,JAN
MCO,MCI
MCO,MDW
MCO,MHT
MCO,PHL
MCO,PIT
MCO,ROC
MCO,SAT
MCO,SDF
MCO,SMF
MCO,STL
MCO,TPA
MCO,FRA
MCO,ACY
MCO,LBE
MCO,CLE
MCO,IAD
MCO,SFO
MCO,PHX
MCO,DAY
MCO,FNT
MCO,GRR
MCO,LAS
MCO,ORF
MCO,YEG
MCO,YHM
MCO,YOW
MCO,YWG
MCO,YXU
MCO,YYC
MCO,YYT
MCP,BEL
MCT,CGP
MCT,DAC
MCT,BOM
MCT,COK
MCT,TRV
MCT,AUH
MCT,DOH
MCT,DEL
MCT,HYD
MCT,MAA
MCT,ZYL
MCT,DXB
MCT,SYZ
MCT,ZBR
MCT,ADD
MCT,SHJ
MCT,BAH
MCT,CCJ
MCT,IXE
MCT,KWI
MCT,CMB
MCT,CAI
MCT,LHE
MCT,PEW
MCT,SKT
MCT,GWD
MCT,ISB
MCT,KHI
MCT,TUK
MCT,AMM
MCT,AMD
MCT,MED
MCT,RUH
MCT,BEY
MCT,BKK
MCT,BLR
MCT,CDG
MCT,DMM
MCT,FRA
MCT,IKA
MCT,JAI
MCT,JED
MCT,KHS
MCT,KTM
MCT,KUL
MCT,LHR
MCT,LKO
MCT,MLE
MCT,MUC
MCT,MXP
MCT,SLL
MCT,ZNZ
MCT,ZRH
MCV,DRW
MCW,MSP
MCX,LED
MCX,SCO
MCY,MEL
MCY,SYD
MCZ,AJU
MCZ,CNF
MCZ,REC
MCZ,VCP
MCZ,BSB
MCZ,GIG
MCZ,GRU
MCZ,SSA
MDC,BPN
MDC,CGK
MDC,TTE
MDC,UPG
MDC,GTO
MDC,KAZ
MDC,MNA
MDC,NAH
MDC,SOQ
MDC,SUB
MDC,SIN
MDE,CUR
MDE,MIA
MDE,BAQ
MDE,BGA
MDE,BOG
MDE,CLO
MDE,CTG
MDE,CUC
MDE,JFK
MDE,LIM
MDE,MAD
MDE,SAL
MDE,SMR
MDE,FLL
MDE,ADZ
MDE,CCS
MDE,PTY
MDE,UIO
MDG,DQA
MDG,HRB
MDG,DLC
MDG,ICN
MDG,PVG
MDG,SHE
MDG,PEK
MDG,TAO
MDK,FIH
MDK,GMA
MDL,RGN
MDL,DMK
MDL,HEH
MDL,KMV
MDL,MYT
MDL,THL
MDL,KMG
MDL,BKK
MDL,KET
MDL,NYU
MDL,LSH
MDQ,AEP
MDQ,BHI
MDT,ORD
MDT,YYZ
MDT,CVG
MDT,DTW
MDT,DEN
MDT,MCO
MDT,PIE
MDT,SFB
MDT,CLE
MDT,CLT
MDT,EWR
MDT,IAD
MDT,BOS
MDT,PHL
MDU,POM
MDW,DTW
MDW,MSP
MDW,DEN
MDW,ILG
MDW,TTN
MDW,ABQ
MDW,ALB
MDW,AUS
MDW,BDL
MDW,BNA
MDW,BOS
MDW,BWI
MDW,CLE
MDW,CLT
MDW,CMH
MDW,CUN
MDW,DSM
MDW,EWR
MDW,HOU
MDW,IAD
MDW,ICT
MDW,JAX
MDW,LAS
MDW,LAX
MDW,LGA
MDW,LIT
MDW,MBJ
MDW,MCI
MDW,MCO
MDW,MEM
MDW,MHT
MDW,OKC
MDW,OMA
MDW,PHL
MDW,PHX
MDW,PIT
MDW,PUJ
MDW,PVD
MDW,RDU
MDW,RNO
MDW,ROC
MDW,SAT
MDW,SDF
MDW,SEA
MDW,SFO
MDW,SJC
MDW,SLC
MDW,STL
MDW,TPA
MDW,LUK
MDW,MBL
MDW,YTZ
MDW,BHM
MDW,BKG
MDW,BUF
MDW,CHS
MDW,FLL
MDW,GSP
MDW,JAN
MDW,OAK
MDW,ONT
MDW,ORF
MDW,PDX
MDW,RSW
MDW,SAN
MDW,SMF
MDW,TUL
MDW,TUS
MDW,BJX
MDW,GDL
MDW,MEX
MDW,MLM
MDW,ZCL
MDZ,COR
MDZ,NQN
MDZ,AEP
MDZ,BRC
MDZ,EZE
MDZ,SCL
MDZ,SLA
MEA,CAW
MEA,SDU
MEA,VCP
MEA,VIX
MEB,FLS
MEB,HLT
MEC,UIO
MED,DXB
MED,SHJ
MED,BAH
MED,KWI
MED,CAI
MED,HBE
MED,MUX
MED,ISB
MED,KHI
MED,LHE
MED,DOH
MED,AMM
MED,AHB
MED,DAC
MED,DMM
MED,ELQ
MED,IST
MED,JED
MED,RUH
MED,TUU
MED,TUN
MED,MCT
MEE,GEA
MEG,LAD
MEG,VHC
MEH,ALF
MEH,BVG
MEH,HFT
MEH,HVG
MEH,VDS
MEL,CTU
MEL,ADL
MEL,BNE
MEL,CBR
MEL,LAX
MEL,PER
MEL,SYD
MEL,DEL
MEL,HKG
MEL,AUH
MEL,BWN
MEL,PVG
MEL,CAN
MEL,KUL
MEL,AKL
MEL,DXB
MEL,SIN
MEL,NAN
MEL,CGK
MEL,DPS
MEL,BKK
MEL,BNK
MEL,CHC
MEL,CNS
MEL,DRW
MEL,HBA
MEL,HNL
MEL,HTI
MEL,LST
MEL,MCY
MEL,NTL
MEL,OOL
MEL,TSV
MEL,ZQN
MEL,WLG
MEL,MNL
MEL,ASP
MEL,BME
MEL,DPO
MEL,KTA
MEL,MQL
MEL,PHE
MEL,SGN
MEL,DOH
MEL,MKY
MEL,CFS
MEL,KGI
MEL,ABX
MEL,BWT
MEL,KNS
MEL,MGB
MEL,MIM
MEL,WGA
MEM,DFW
MEM,MIA
MEM,ORD
MEM,AUS
MEM,BNA
MEM,BOS
MEM,CLT
MEM,CMH
MEM,CVG
MEM,DCA
MEM,DEN
MEM,DTW
MEM,IAH
MEM,IND
MEM,LAS
MEM,LAX
MEM,LGA
MEM,MCI
MEM,MCO
MEM,MKE
MEM,MSP
MEM,PHL
MEM,PIT
MEM,RDU
MEM,SAT
MEM,SDF
MEM,SLC
MEM,TPA
MEM,BWI
MEM,HOU
MEM,MDW
MEM,ELD
MEM,HOT
MEM,HRO
MEM,MKL
MEM,EWR
MEU,BEL
MEU,ORX
MEU,STM
MEX,ACA
MEX,AGU
MEX,BOG
MEX,CEN
MEX,CJS
MEX,CME
MEX,CPE
MEX,CTM
MEX,CUL
MEX,CUN
MEX,CUU
MEX,CZM
MEX,GDL
MEX,GUA
MEX,HAV
MEX,HMO
MEX,HUX
MEX,JFK
MEX,LAP
MEX,MIA
MEX,MID
MEX,MTT
MEX,MTY
MEX,MZT
MEX,OAX
MEX,PVR
MEX,REX
MEX,SAT
MEX,SJD
MEX,SJO
MEX,SNA
MEX,TAM
MEX,TGZ
MEX,TIJ
MEX,TRC
MEX,VER
MEX,VSA
MEX,ZCL
MEX,ZIH
MEX,ZLO
MEX,DFW
MEX,LAX
MEX,ORD
MEX,YVR
MEX,YYZ
MEX,CDG
MEX,BJX
MEX,CCS
MEX,DGO
MEX,DTW
MEX,EZE
MEX,GRU
MEX,IAD
MEX,IAH
MEX,LAS
MEX,LHR
MEX,LIM
MEX,LMM
MEX,MAD
MEX,MAM
MEX,MCO
MEX,MLM
MEX,MXL
MEX,NLD
MEX,PAZ
MEX,PTY
MEX,SAL
MEX,SAP
MEX,SCL
MEX,SFO
MEX,SLP
MEX,SLW
MEX,TAP
MEX,YUL
MEX,AMS
MEX,FRA
MEX,DEN
MEX,EWR
MEX,CLT
MEX,PHX
MEX,PXM
MEX,AUS
MEX,CLQ
MEX,CVM
MEX,JAL
MEX,LZC
MEX,MFE
MEX,TPQ
MEX,MDW
MEX,SAN
MFE,DFW
MFE,LAS
MFE,IAH
MFE,MEX
MFM,CRK
MFM,MNL
MFM,PVG
MFM,RMQ
MFM,KUL
MFM,KHH
MFM,TPE
MFM,PUS
MFM,CGO
MFM,CKG
MFM,CSX
MFM,CTU
MFM,HFE
MFM,HGH
MFM,JJN
MFM,NGB
MFM,NKG
MFM,NNG
MFM,PEK
MFM,SHA
MFM,SHE
MFM,TYN
MFM,WUH
MFM,XMN
MFM,CNX
MFM,DMK
MFM,ICN
MFM,FOC
MFM,KMG
MFM,KIX
MFM,NRT
MFM,BKK
MFM,DAD
MFM,SIN
MFM,WUX
MFR,LAX
MFR,PDX
MFR,SEA
MFR,SLC
MFR,LAS
MFR,DEN
MFR,SFO
MFU,LUN
MGA,SYQ
MGA,SAP
MGA,MIA
MGA,GUA
MGA,PTY
MGA,SJO
MGA,SAL
MGA,FLL
MGA,IAH
MGB,ADL
MGB,MEL
MGF,CGB
MGF,CWB
MGF,LDB
MGF,POA
MGF,ROO
MGF,VCP
MGF,CGH
MGF,CGR
MGF,GRU
MGM,DFW
MGM,CLT
MGQ,BBO
MGQ,JIB
MGQ,NBO
MGQ,EBB
MGQ,GLK
MGQ,HGA
MGQ,WJR
MGS,RAR
MGT,MNG
MGW,CKB
MGW,IAD
MGZ,KAW
MGZ,TVY
MHC,PMC
MHD,ABD
MHD,AWZ
MHD,AZD
MHD,BND
MHD,GSM
MHD,IFN
MHD,KSH
MHD,RAS
MHD,SRY
MHD,SYZ
MHD,TBZ
MHD,THR
MHD,ZAH
MHD,ACZ
MHD,BUZ
MHD,CQD
MHD,DXB
MHD,DYU
MHD,GBT
MHD,HEA
MHD,IKA
MHD,KBL
MHD,KDH
MHD,KIH
MHD,KWI
MHD,MZR
MHD,NSH
MHD,RZR
MHD,SYJ
MHD,ZBR
MHD,ADU
MHD,BEY
MHD,DMM
MHD,XBJ
MHD,LHE
MHD,DOH
MHD,IST
MHH,FLL
MHH,MCO
MHH,PBI
MHH,MIA
MHH,NAS
MHK,DFW
MHK,ORD
MHQ,ARN
MHQ,TKU
MHQ,HEL
MHT,DTW
MHT,LGA
MHT,BWI
MHT,LAX
MHT,MCO
MHT,CLE
MHT,EWR
MHT,ORD
MHT,PHL
MHT,CLT
MHT,DCA
MHT,MDW
MHT,TPA
MIA,EZE
MIA,PUJ
MIA,MEX
MIA,BON
MIA,CUR
MIA,BLA
MIA,ANU
MIA,ASU
MIA,AUA
MIA,BCN
MIA,BDA
MIA,BDL
MIA,BGI
MIA,BHM
MIA,BNA
MIA,BOG
MIA,BOS
MIA,BSB
MIA,BWI
MIA,BZE
MIA,CCS
MIA,CDG
MIA,CHS
MIA,CLE
MIA,CLO
MIA,CLT
MIA,CMH
MIA,CNF
MIA,CUN
MIA,CVG
MIA,DCA
MIA,DEN
MIA,DFW
MIA,DTW
MIA,DUS
MIA,EWR
MIA,EYW
MIA,FDF
MIA,FPO
MIA,GCM
MIA,GGT
MIA,GIG
MIA,GND
MIA,GNV
MIA,GRU
MIA,GSO
MIA,GUA
MIA,GYE
MIA,IAD
MIA,IAH
MIA,IND
MIA,JAX
MIA,JFK
MIA,KIN
MIA,LAS
MIA,LAX
MIA,LGA
MIA,LHR
MIA,LIM
MIA,LIR
MIA,LPB
MIA,LRM
MIA,MAD
MIA,MAO
MIA,MAR
MIA,MBJ
MIA,MCO
MIA,MDE
MIA,MEM
MIA,MGA
MIA,MHH
MIA,MSP
MIA,MVD
MIA,NAS
MIA,ORD
MIA,ORF
MIA,PAP
MIA,PHL
MIA,PHX
MIA,PIT
MIA,PLS
MIA,PNS
MIA,POP
MIA,POS
MIA,PTP
MIA,PTY
MIA,RDU
MIA,REC
MIA,RIC
MIA,RTB
MIA,SAL
MIA,SAN
MIA,SAP
MIA,SCL
MIA,SDF
MIA,SDQ
MIA,SEA
MIA,SFO
MIA,SJO
MIA,SJU
MIA,SKB
MIA,SSA
MIA,STI
MIA,STL
MIA,STT
MIA,STX
MIA,SXM
MIA,TGU
MIA,TLH
MIA,TPA
MIA,TUL
MIA,TXL
MIA,UIO
MIA,UVF
MIA,YUL
MIA,YYZ
MIA,MID
MIA,BAQ
MIA,CTG
MIA,FCO
MIA,CYB
MIA,FRA
MIA,ZRH
MIA,AMS
MIA,GEO
MIA,SVO
MIA,LIS
MIA,VKO
MIA,YYC
MIA,APF
MID,MEX
MID,CUN
MID,VSA
MID,MIA
MID,IAH
MID,GDL
MID,MTY
MIG,LJG
MIG,NKG
MIG,SYX
MIG,XNN
MIG,CGO
MIG,PEK
MIG,CAN
MIG,PVG
MIG,KWE
MIG,LHW
MIG,YIH
MIG,CSX
MIG,XIY
MII,JTC
MII,VCP
MIM,MEL
MIM,MYA
MIM,SYD
MIR,LYS
MIR,ORY
MIR,BRU
MIR,DME
MIR,MRS
MIR,NCE
MIS,GUR
MIU,ABV
MJD,KHI
MJD,SKZ
MJF,BOO
MJF,MQN
MJF,OSY
MJF,SSJ
MJF,TRD
MJM,FBM
MJM,FIH
MJN,DZA
MJN,NOS
MJN,TMM
MJN,TNR
MJT,ATH
MJT,SKG
MJT,HER
MJT,JKH
MJT,LXS
MJT,RHO
MJU,UPG
MJV,BHX
MJV,BOH
MJV,DUB
MJV,EMA
MJV,LBA
MJV,LTN
MJV,MAN
MJV,PIK
MJV,STN
MJV,MAD
MJV,BRS
MJV,LGW
MJZ,IKT
MJZ,OVB
MJZ,YKS
MJZ,KJA
MKE,DFW
MKE,ORD
MKE,YYZ
MKE,CVG
MKE,DTW
MKE,LGA
MKE,MCO
MKE,MEM
MKE,MSP
MKE,DEN
MKE,BOS
MKE,BWI
MKE,CUN
MKE,DAL
MKE,DCA
MKE,FLL
MKE,LAS
MKE,MCI
MKE,PHX
MKE,RSW
MKE,SAT
MKE,SEA
MKE,SFO
MKE,STL
MKE,TPA
MKE,CLE
MKE,EWR
MKE,IAH
MKE,CLT
MKE,PHL
MKE,LAX
MKG,ORD
MKK,HNL
MKK,OGG
MKL,BNA
MKL,MEM
MKM,KCH
MKM,MYY
MKP,PPT
MKQ,DJJ
MKW,DJJ
MKW,SOQ
MKW,AMQ
MKW,KNG
MKW,UPG
MKY,BNE
MKY,ROK
MKY,TSV
MKY,MEL
MKY,SYD
MLA,TLS
MLA,FCO
MLA,CPH
MLA,OSL
MLA,LCA
MLA,TIP
MLA,BGY
MLA,BHX
MLA,BLL
MLA,BLQ
MLA,BOH
MLA,BRI
MLA,BRS
MLA,DUB
MLA,EDI
MLA,EIN
MLA,GRO
MLA,GSE
MLA,KRK
MLA,LBA
MLA,LPL
MLA,LTN
MLA,MAD
MLA,MRS
MLA,NYO
MLA,PSA
MLA,STN
MLA,TPS
MLA,TRN
MLA,TSF
MLA,WRO
MLA,CTA
MLA,LIN
MLA,AMS
MLA,ATH
MLA,BEN
MLA,BRU
MLA,CDG
MLA,DME
MLA,DUS
MLA,FRA
MLA,HAM
MLA,IST
MLA,LED
MLA,LGW
MLA,LHR
MLA,MAN
MLA,MUC
MLA,ORY
MLA,SVO
MLA,TXL
MLA,VIE
MLA,ZRH
MLA,CAI
MLA,BFS
MLA,NCL
MLA,TUN
MLA,BUD
MLA,EMA
MLB,CLT
MLE,CTU
MLE,BLR
MLE,TRV
MLE,AUH
MLE,CMB
MLE,LGW
MLE,HKG
MLE,CAN
MLE,KUL
MLE,FRA
MLE,DXB
MLE,PEK
MLE,MXP
MLE,PVG
MLE,ZRH
MLE,VIE
MLE,BKK
MLE,DAC
MLE,DRV
MLE,FVM
MLE,GAN
MLE,GKK
MLE,HAQ
MLE,KDM
MLE,KDO
MLE,MAA
MLE,DOH
MLE,COK
MLE,SIN
MLE,SVO
MLE,IST
MLE,HRI
MLE,VKO
MLE,MCT
MLG,CGK
MLG,DPS
MLH,LYS
MLH,ORY
MLH,CZL
MLH,MRS
MLH,BEG
MLH,SKP
MLH,TZL
MLH,ALG
MLH,ORN
MLH,QSF
MLI,DFW
MLI,ORD
MLI,DTW
MLI,MSP
MLI,AZA
MLI,LAS
MLI,PIE
MLI,SFB
MLI,DEN
MLL,BET
MLL,RSH
MLM,DFW
MLM,MEX
MLM,IAH
MLM,CUN
MLM,LAX
MLM,MDW
MLM,TIJ
MLN,AGP
MLN,GRX
MLN,LEI
MLN,MAD
MLO,ATH
MLU,DFW
MLU,IAH
MLW,ACC
MLW,FNA
MLW,OXB
MLX,IST
MLX,SAW
MLX,ESB
MLY,MNT
MMB,HND
MMB,CTS
MMB,NGO
MME,AMS
MME,ABZ
MME,SOU
MMH,LAX
MMJ,CTS
MMJ,FUK
MMK,ARH
MMK,LED
MMK,SVO
MMK,TOS
MMK,CEE
MMO,RAI
MMU,CVG
MMU,LUK
MMX,BMA
MMX,VBY
MMX,ARN
MMX,LPA
MMX,GRO
MMX,STN
MMX,WRO
MMX,ORB
MMX,BEG
MMX,BUD
MMX,GDN
MMX,KTW
MMX,SKP
MMX,TZL
MMX,WAW
MMY,OKA
MMY,ISG
MMY,HND
MNA,MDC
MNG,DRW
MNG,ELC
MNG,MGT
MNI,ANU
MNL,BCD
MNL,BKK
MNL,BSO
MNL,BXU
MNL,CBO
MNL,CEB
MNL,CGY
MNL,CRM
MNL,CYP
MNL,DGT
MNL,DPL
MNL,DVO
MNL,DXB
MNL,GES
MNL,ILO
MNL,KLO
MNL,KUL
MNL,LAO
MNL,LGP
MNL,MBT
MNL,MPH
MNL,OZC
MNL,PPS
MNL,RXS
MNL,SIN
MNL,SUG
MNL,TAC
MNL,TAG
MNL,TUG
MNL,USU
MNL,WNP
MNL,ZAM
MNL,KIX
MNL,BKI
MNL,BWN
MNL,CAN
MNL,CGK
MNL,CYZ
MNL,DPS
MNL,HAN
MNL,HKG
MNL,HKT
MNL,ICN
MNL,MFM
MNL,PAG
MNL,PEK
MNL,PUS
MNL,PVG
MNL,REP
MNL,SGN
MNL,SJI
MNL,TPE
MNL,VRC
MNL,XMN
MNL,KHH
MNL,NGO
MNL,NRT
MNL,AUH
MNL,BAH
MNL,DRW
MNL,JJN
MNL,DOH
MNL,FUK
MNL,GUM
MNL,HNL
MNL,LAX
MNL,LHR
MNL,MEL
MNL,SFO
MNL,SYD
MNL,YVR
MNL,POM
MNL,DMM
MNL,JED
MNL,RUH
MNL,ROR
MNS,LUN
MNT,FAI
MNU,MAQ
MNX,RBB
MOA,HOG
MOB,DFW
MOB,IAH
MOB,ORD
MOB,CLT
MOC,CNF
MOC,PLU
MOD,SFO
MOF,DPS
MOF,KOE
MOI,RAR
MOL,SRP
MOL,OSL
MOL,CPH
MOL,TRD
MOL,BGO
MOL,KSU
MOQ,FTU
MOQ,TLE
MOQ,TNR
MOT,MSP
MOT,DEN
MOT,AZA
MOT,LAS
MOU,KSM
MOU,PQS
MOV,BNE
MOV,TSV
MOZ,BOB
MOZ,HUH
MOZ,PPT
MOZ,RFP
MPA,ERS
MPH,CEB
MPH,MNL
MPL,CMN
MPL,NDR
MPL,LIL
MPL,LYS
MPL,NTE
MPL,SXB
MPL,CDG
MPL,FCO
MPL,ORY
MPL,BHX
MPL,CRL
MPL,HHN
MPL,LGW
MPM,JNB
MPM,ADD
MPM,NBO
MPM,CPT
MPM,DUR
MPM,APL
MPM,BEW
MPM,INH
MPM,LAD
MPM,POL
MPM,TET
MPM,UEL
MPM,VNX
MPM,VPY
MPM,LIS
MPN,PUQ
MPP,PAC
MQF,DME
MQF,LED
MQF,SVO
MQH,BSB
MQJ,YKS
MQL,MEL
MQL,ADL
MQL,BHQ
MQL,SYD
MQM,ADB
MQM,ESB
MQM,IST
MQM,SAW
MQN,BOO
MQN,MJF
MQN,RVK
MQN,TRD
MQP,CPT
MQP,DUR
MQP,JNB
MQP,LVI
MQT,ORD
MQT,DTW
MQX,ADD
MQX,HUE
MQX,SHC
MRA,BEN
MRA,CAI
MRA,SFA
MRA,TUN
MRA,CMN
MRA,HBE
MRA,AMM
MRA,IST
MRD,CCS
MRE,WIL
MRO,AKL
MRS,LYS
MRS,SXB
MRS,TLS
MRS,LHR
MRS,AJA
MRS,ALG
MRS,AMS
MRS,ATH
MRS,BIA
MRS,BIQ
MRS,BOD
MRS,CDG
MRS,CLY
MRS,FCO
MRS,FSC
MRS,LIL
MRS,MXP
MRS,NTE
MRS,ORY
MRS,PRG
MRS,RAK
MRS,RNS
MRS,SVO
MRS,TLV
MRS,TUN
MRS,TXL
MRS,VCE
MRS,AAE
MRS,BJA
MRS,BLJ
MRS,CFK
MRS,CZL
MRS,ORN
MRS,QSF
MRS,TLM
MRS,CMN
MRS,OUD
MRS,AGA
MRS,AGP
MRS,BES
MRS,BVA
MRS,CAG
MRS,CIA
MRS,CRL
MRS,EIN
MRS,ESU
MRS,FEZ
MRS,MAD
MRS,MLA
MRS,NDR
MRS,NYO
MRS,OPO
MRS,PMI
MRS,PMO
MRS,RBA
MRS,STN
MRS,SVQ
MRS,TNG
MRS,TUF
MRS,VLC
MRS,BCN
MRS,FRA
MRS,MUC
MRS,TNR
MRS,SAW
MRS,DZA
MRS,RUN
MRS,BRU
MRS,ETZ
MRS,GVA
MRS,MLH
MRS,PUF
MRS,IST
MRS,LIS
MRS,DJE
MRS,MIR
MRS,LGW
MRU,CDG
MRU,RUN
MRU,ZSE
MRU,BLR
MRU,BOM
MRU,DEL
MRU,JNB
MRU,LGW
MRU,FRA
MRU,MUC
MRU,DXB
MRU,SEZ
MRU,MXP
MRU,NBO
MRU,ZRH
MRU,TNR
MRU,KUL
MRU,CPT
MRU,DUR
MRU,HKG
MRU,LHR
MRU,PEK
MRU,PER
MRU,PVG
MRU,RRG
MRU,ORY
MRV,KZN
MRV,NBC
MRV,EGO
MRV,ULV
MRV,VOG
MRV,VOZ
MRV,SCO
MRV,LED
MRV,DXB
MRV,TAS
MRV,GYD
MRV,DYU
MRV,TLV
MRV,DME
MRV,EVN
MRV,SVO
MRV,SVX
MRX,IFN
MRX,THR
MRY,LAX
MRY,SAN
MRY,LAS
MRY,DEN
MRY,SFO
MRY,PHX
MRZ,SYD
MSA,XBE
MSA,YXL
MSA,ZPB
MSA,ZRJ
MSE,AMS
MSJ,HKD
MSJ,HND
MSJ,ITM
MSN,DFW
MSN,ORD
MSN,CVG
MSN,DTW
MSN,LGA
MSN,MSP
MSN,SLC
MSN,DCA
MSN,DEN
MSN,CLE
MSN,EWR
MSO,SEA
MSO,MSP
MSO,SLC
MSO,AZA
MSO,LAS
MSO,DEN
MSP,DFW
MSP,LGA
MSP,MIA
MSP,ORD
MSP,YYZ
MSP,CDG
MSP,LAX
MSP,LHR
MSP,SEA
MSP,CUN
MSP,PVR
MSP,PDX
MSP,SAN
MSP,ABQ
MSP,ABR
MSP,ALB
MSP,AMS
MSP,ANC
MSP,APN
MSP,ATW
MSP,AUS
MSP,AZO
MSP,BDL
MSP,BHM
MSP,BIL
MSP,BIS
MSP,BJI
MSP,BMI
MSP,BNA
MSP,BOI
MSP,BOS
MSP,BRD
MSP,BUF
MSP,BWI
MSP,BZN
MSP,CID
MSP,CLE
MSP,CLT
MSP,CMH
MSP,CVG
MSP,CWA
MSP,DAY
MSP,DCA
MSP,DEN
MSP,DIK
MSP,DLH
MSP,DSM
MSP,DTW
MSP,EWR
MSP,FAR
MSP,FCA
MSP,FLL
MSP,FNT
MSP,FSD
MSP,FWA
MSP,GEG
MSP,GFK
MSP,GRB
MSP,GRR
MSP,GTF
MSP,HIB
MSP,HLN
MSP,IAD
MSP,IAH
MSP,ICT
MSP,IMT
MSP,IND
MSP,INL
MSP,ISN
MSP,JAX
MSP,JFK
MSP,LAN
MSP,LAS
MSP,LEX
MSP,LNK
MSP,LSE
MSP,MBS
MSP,MCI
MSP,MCO
MSP,MDW
MSP,MEM
MSP,MKE
MSP,MLI
MSP,MOT
MSP,MSN
MSP,MSO
MSP,NRT
MSP,OKC
MSP,OMA
MSP,ORF
MSP,PHL
MSP,PHX
MSP,PIA
MSP,PIT
MSP,PSC
MSP,PVD
MSP,RAP
MSP,RDU
MSP,RHI
MSP,RIC
MSP,ROC
MSP,RST
MSP,RSW
MSP,SAT
MSP,SBN
MSP,SDF
MSP,SFO
MSP,SJC
MSP,SLC
MSP,SMF
MSP,SNA
MSP,STL
MSP,SYR
MSP,TPA
MSP,TUL
MSP,TUS
MSP,TYS
MSP,XNA
MSP,YEG
MSP,YQR
MSP,YUL
MSP,YVR
MSP,YWG
MSP,YXE
MSP,YYC
MSP,HRL
MSP,PSP
MSP,ATY
MSP,DVL
MSP,FOD
MSP,HON
MSP,IWD
MSP,JMS
MSP,MCW
MSP,TVF
MSQ,HEL
MSQ,AER
MSQ,AMS
MSQ,ARN
MSQ,ASB
MSQ,AUH
MSQ,BCN
MSQ,BEY
MSQ,BUD
MSQ,BUS
MSQ,CDG
MSQ,DME
MSQ,EVN
MSQ,FCO
MSQ,FRA
MSQ,GYD
MSQ,HAJ
MSQ,IKA
MSQ,IST
MSQ,KBP
MSQ,KGD
MSQ,KUF
MSQ,KUT
MSQ,LCA
MSQ,LED
MSQ,LGW
MSQ,MXP
MSQ,OVB
MSQ,PRG
MSQ,RIX
MSQ,SVX
MSQ,SXF
MSQ,TBS
MSQ,TLV
MSQ,TSE
MSQ,VIE
MSQ,WAW
MSQ,CEE
MSQ,SVO
MSR,SAW
MSR,ESB
MSR,IST
MSS,ALB
MST,ALC
MST,BGY
MST,FAO
MST,GRO
MST,OPO
MST,PMI
MST,STN
MST,TFS
MST,TPS
MST,TSF
MSU,JNB
MSW,ASM
MTJ,DEN
MTM,KTN
MTR,BOG
MTR,EOH
MTS,JNB
MTT,MEX
MTV,SLH
MTV,TOH
MTV,ZGU
MTY,CUN
MTY,GDL
MTY,LAS
MTY,MEX
MTY,SAT
MTY,TLC
MTY,DFW
MTY,BJX
MTY,CJS
MTY,CUL
MTY,CUU
MTY,DTW
MTY,HMO
MTY,PBC
MTY,PTY
MTY,QRO
MTY,TAM
MTY,VER
MTY,IAH
MTY,ORD
MTY,ACA
MTY,MID
MTY,MZT
MTY,OAX
MTY,PVR
MTY,SJD
MTY,TGZ
MTY,VSA
MTY,TIJ
MUA,EGM
MUA,GZO
MUA,HIR
MUA,KGE
MUB,BBK
MUB,CPT
MUB,GBE
MUB,JNB
MUB,VFA
MUB,WDH
MUC,DTM
MUC,ATH
MUC,KLX
MUC,SKG
MUC,LHR
MUC,AGA
MUC,AGP
MUC,ALC
MUC,AMM
MUC,AUH
MUC,AYT
MUC,BDS
MUC,CGN
MUC,CTA
MUC,CUN
MUC,DME
MUC,DUS
MUC,FAO
MUC,FNC
MUC,FUE
MUC,HAM
MUC,HEL
MUC,LPA
MUC,MAD
MUC,NBE
MUC,OLB
MUC,PMI
MUC,PMO
MUC,POP
MUC,PUJ
MUC,RIX
MUC,SAW
MUC,TFS
MUC,TLV
MUC,TXL
MUC,VIE
MUC,VRA
MUC,SOF
MUC,YUL
MUC,YYZ
MUC,CDG
MUC,BOM
MUC,DEL
MUC,AMS
MUC,RAK
MUC,FCO
MUC,BLL
MUC,BRS
MUC,PEK
MUC,PVG
MUC,FRA
MUC,LCA
MUC,ACE
MUC,DJE
MUC,GOI
MUC,HRG
MUC,MRU
MUC,SNU
MUC,SPC
MUC,ARN
MUC,OSL
MUC,DUB
MUC,ORK
MUC,DXB
MUC,BRI
MUC,FLR
MUC,VCE
MUC,VRN
MUC,KEF
MUC,LED
MUC,SVO
MUC,BCN
MUC,GRU
MUC,LJU
MUC,PRN
MUC,MLA
MUC,LUX
MUC,ADB
MUC,AOI
MUC,BEG
MUC,BHX
MUC,BIO
MUC,BKK
MUC,BLQ
MUC,BOS
MUC,BRE
MUC,BRU
MUC,BSL
MUC,BUD
MUC,CAI
MUC,CLJ
MUC,CLT
MUC,CPH
MUC,CPT
MUC,DBV
MUC,DOK
MUC,DRS
MUC,ESB
MUC,EWR
MUC,FMO
MUC,GDN
MUC,GOA
MUC,GOT
MUC,GRZ
MUC,GVA
MUC,HAJ
MUC,HKG
MUC,IAD
MUC,ICN
MUC,IST
MUC,JFK
MUC,JNB
MUC,KBP
MUC,KIV
MUC,KRK
MUC,LAX
MUC,LEJ
MUC,LIS
MUC,LWO
MUC,LYS
MUC,MAN
MUC,MRS
MUC,MXP
MUC,NAP
MUC,NCE
MUC,NRT
MUC,NUE
MUC,ORD
MUC,OTP
MUC,PAD
MUC,PHL
MUC,POZ
MUC,PRG
MUC,PSA
MUC,RLG
MUC,RTM
MUC,RUH
MUC,SBZ
MUC,SFO
MUC,SJJ
MUC,SPU
MUC,STR
MUC,TBS
MUC,TIA
MUC,TLS
MUC,TRN
MUC,TRS
MUC,TSR
MUC,WAW
MUC,WRO
MUC,ZAG
MUC,ZRH
MUC,VNO
MUC,DOH
MUC,OPO
MUC,OVB
MUC,SIN
MUC,EBL
MUC,ISU
MUC,BRN
MUC,TUN
MUC,EDI
MUC,LGW
MUC,STN
MUC,BOD
MUC,NTE
MUC,MCT
MUC,DLM
MUC,XRY
MUC,VOZ
MUE,OGG
MUK,RAR
MUN,CCS
MUN,PMV
MUN,PZO
MUR,BBN
MUR,LBP
MUR,LGL
MUR,LKH
MUR,MYY
MUR,ODN
MUX,DXB
MUX,KHI
MUX,MED
MUX,ISB
MUX,LHE
MUX,UET
MVD,AEP
MVD,ASU
MVD,EZE
MVD,POA
MVD,STY
MVD,MIA
MVD,PTY
MVD,GRU
MVD,GIG
MVD,SCL
MVD,LIM
MVD,MAD
MVP,BOG
MVP,VVC
MVR,NSI
MVT,PPT
MVT,RGI
MVY,ACK
MVY,BOS
MVY,EWB
MVY,HPN
MWA,STL
MWF,SON
MWX,PEK
MWX,PVG
MWX,CJU
MWZ,JRO
MWZ,NBO
MWZ,BKZ
MWZ,DAR
MXH,HGU
MXH,POM
MXL,HMO
MXL,MEX
MXL,GDL
MXP,CGN
MXP,HAJ
MXP,HAM
MXP,STR
MXP,KIV
MXP,ATH
MXP,LYS
MXP,NTE
MXP,JFK
MXP,LHR
MXP,DUS
MXP,TXL
MXP,VIE
MXP,MRS
MXP,ALG
MXP,CTA
MXP,TIA
MXP,CMN
MXP,HEL
MXP,AUH
MXP,BEG
MXP,BEY
MXP,CAI
MXP,CBG
MXP,FCO
MXP,GYD
MXP,LIS
MXP,LUX
MXP,NRT
MXP,OPO
MXP,RIX
MXP,SOF
MXP,SVO
MXP,MSQ
MXP,DXB
MXP,BHX
MXP,MAN
MXP,BRS
MXP,HAV
MXP,LRM
MXP,PEK
MXP,PVG
MXP,HKG
MXP,OSL
MXP,DUB
MXP,LED
MXP,BRU
MXP,TAS
MXP,FOR
MXP,BCN
MXP,MAD
MXP,AMM
MXP,DKR
MXP,MBA
MXP,MRU
MXP,TFS
MXP,TLV
MXP,ZNZ
MXP,IKA
MXP,GRU
MXP,PRN
MXP,EWR
MXP,FRA
MXP,MUC
MXP,WAW
MXP,ZRH
MXP,PRG
MXP,CDG
MXP,ISB
MXP,KBP
MXP,DOH
MXP,CPH
MXP,SIN
MXP,JED
MXP,RUH
MXP,GVA
MXP,TLS
MXP,BKK
MXP,IST
MXP,SAW
MXP,TUN
MXP,AGP
MXP,AMS
MXP,BDS
MXP,BOD
MXP,BRI
MXP,CAG
MXP,EDI
MXP,LCA
MXP,LGW
MXP,LTN
MXP,NAP
MXP,OLB
MXP,PMO
MXP,RAK
MXP,SSH
MXP,SUF
MXP,SXF
MXP,DME
MXP,VKO
MXP,BUD
MXP,OTP
MXP,MCT
MXV,ULN
MXX,ARN
MXX,EVG
MXZ,CAN
MXZ,HKG
MXZ,SZX
MXZ,ZUH
MYA,MIM
MYA,SYD
MYD,LAU
MYD,NBO
MYD,WIL
MYE,HND
MYG,NAS
MYJ,NRT
MYJ,HND
MYJ,ITM
MYJ,PVG
MYJ,ICN
MYJ,NGO
MYJ,OKA
MYQ,MAA
MYR,ACY
MYR,BOS
MYR,BWI
MYR,DTW
MYR,FLL
MYR,IAG
MYR,LBE
MYR,LGA
MYR,ORD
MYR,PHL
MYR,YTZ
MYR,CLT
MYR,EWR
MYR,DCA
MYT,MDL
MYT,PBU
MYT,BMO
MYU,BET
MYW,DAR
MYY,BKI
MYY,JHB
MYY,KCH
MYY,KUL
MYY,SIN
MYY,BBN
MYY,BTU
MYY,LBU
MYY,LGL
MYY,LKH
MYY,LMN
MYY,LWY
MYY,MKM
MYY,MUR
MYY,MZV
MYY,ODN
MYY,SBW
MZG,RMQ
MZG,TSA
MZG,KHH
MZG,KNH
MZH,SAW
MZH,IST
MZL,BOG
MZO,HAV
MZR,MHD
MZR,KBL
MZT,MEX
MZT,GDL
MZT,LAX
MZT,LMM
MZT,PHX
MZT,MTY
MZT,YEG
MZT,YVR
MZT,YYC
MZT,TIJ
MZV,BKI
MZV,KCH
MZV,MYY
NAA,SYD
NAG,BLR
NAG,BOM
NAG,CCU
NAG,DEL
NAG,IDR
NAG,PNQ
NAG,RPR
NAG,SHJ
NAH,MDC
NAJ,KVD
NAN,LAX
NAN,HKG
NAN,AKL
NAN,APW
NAN,BNE
NAN,CHC
NAN,CXI
NAN,HNL
NAN,KDV
NAN,LBS
NAN,MEL
NAN,RTA
NAN,SUV
NAN,SVU
NAN,SYD
NAN,TBU
NAN,TRW
NAN,TVU
NAN,VLI
NAN,HIR
NAN,ICN
NAN,POM
NAN,NOU
NAN,WLS
NAO,CAN
NAO,PEK
NAO,SZX
NAO,KMG
NAO,PVG
NAP,CGN
NAP,STR
NAP,FRA
NAP,CDG
NAP,LIN
NAP,CTA
NAP,FCO
NAP,PMO
NAP,TRN
NAP,TRS
NAP,LGW
NAP,AMS
NAP,EIN
NAP,BCN
NAP,CAG
NAP,OLB
NAP,VRN
NAP,MUC
NAP,IST
NAP,ORY
NAP,BSL
NAP,GVA
NAP,MXP
NAP,NCE
NAP,STN
NAP,SXF
NAP,VCE
NAP,BUD
NAP,KTW
NAP,OTP
NAP,PRG
NAQ,JUV
NAQ,SRK
NAQ,THU
NAS,MIA
NAS,YYZ
NAS,BOS
NAS,FLL
NAS,JFK
NAS,MCO
NAS,GCM
NAS,LHR
NAS,PLS
NAS,KIN
NAS,PTY
NAS,LGA
NAS,BWI
NAS,ATC
NAS,ELH
NAS,GHB
NAS,LGI
NAS,RCY
NAS,RSD
NAS,SML
NAS,TBI
NAS,ZSA
NAS,FPO
NAS,GGT
NAS,MHH
NAS,EWR
NAS,ORD
NAS,AXP
NAS,CRI
NAS,HAV
NAS,IGA
NAS,MYG
NAS,PBI
NAS,CLT
NAS,DCA
NAS,PHL
NAS,YYC
NAT,CNF
NAT,FEN
NAT,REC
NAT,VCP
NAT,BSB
NAT,FOR
NAT,GIG
NAT,GRU
NAT,SSA
NAT,MXP
NAT,LIS
NAV,SAW
NAV,IST
NAW,DMK
NAY,ACX
NAY,AVA
NAY,BAV
NAY,BFJ
NAY,CAN
NAY,CGQ
NAY,CIF
NAY,CIH
NAY,CKG
NAY,CSX
NAY,CTU
NAY,CZX
NAY,DAT
NAY,DSN
NAY,ENY
NAY,FUO
NAY,HET
NAY,HLD
NAY,HLH
NAY,HSN
NAY,IQN
NAY,JIC
NAY,JUH
NAY,JUZ
NAY,LYG
NAY,LYI
NAY,NDG
NAY,NNY
NAY,NTG
NAY,NZH
NAY,SWA
NAY,SYX
NAY,SZX
NAY,UYN
NAY,WNZ
NAY,WUA
NAY,XFN
NAY,XIL
NAY,XMN
NBC,DME
NBC,GYD
NBC,KRR
NBC,LED
NBC,MRV
NBC,NJC
NBC,NUX
NBC,ROV
NBC,SVX
NBC,SVO
NBC,DYU
NBE,DUS
NBE,MUC
NBE,NUE
NBE,AMS
NBE,LUX
NBE,BRE
NBE,BHX
NBE,BRS
NBE,EMA
NBE,GLA
NBE,LGW
NBE,MAN
NBE,STN
NBE,DJE
NBE,FRA
NBE,HAM
NBE,SXF
NBO,MGQ
NBO,EDL
NBO,JUB
NBO,KIS
NBO,LOK
NBO,MBA
NBO,MYD
NBO,ZNZ
NBO,BOM
NBO,LHR
NBO,BRU
NBO,CDG
NBO,DZA
NBO,HRE
NBO,JIB
NBO,KGL
NBO,LLW
NBO,LUN
NBO,AMS
NBO,AUH
NBO,BKK
NBO,DXB
NBO,ADD
NBO,BJM
NBO,SHJ
NBO,SAH
NBO,ICN
NBO,BZV
NBO,FBM
NBO,FIH
NBO,LVI
NBO,NLA
NBO,ABJ
NBO,ACC
NBO,APL
NBO,BKO
NBO,BLZ
NBO,DAR
NBO,DEL
NBO,DLA
NBO,EBB
NBO,GBE
NBO,JED
NBO,JNB
NBO,JRO
NBO,KRT
NBO,LAD
NBO,LOS
NBO,MPM
NBO,MRU
NBO,MWZ
NBO,NSI
NBO,POL
NBO,SEZ
NBO,TNR
NBO,ZRH
NBO,CAI
NBO,DOH
NBO,IST
NBO,ASM
NBO,GLK
NBO,HGA
NBS,DLC
NBS,SHE
NBS,CGQ
NBS,PEK
NBS,HRB
NBS,TSN
NBX,AMQ
NBX,DJJ
NBX,KNG
NCE,CGN
NCE,BIQ
NCE,BOD
NCE,CFE
NCE,ETZ
NCE,RNS
NCE,TLS
NCE,LHR
NCE,VIE
NCE,AJA
NCE,AMS
NCE,BIA
NCE,CDG
NCE,CLY
NCE,FCO
NCE,FSC
NCE,JFK
NCE,LIL
NCE,LYS
NCE,NTE
NCE,ORY
NCE,SXB
NCE,TLV
NCE,ALG
NCE,CZL
NCE,CMN
NCE,RAK
NCE,LCY
NCE,LGW
NCE,ARN
NCE,CPH
NCE,OSL
NCE,DUB
NCE,DXB
NCE,DME
NCE,LED
NCE,EIN
NCE,RTM
NCE,BCN
NCE,MAD
NCE,LUX
NCE,FRA
NCE,MUC
NCE,GVA
NCE,ZRH
NCE,PRG
NCE,OTP
NCE,BRU
NCE,SVO
NCE,LIG
NCE,IST
NCE,LIS
NCE,DJE
NCE,MIR
NCE,TUN
NCE,BRS
NCE,BSL
NCE,LPL
NCE,LTN
NCE,NAP
NCE,STN
NCE,SXF
NCE,VCE
NCE,DLE
NCE,EPL
NCE,MCM
NCL,LHR
NCL,CDG
NCL,BHD
NCL,EXT
NCL,LGW
NCL,SOU
NCL,DUB
NCL,DXB
NCL,GRO
NCL,AMS
NCL,DUS
NCL,ACE
NCL,AGP
NCL,ALC
NCL,DLM
NCL,IBZ
NCL,KRK
NCL,ORK
NCL,PMI
NCL,PRG
NCL,TFS
NCL,CPH
NCL,SVG
NCL,ABZ
NCL,BHX
NCL,CWL
NCL,FUE
NCL,NBE
NCL,SSH
NCL,LPA
NCL,BCN
NCL,BFS
NCL,BRS
NCL,FAO
NCL,MLA
NCL,IOM
NCU,VKO
NCU,DME
NCU,TAS
NDB,CMN
NDB,LPA
NDB,NKC
NDG,PEK
NDG,PVG
NDG,TAO
NDG,NAY
NDJ,CDG
NDJ,ABV
NDJ,ADD
NDJ,DLA
NDJ,NIM
NDJ,NSI
NDJ,KAN
NDR,AMS
NDR,BCN
NDR,BRU
NDR,MPL
NDR,PMI
NDR,CGN
NDR,CMN
NDR,FRA
NDR,TNG
NDR,BVA
NDR,CRL
NDR,HHN
NDR,MAD
NDR,MRS
NDU,MPA
NDY,KOI
NDY,SOY
NER,OVB
NER,VKO
NER,YKS
NEV,SJU
NEV,ANU
NEV,AXA
NEV,SKB
NEV,EIS
NEV,STT
NEV,SXM
NGB,CKG
NGB,HAK
NGB,HRB
NGB,KHN
NGB,KMG
NGB,SHE
NGB,SYX
NGB,LJG
NGB,YIH
NGB,RMQ
NGB,TPE
NGB,KHH
NGB,CTU
NGB,MFM
NGB,PEK
NGB,TAO
NGB,HKG
NGB,CAN
NGB,DLC
NGB,SWA
NGB,SZX
NGB,WUH
NGB,TSN
NGB,CSX
NGB,KWL
NGB,CGQ
NGB,XMN
NGB,CGO
NGB,CJU
NGB,HIA
NGB,SJW
NGB,ZUH
NGK,KHV
NGO,GMP
NGO,ICN
NGO,HNL
NGO,NRT
NGO,PEK
NGO,HEL
NGO,CTS
NGO,OKA
NGO,PVG
NGO,TPE
NGO,HKG
NGO,CGQ
NGO,DLC
NGO,SHE
NGO,DTW
NGO,GUM
NGO,MNL
NGO,FUK
NGO,OIT
NGO,SDJ
NGO,KOJ
NGO,HAN
NGO,HND
NGO,PUS
NGO,TAO
NGO,TSN
NGO,CJU
NGO,FRA
NGO,AKJ
NGO,AXT
NGO,BKK
NGO,HKD
NGO,ISG
NGO,KIJ
NGO,KMI
NGO,KMJ
NGO,MMB
NGO,MYJ
NGO,NGS
NGO,SIN
NGO,SGN
NGQ,KHG
NGS,UKB
NGS,HND
NGS,ITM
NGS,PVG
NGS,ICN
NGS,FUJ
NGS,IKI
NGS,NGO
NGS,OKA
NGS,TSJ
NHV,AUQ
NHV,PPT
NHV,UAH
NHV,UAP
NIB,MCG
NIM,OUA
NIM,TIP
NIM,CDG
NIM,ALG
NIM,CMN
NIM,ABV
NIM,COO
NIM,NDJ
NIQ,UMD
NJC,NBC
NJC,OMS
NJC,OVB
NJC,DME
NJC,SVO
NJC,KZN
NJC,KBP
NJC,LED
NJF,DXB
NJF,SHJ
NJF,BAH
NJF,IKA
NJF,KWI
NJF,BEY
NJF,DOH
NJF,AMM
NJF,IST
NKC,CDG
NKC,CKY
NKC,ALG
NKC,CMN
NKC,DKR
NKC,LPA
NKC,BKO
NKC,NDB
NKC,OUZ
NKC,TUN
NKG,CGQ
NKG,CKG
NKG,CTU
NKG,HRB
NKG,KMG
NKG,MIG
NKG,SYX
NKG,CSX
NKG,KWE
NKG,LJG
NKG,SHE
NKG,TPE
NKG,RMQ
NKG,TTT
NKG,CAN
NKG,DLC
NKG,FOC
NKG,FRA
NKG,KWL
NKG,MFM
NKG,NNG
NKG,PEK
NKG,SZX
NKG,TAO
NKG,TYN
NKG,WNZ
NKG,XIY
NKG,XMN
NKG,YNT
NKG,HKG
NKG,HAK
NKG,INC
NKG,KHN
NKG,SWA
NKG,DSN
NKG,KIX
NKG,NRT
NKG,PUS
NKG,JJN
NKG,CGO
NKG,CIF
NKG,HET
NKG,ICN
NKG,LHW
NKG,PVG
NKG,SIN
NKG,SJW
NKG,SYD
NKG,WXN
NKG,YCU
NKG,ZUH
NKI,EDA
NKM,AOJ
NKM,FUK
NKM,HNA
NKM,KCZ
NKM,KIJ
NKM,KMJ
NLA,JNB
NLA,FBM
NLA,NBO
NLA,LUN
NLA,MNS
NLA,SLI
NLD,MEX
NLG,PML
NLK,AKL
NLK,BNE
NLK,SYD
NLT,URC
NMA,DME
NMA,LED
NMA,OVB
NMA,SVX
NMA,TAS
NMA,CEK
NMA,GOJ
NMA,KJA
NMA,KRR
NME,OOK
NME,TNK
NNB,HIR
NNB,IRA
NNG,CGK
NNG,CKG
NNG,CTU
NNG,SGN
NNG,WUH
NNG,FOC
NNG,KMG
NNG,SHA
NNG,KUL
NNG,XIY
NNG,CGO
NNG,CSX
NNG,HGH
NNG,MFM
NNG,NKG
NNG,PEK
NNG,SYX
NNG,SZX
NNG,XMN
NNG,ZUH
NNG,BKK
NNG,CAN
NNG,HAK
NNG,KHN
NNG,KWE
NNG,KWL
NNG,PVG
NNG,SWA
NNG,TPE
NNG,KHH
NNG,TSA
NNG,ACX
NNG,WUZ
NNG,RMQ
NNG,HFE
NNG,JGS
NNG,JJN
NNG,LZO
NNG,HKG
NNG,LHW
NNG,LJG
NNG,TCZ
NNG,PNH
NNG,RGN
NNG,SIN
NNG,VTE
NNM,ARH
NNM,KVX
NNM,SCW
NNM,USK
NNT,DMK
NNT,CNX
NNY,CAN
NNY,CGO
NNY,CTU
NNY,HGH
NNY,SHA
NNY,SZX
NNY,NAY
NOB,SYQ
NOC,BHX
NOC,MAN
NOC,LGW
NOC,ACE
NOC,ALC
NOC,EMA
NOC,FAO
NOC,GRO
NOC,LPA
NOC,LPL
NOC,LTN
NOC,STN
NOJ,DME
NOJ,SLY
NOJ,SVX
NOJ,TJM
NOJ,UFA
NOS,DZA
NOS,FCO
NOS,DIE
NOS,TNR
NOS,RUN
NOU,ICN
NOU,VLI
NOU,AKL
NOU,BNE
NOU,SYD
NOU,KIX
NOU,NAN
NOU,NRT
NOU,PPT
NOU,WLS
NOV,LAD
NOV,VPE
NOZ,DME
NOZ,SVO
NPE,AKL
NPE,CHC
NPE,WLG
NPL,AKL
NPL,CHC
NPL,WLG
NQN,CRD
NQN,MDZ
NQN,AEP
NQU,UIB
NQY,LGW
NQY,MAN
NQY,ISC
NRA,GFF
NRA,SYD
NRK,HEL
NRK,CPH
NRL,EOI
NRL,KOI
NRL,PPW
NRN,ACE
NRN,AGA
NRN,AGP
NRN,AHO
NRN,ALC
NRN,AOI
NRN,BGY
NRN,BLQ
NRN,BRI
NRN,BZG
NRN,CAG
NRN,CFU
NRN,CHQ
NRN,CIA
NRN,EDI
NRN,FAO
NRN,FEZ
NRN,FUE
NRN,GRO
NRN,LPA
NRN,LPP
NRN,MAD
NRN,NYO
NRN,OPO
NRN,OUD
NRN,PFO
NRN,PMI
NRN,PMO
NRN,PSA
NRN,RAK
NRN,REU
NRN,RIX
NRN,RYG
NRN,SKG
NRN,STN
NRN,SUF
NRN,SVQ
NRN,TFS
NRN,TLL
NRN,TNG
NRN,TSF
NRN,VLC
NRN,VNO
NRN,VXO
NRN,WMI
NRN,XRY
NRT,ICN
NRT,BOM
NRT,BKK
NRT,BOS
NRT,CTS
NRT,DFW
NRT,FUK
NRT,HAN
NRT,HKG
NRT,HNL
NRT,ITM
NRT,JFK
NRT,KHH
NRT,KUL
NRT,LAX
NRT,NGO
NRT,ORD
NRT,PUS
NRT,SAN
NRT,SGN
NRT,SIN
NRT,TPE
NRT,YVR
NRT,YYC
NRT,YYZ
NRT,CDG
NRT,SPN
NRT,DEL
NRT,MEX
NRT,HEL
NRT,FCO
NRT,MXP
NRT,LHR
NRT,AKJ
NRT,ISG
NRT,OKA
NRT,CAN
NRT,CTU
NRT,DLC
NRT,HGH
NRT,PEK
NRT,PVG
NRT,SHE
NRT,TAO
NRT,XMN
NRT,CGQ
NRT,DTW
NRT,GUM
NRT,MNL
NRT,MSP
NRT,PDX
NRT,ROR
NRT,SEA
NRT,SFO
NRT,DXB
NRT,AUH
NRT,HIJ
NRT,KMQ
NRT,CGK
NRT,DPS
NRT,KIX
NRT,KOJ
NRT,MYJ
NRT,OIT
NRT,CJU
NRT,CNS
NRT,DME
NRT,FRA
NRT,KHV
NRT,NKG
NRT,OOL
NRT,PPT
NRT,SYD
NRT,VVO
NRT,AMS
NRT,MUC
NRT,ZRH
NRT,BKI
NRT,AKL
NRT,CHC
NRT,DEN
NRT,DOH
NRT,EWR
NRT,IAD
NRT,IAH
NRT,IST
NRT,KIJ
NRT,MFM
NRT,RGN
NRT,SDJ
NRT,SJC
NRT,VIE
NRT,ULN
NRT,CEB
NRT,POM
NRT,NOU
NRT,CPH
NRT,SVO
NRT,CMB
NSH,MHD
NSI,CDG
NSI,CMN
NSI,DLA
NSI,LBV
NSI,NBO
NSI,BRU
NSI,GOU
NSK,DME
NSK,OVB
NSK,SVX
NSK,VKO
NSK,AER
NSK,GOJ
NSK,KJA
NSK,KUF
NSK,LED
NSK,UFA
NSN,AKL
NSN,CHC
NSN,PMR
NSN,WLG
NSQ,JUV
NSQ,KHQ
NST,DMK
NTE,BOD
NTE,BRU
NTE,DUS
NTE,LIL
NTE,LYS
NTE,MPL
NTE,MXP
NTE,SXB
NTE,TLS
NTE,AMS
NTE,CDG
NTE,LCY
NTE,MAN
NTE,MRS
NTE,NCE
NTE,ORY
NTE,SOU
NTE,CMN
NTE,RAK
NTE,DUB
NTE,FEZ
NTE,SNN
NTE,BCN
NTE,FCO
NTE,MAD
NTE,LIS
NTE,OPO
NTE,VCE
NTE,DJE
NTE,TUN
NTE,BSL
NTE,GVA
NTE,LGW
NTE,MUC
NTE,PMI
NTE,PMO
NTE,TFS
NTG,WUH
NTG,DLC
NTG,PEK
NTG,SHE
NTG,SZX
NTG,XMN
NTG,CAN
NTG,CSX
NTG,NAY
NTG,CKG
NTL,CBR
NTL,SYD
NTL,BNE
NTL,MEL
NTL,OOL
NTL,BNK
NTN,CNS
NTN,ONG
NTQ,HND
NTX,BTH
NUE,HAM
NUE,ACE
NUE,AYT
NUE,DJE
NUE,DUS
NUE,FUE
NUE,HRG
NUE,LPA
NUE,NBE
NUE,PMI
NUE,SAW
NUE,TFS
NUE,TXL
NUE,VIE
NUE,CDG
NUE,LCY
NUE,AGP
NUE,ALC
NUE,OPO
NUE,PSA
NUE,STN
NUE,BCN
NUE,AMS
NUE,FRA
NUE,MUC
NUE,ZRH
NUE,IST
NUI,BRW
NUI,SCC
NUL,GAL
NUL,KAL
NUL,KYU
NUP,BET
NUP,ATT
NUS,CCV
NUS,LPM
NUS,SON
NUS,SWJ
NUS,VLI
NUU,MRE
NUX,NBC
NUX,EGO
NUX,TJM
NUX,UFA
NUX,VKO
NUX,SVX
NUX,OMS
NUX,KRR
NUX,DME
NUX,SLY
NVA,BOG
NVI,DME
NVI,LED
NVI,AFS
NVI,KSQ
NVI,TAS
NVK,BOO
NVT,POA
NVT,VCP
NVT,CGH
NVT,GIG
NVT,GRU
NWI,AMS
NWI,EDI
NWI,MAN
NWI,ABZ
NWI,HUY
NYK,UAS
NYK,WIL
NYK,MRE
NYM,OVS
NYM,VKO
NYM,DME
NYM,SLY
NYM,TJM
NYM,UFA
NYO,AGP
NYO,ALC
NYO,BCN
NYO,BDS
NYO,BGY
NYO,BRE
NYO,BUD
NYO,BVA
NYO,BZR
NYO,CHQ
NYO,CIA
NYO,CRL
NYO,DUB
NYO,EDI
NYO,EIN
NYO,FKB
NYO,FMM
NYO,HHN
NYO,KRK
NYO,KUN
NYO,LBC
NYO,LPA
NYO,MLA
NYO,MRS
NYO,NRN
NYO,PFO
NYO,PMI
NYO,PSA
NYO,RHO
NYO,RIX
NYO,SKG
NYO,STN
NYO,SXF
NYO,TFS
NYO,TPS
NYO,TSF
NYO,WMI
NYO,BEG
NYO,GDN
NYO,KTW
NYO,POZ
NYO,SKP
NYO,WAW
NYT,DMK
NYT,BKK
NYU,HEH
NYU,MDL
NYU,RGN
NZH,SHE
NZH,HTA
NZH,IKT
NZH,PEK
NZH,KJA
NZH,UUD
NZH,NAY
NZH,COQ
OAG,SYD
OAJ,CLT
OAJ,DCA
OAK,HNL
OAK,KOA
OAK,LIH
OAK,OGG
OAK,PDX
OAK,SEA
OAK,LAX
OAK,IAD
OAK,JFK
OAK,LGB
OAK,SLC
OAK,HOU
OAK,MCI
OAK,MDW
OAK,MHT
OAK,PHL
OAK,SNA
OAK,AZA
OAK,BLI
OAK,EUG
OAK,PVU
OAK,DFW
OAK,LAS
OAK,PHX
OAK,ABQ
OAK,AUS
OAK,BOI
OAK,BUR
OAK,DEN
OAK,GEG
OAK,ONT
OAK,SAN
OAK,GDL
OAL,CGB
OAX,MEX
OAX,IAH
OAX,CUN
OAX,MTY
OAX,TIJ
OBO,HND
OBU,ABL
OBU,OTZ
OBY,CNP
OCC,UIO
OCC,LTX
ODN,MUR
ODN,MYY
ODO,IKT
ODS,IST
ODS,DXB
ODS,SHJ
ODS,WAW
ODS,VIE
ODS,DME
ODS,KBP
ODS,TLV
ODS,IEV
ODS,SVO
ODS,VKO
ODY,VTE
OER,ARN
OGD,AZA
OGG,DFW
OGG,LAX
OGG,OAK
OGG,SJC
OGG,SMF
OGG,YVR
OGG,YYC
OGG,ANC
OGG,BLI
OGG,PDX
OGG,SAN
OGG,SEA
OGG,HNL
OGG,ITO
OGG,KOA
OGG,LIH
OGG,HNM
OGG,LNY
OGG,MKK
OGG,MUE
OGG,DEN
OGG,PHX
OGG,SFO
OGL,BGI
OGM,MPP
OGS,ALB
OGX,ALG
OGX,VVZ
OGZ,DME
OHE,HEK
OHE,JGD
OHE,HRB
OHH,UUS
OHH,KHV
OIA,CKS
OIM,HND
OIT,NGO
OIT,NRT
OIT,HND
OIT,ITM
OIT,ICN
OKA,RMQ
OKA,FUK
OKA,HND
OKA,ISG
OKA,MMY
OKA,NGO
OKA,NRT
OKA,UKB
OKA,PEK
OKA,TPE
OKA,HKG
OKA,KIX
OKA,ITM
OKA,PVG
OKA,ICN
OKA,CTS
OKA,FSZ
OKA,HIJ
OKA,KIJ
OKA,KMI
OKA,KMJ
OKA,KOJ
OKA,MYJ
OKA,NGS
OKA,SDJ
OKA,TAK
OKA,KMQ
OKA,OKJ
OKA,UEO
OKC,DFW
OKC,LAX
OKC,ORD
OKC,DTW
OKC,MSP
OKC,SLC
OKC,DEN
OKC,BWI
OKC,DAL
OKC,HOU
OKC,LAS
OKC,MDW
OKC,PHX
OKC,CLE
OKC,EWR
OKC,IAD
OKC,IAH
OKC,SFO
OKC,STL
OKD,HKD
OKJ,TPE
OKJ,CTS
OKJ,HND
OKJ,PVG
OKJ,ICN
OKJ,GUM
OKJ,OKA
OKL,DJJ
OLA,OSL
OLB,DUS
OLB,MUC
OLB,BLQ
OLB,FCO
OLB,LIN
OLB,NAP
OLB,TRN
OLB,VRN
OLB,GVA
OLB,LGW
OLB,MXP
OLC,TFF
OLF,BIL
OLF,GGW
OLH,ADQ
OLL,BZV
OLP,ADL
OMA,DFW
OMA,ORD
OMA,SEA
OMA,DTW
OMA,LGA
OMA,MCO
OMA,MSP
OMA,SLC
OMA,DCA
OMA,DEN
OMA,LAS
OMA,MDW
OMA,SJU
OMA,EWR
OMA,IAH
OMA,CLT
OMA,PHX
OMA,STL
OMD,WDH
OME,ELI
OME,GAM
OME,GLV
OME,KTS
OME,SHH
OME,SKK
OME,SVA
OME,TLA
OME,UNK
OME,WAA
OME,WBB
OME,WMO
OME,KKA
OME,OTZ
OME,TNC
OME,ANC
OMH,THR
OMR,OTP
OMS,KJA
OMS,KZN
OMS,LED
OMS,SVO
OMS,AER
OMS,DME
OMS,EVN
OMS,GYD
OMS,IKT
OMS,NJC
OMS,NUX
OMS,OVB
OMS,SVX
OMS,TAS
OMS,TSE
OMS,SAW
OMS,PEK
OMS,DXB
OMS,VKO
OND,ERS
ONG,BUC
ONG,DMD
ONG,NTN
ONJ,HND
ONT,DFW
ONT,PDX
ONT,SEA
ONT,GDL
ONT,IAH
ONT,SLC
ONT,LAS
ONT,PHX
ONT,DEN
ONT,SFO
ONT,MDW
ONT,OAK
ONT,SJC
ONT,SMF
OOK,TNK
OOK,MYU
OOL,KUL
OOL,KIX
OOL,NRT
OOL,ADL
OOL,AKL
OOL,CHC
OOL,CNS
OOL,MEL
OOL,NTL
OOL,SYD
OOL,ISA
OOL,SIN
OOL,CBR
OPO,BRU
OPO,ZRH
OPO,FCO
OPO,MXP
OPO,LAD
OPO,AMS
OPO,BCN
OPO,BGY
OPO,BOD
OPO,BRE
OPO,BVA
OPO,CFE
OPO,CIA
OPO,CRL
OPO,DLE
OPO,DTM
OPO,DUB
OPO,EBU
OPO,EIN
OPO,FAO
OPO,FKB
OPO,FMM
OPO,HHN
OPO,LBC
OPO,LIL
OPO,LPA
OPO,LRH
OPO,MAD
OPO,MRS
OPO,MST
OPO,NRN
OPO,NUE
OPO,STN
OPO,SXB
OPO,TUF
OPO,VLC
OPO,XCR
OPO,ORY
OPO,GRU
OPO,LUX
OPO,FRA
OPO,GVA
OPO,FNC
OPO,LIS
OPO,MUC
OPO,PDL
OPO,TER
OPO,NTE
OPO,CCS
OPO,EWR
OPO,GIG
OPO,LGW
OPO,YYZ
OPO,BSL
OPO,CDG
OPO,LYS
OPS,CGB
OPS,BSB
ORB,BLE
ORB,MMX
ORD,BRL
ORD,DEC
ORD,ABQ
ORD,ALO
ORD,AMM
ORD,ART
ORD,AUH
ORD,AUS
ORD,AZO
ORD,BDL
ORD,BMI
ORD,BNA
ORD,BOS
ORD,BUF
ORD,BWI
ORD,CDG
ORD,CHA
ORD,CHO
ORD,CID
ORD,CLE
ORD,CLT
ORD,CMH
ORD,CMI
ORD,COU
ORD,CUN
ORD,CVG
ORD,CWA
ORD,DAY
ORD,DBQ
ORD,DCA
ORD,DEN
ORD,DFW
ORD,DOH
ORD,DSM
ORD,DTW
ORD,DUS
ORD,ELP
ORD,EVV
ORD,EWR
ORD,FAR
ORD,FLL
ORD,FNT
ORD,FSD
ORD,FWA
ORD,GRB
ORD,GRR
ORD,HKG
ORD,HPN
ORD,HSV
ORD,IAH
ORD,ICT
ORD,IND
ORD,JAX
ORD,JFK
ORD,LAS
ORD,LAX
ORD,LEX
ORD,LGA
ORD,LHR
ORD,LIT
ORD,LSE
ORD,MAD
ORD,MAN
ORD,MCI
ORD,MCO
ORD,MDT
ORD,MEM
ORD,MEX
ORD,MHK
ORD,MIA
ORD,MKE
ORD,MLI
ORD,MQT
ORD,MSN
ORD,MSP
ORD,NRT
ORD,OKC
ORD,OMA
ORD,PBI
ORD,PDX
ORD,PEK
ORD,PHL
ORD,PHX
ORD,PIA
ORD,PIT
ORD,PVG
ORD,RDU
ORD,RIC
ORD,RNO
ORD,ROC
ORD,RST
ORD,RSW
ORD,SAN
ORD,SAT
ORD,SDF
ORD,SEA
ORD,SFO
ORD,SGF
ORD,SJC
ORD,SJD
ORD,SJU
ORD,SLC
ORD,SNA
ORD,STL
ORD,SUX
ORD,SYR
ORD,TOL
ORD,TPA
ORD,TUL
ORD,TUS
ORD,TVC
ORD,TXL
ORD,TYS
ORD,XNA
ORD,YKF
ORD,YOW
ORD,YUL
ORD,YYZ
ORD,YEG
ORD,YQB
ORD,YQR
ORD,YQT
ORD,YVR
ORD,YWG
ORD,YXU
ORD,YYC
ORD,DEL
ORD,GDL
ORD,ANC
ORD,PTY
ORD,AMS
ORD,ICN
ORD,DUB
ORD,HUX
ORD,MBJ
ORD,PUJ
ORD,GRU
ORD,FRA
ORD,MUC
ORD,WAW
ORD,ZRH
ORD,MYR
ORD,VIE
ORD,ARN
ORD,CPH
ORD,BRU
ORD,SAL
ORD,IST
ORD,ABE
ORD,ALB
ORD,ATW
ORD,AUA
ORD,AVL
ORD,AVP
ORD,BHM
ORD,BOI
ORD,BTV
ORD,BZN
ORD,CAE
ORD,CAK
ORD,CHS
ORD,CMX
ORD,COS
ORD,CRW
ORD,DLH
ORD,EAU
ORD,GSO
ORD,GSP
ORD,HNL
ORD,IAD
ORD,JAN
ORD,LAN
ORD,LNK
ORD,MBS
ORD,MHT
ORD,MKG
ORD,MOB
ORD,MTY
ORD,NAS
ORD,ORF
ORD,PAH
ORD,PVD
ORD,PVR
ORD,PWM
ORD,RAP
ORD,ROA
ORD,SAV
ORD,SBN
ORD,SJO
ORD,SMF
ORD,SPI
ORD,SRQ
ORD,STT
ORD,YHZ
ORD,YXE
ORF,DFW
ORF,JFK
ORF,MIA
ORF,BOS
ORF,DTW
ORF,LGA
ORF,MSP
ORF,BWI
ORF,JAX
ORF,MCO
ORF,MDW
ORF,SJC
ORF,STL
ORF,CLT
ORF,EWR
ORF,IAD
ORF,IAH
ORF,ORD
ORF,PHL
ORF,DCA
ORF,BNA
ORF,TPA
ORH,FLL
ORH,MCO
ORI,ADQ
ORK,ACE
ORK,AGP
ORK,AMS
ORK,BHX
ORK,BRS
ORK,BRU
ORK,CDG
ORK,EDI
ORK,GLA
ORK,LHR
ORK,LPA
ORK,MAN
ORK,MUC
ORK,TFS
ORK,BGY
ORK,EMA
ORK,FAO
ORK,GDN
ORK,GRO
ORK,KRK
ORK,LGW
ORK,LPL
ORK,STN
ORK,VNO
ORK,WMI
ORK,WRO
ORK,NCL
ORN,AAE
ORN,ALC
ORN,ALG
ORN,BCN
ORN,CMN
ORN,CZL
ORN,IST
ORN,LIL
ORN,LYS
ORN,MAD
ORN,MRS
ORN,ORY
ORN,TLS
ORN,FCO
ORN,TUN
ORN,CDG
ORN,MLH
ORU,SRZ
ORV,IAN
ORV,OTZ
ORY,AGF
ORY,AUR
ORY,BVE
ORY,CFR
ORY,DCM
ORY,LAI
ORY,LDE
ORY,LRH
ORY,LRT
ORY,PGF
ORY,RDZ
ORY,UIP
ORY,EWR
ORY,JFK
ORY,LHR
ORY,TXL
ORY,AJA
ORY,BCN
ORY,BES
ORY,BIA
ORY,BIQ
ORY,BOD
ORY,CAY
ORY,CFE
ORY,CLY
ORY,CMN
ORY,FCO
ORY,FDF
ORY,IST
ORY,LCY
ORY,LIN
ORY,LYS
ORY,MAD
ORY,MLH
ORY,MPL
ORY,MRS
ORY,NCE
ORY,NTE
ORY,PMI
ORY,PTP
ORY,PUF
ORY,RUN
ORY,SOU
ORY,SXB
ORY,TLN
ORY,TLS
ORY,AAE
ORY,ALG
ORY,BJA
ORY,BLJ
ORY,BSK
ORY,CZL
ORY,ORN
ORY,QSF
ORY,AGA
ORY,ESU
ORY,FEZ
ORY,OUD
ORY,OZZ
ORY,RAK
ORY,RBA
ORY,TNG
ORY,SCU
ORY,ARN
ORY,BGO
ORY,CPH
ORY,HEL
ORY,OSL
ORY,AGP
ORY,ALC
ORY,BIO
ORY,FLR
ORY,LIS
ORY,LPA
ORY,OPO
ORY,OVD
ORY,SVQ
ORY,TFN
ORY,TFS
ORY,VLC
ORY,IKA
ORY,MLA
ORY,SAW
ORY,FNC
ORY,ABJ
ORY,DKR
ORY,DZA
ORY,MRU
ORY,PUJ
ORY,SXM
ORY,YUL
ORY,LIG
ORY,PGX
ORY,AYT
ORY,BVC
ORY,DJE
ORY,HER
ORY,HRG
ORY,MIR
ORY,NAP
ORY,TUN
ORY,VCE
ORY,VXE
ORY,TOE
ORY,PAP
ORY,SDQ
ORY,FAO
ORY,GVA
ORY,PSA
ORY,SXF
ORY,LPY
ORY,DME
ORY,VKO
ORY,FSC
ORY,TLM
OSD,UME
OSD,ARN
OSD,BMA
OSI,ZAG
OSK,ARN
OSL,HAM
OSL,LHR
OSL,TXL
OSL,CDG
OSL,AAL
OSL,HEL
OSL,AAR
OSL,BLL
OSL,ABZ
OSL,RIX
OSL,SRP
OSL,ACE
OSL,AES
OSL,AGA
OSL,AGP
OSL,ALC
OSL,ALF
OSL,AMS
OSL,ARN
OSL,AYT
OSL,BCN
OSL,BDU
OSL,BEG
OSL,BGO
OSL,BKK
OSL,BOO
OSL,BTS
OSL,BUD
OSL,CGN
OSL,CPH
OSL,DUB
OSL,DXB
OSL,EDI
OSL,EVE
OSL,FAO
OSL,FCO
OSL,FNC
OSL,FUE
OSL,GDN
OSL,GVA
OSL,HAU
OSL,JFK
OSL,KBP
OSL,KEF
OSL,KRK
OSL,KRS
OSL,LCA
OSL,LED
OSL,LGW
OSL,LPA
OSL,LYR
OSL,MAN
OSL,MLA
OSL,MOL
OSL,MUC
OSL,MXP
OSL,NCE
OSL,ORY
OSL,PLQ
OSL,PMI
OSL,PRG
OSL,RAK
OSL,SVG
OSL,SXF
OSL,SZZ
OSL,TFS
OSL,TLL
OSL,TOS
OSL,TRD
OSL,VIE
OSL,VNO
OSL,WAW
OSL,DUS
OSL,FRA
OSL,ZRH
OSL,OLA
OSL,VDB
OSL,ISB
OSL,DOH
OSL,BRU
OSL,EWR
OSL,GOT
OSL,IST
OSL,KKN
OSL,KSU
OSL,SVO
OSL,LIS
OSL,BNN
OSL,FDE
OSL,FRO
OSL,HOV
OSL,RRS
OSL,SDN
OSL,SOG
OSL,SSJ
OSM,IST
OSR,STN
OSR,PRG
OSR,CDG
OSS,URC
OSS,LED
OSS,FRU
OSS,DME
OSS,IKT
OSS,OVB
OSS,SVX
OSS,CEK
OSS,KJA
OSS,SGC
OSS,IST
OSS,KUF
OSS,KZN
OSW,DME
OSY,MJF
OSY,RVK
OSY,TRD
OTD,SCI
OTD,SIC
OTH,PDX
OTH,SFO
OTP,KIV
OTP,ATH
OTP,LHR
OTP,TXL
OTP,CDG
OTP,BAY
OTP,CLJ
OTP,FCO
OTP,IAS
OTP,LIN
OTP,OMR
OTP,TSR
OTP,LCA
OTP,SOF
OTP,DXB
OTP,BEG
OTP,AMS
OTP,DUS
OTP,FRA
OTP,MUC
OTP,WAW
OTP,ZRH
OTP,TLV
OTP,BEY
OTP,PRG
OTP,VIE
OTP,SAW
OTP,DOH
OTP,AMM
OTP,BCN
OTP,BRU
OTP,BUD
OTP,DUB
OTP,IST
OTP,MAD
OTP,NCE
OTP,SKG
OTP,SUJ
OTP,SVO
OTP,CPH
OTP,LIS
OTP,LGW
OTP,AHO
OTP,BGY
OTP,BLQ
OTP,BRI
OTP,BVA
OTP,CIA
OTP,CRL
OTP,CTA
OTP,CUF
OTP,DTM
OTP,DWC
OTP,EIN
OTP,GVA
OTP,LTN
OTP,MXP
OTP,NAP
OTP,PEG
OTP,PSA
OTP,TRF
OTP,TSF
OTP,VLC
OTP,VRN
OTP,ZAZ
OTZ,ABL
OTZ,BKC
OTZ,DRG
OTZ,IAN
OTZ,ORV
OTZ,PHO
OTZ,SHG
OTZ,WLK
OTZ,WTK
OTZ,KVL
OTZ,OME
OTZ,ANC
OUA,ABJ
OUA,ACC
OUA,BKO
OUA,BOY
OUA,COO
OUA,DKR
OUA,LFW
OUA,NIM
OUA,BRU
OUA,CDG
OUA,ALG
OUA,CMN
OUA,ADD
OUA,IST
OUA,TUN
OUD,CMN
OUD,MRS
OUD,ORY
OUD,BVA
OUD,CRL
OUD,NRN
OUL,HEL
OUL,ALC
OUL,LPA
OUL,TFS
OUL,ARN
OUZ,NKC
OVB,CEK
OVB,SVX
OVB,BQS
OVB,IKT
OVB,MJZ
OVB,MSQ
OVB,URC
OVB,LED
OVB,NMA
OVB,TAS
OVB,KJA
OVB,NJC
OVB,OMS
OVB,GYD
OVB,TSE
OVB,FRU
OVB,OSS
OVB,KBP
OVB,GDX
OVB,KRR
OVB,NER
OVB,YKS
OVB,ALA
OVB,BKK
OVB,CIT
OVB,DME
OVB,DXB
OVB,DYU
OVB,EVN
OVB,FEG
OVB,FRA
OVB,HKG
OVB,HKT
OVB,HTA
OVB,KHV
OVB,LBD
OVB,MUC
OVB,NSK
OVB,PEK
OVB,PRG
OVB,UUD
OVB,VVO
OVB,SVO
OVB,IST
OVB,HRB
OVB,VKO
OVB,TJM
OVD,BCN
OVD,LPA
OVD,MAD
OVD,ORY
OVD,PMI
OVD,SVQ
OVD,VLC
OVD,LIS
OVD,STN
OVD,TFS
OVS,NYM
OVS,SVX
OVS,VKO
OWB,STL
OWB,SFB
OXB,CMN
OXB,RAI
OXB,DKR
OXB,MLW
OXB,LIS
OZC,CEB
OZC,MNL
OZH,IEV
OZH,VKO
OZZ,CMN
OZZ,ORY
PAC,BFQ
PAC,BOC
PAC,CHX
PAC,CZJ
PAC,DAV
PAC,OGM
PAC,OTD
PAC,PUE
PAC,PYC
PAC,SAX
PAD,ACE
PAD,FUE
PAD,PMI
PAD,TFS
PAD,LCY
PAD,AYT
PAD,LPA
PAD,MUC
PAF,EBB
PAG,CEB
PAG,MNL
PAH,ORD
PAP,SXM
PAP,SCU
PAP,FLL
PAP,JFK
PAP,MIA
PAP,YUL
PAP,PTP
PAP,PTY
PAP,PLS
PAP,SDQ
PAS,ATH
PAT,CCU
PAT,DEL
PAT,IXR
PAT,LKO
PAZ,MEX
PAZ,REX
PAZ,VSA
PBC,DFW
PBC,MTY
PBC,IAH
PBC,CUN
PBC,GDL
PBC,TIJ
PBD,BOM
PBG,BOS
PBG,FLL
PBG,LAS
PBG,PGD
PBG,PIE
PBG,SFB
PBH,CCU
PBH,BKK
PBH,DAC
PBH,DEL
PBH,GAU
PBH,GAY
PBH,IXB
PBH,KTM
PBI,MHH
PBI,TPA
PBI,DFW
PBI,ORD
PBI,YYZ
PBI,BDL
PBI,BOS
PBI,EWR
PBI,HPN
PBI,JFK
PBI,LGA
PBI,SJU
PBI,DTW
PBI,BWI
PBI,PIT
PBI,ACY
PBI,CLE
PBI,CLT
PBI,IAH
PBI,PHL
PBI,NAS
PBI,DCA
PBI,ISP
PBJ,ULB
PBJ,VLI
PBM,CUR
PBM,POS
PBM,AMS
PBM,AUA
PBM,BEL
PBM,CAY
PBM,GEO
PBO,PER
PBP,NOB
PBU,MYT
PCL,IQT
PCL,LIM
PCL,TPP
PCR,BOG
PCR,VVC
PDA,BOG
PDA,VVC
PDG,KUL
PDG,CGK
PDG,PKU
PDG,BTH
PDL,DUS
PDL,BOS
PDL,FNC
PDL,FRA
PDL,LIS
PDL,OPO
PDL,YYZ
PDL,HOR
PDL,PIX
PDL,SMA
PDL,TER
PDP,AEP
PDS,SLW
PDT,PDX
PDV,STN
PDX,BOS
PDX,BUR
PDX,DCA
PDX,DFW
PDX,EUG
PDX,LAX
PDX,LGB
PDX,OAK
PDX,ONT
PDX,ORD
PDX,PHX
PDX,SAN
PDX,SFO
PDX,SJC
PDX,SNA
PDX,YVR
PDX,ANC
PDX,BIL
PDX,BLI
PDX,BOI
PDX,DTW
PDX,FAT
PDX,GEG
PDX,HNL
PDX,JFK
PDX,KOA
PDX,LAS
PDX,LIH
PDX,MFR
PDX,MSP
PDX,OGG
PDX,PSC
PDX,PSP
PDX,RDM
PDX,RNO
PDX,SBA
PDX,SEA
PDX,SLC
PDX,SMF
PDX,STS
PDX,TUS
PDX,IAH
PDX,AMS
PDX,NRT
PDX,DEN
PDX,MCI
PDX,OTH
PDX,PDT
PDX,EWR
PDX,IAD
PDX,LMT
PDX,CLT
PDX,ABQ
PDX,MDW
PEC,JNU
PED,DME
PED,LED
PEE,LED
PEE,LBD
PEE,PRG
PEE,DME
PEE,SVO
PEE,DXB
PEE,DYU
PEE,UFA
PEG,CRL
PEG,STN
PEG,TIA
PEG,OTP
PEI,BOG
PEI,ADZ
PEI,PTY
PEI,EOH
PEK,CKG
PEK,CTU
PEK,WXN
PEK,ZHY
PEK,MNL
PEK,KMG
PEK,LUM
PEK,PVG
PEK,ORD
PEK,SEA
PEK,AUH
PEK,NGO
PEK,TXL
PEK,YVR
PEK,YYZ
PEK,CDG
PEK,ALG
PEK,HEL
PEK,LHR
PEK,TPE
PEK,ADD
PEK,ARN
PEK,BAV
PEK,BHY
PEK,BKK
PEK,CAI
PEK,CAN
PEK,CGO
PEK,CGQ
PEK,CHG
PEK,CIF
PEK,CNX
PEK,CPH
PEK,CSX
PEK,CTS
PEK,CZX
PEK,DAT
PEK,DAX
PEK,DDG
PEK,DEL
PEK,DLC
PEK,DNH
PEK,DQA
PEK,DSN
PEK,DUS
PEK,DXB
PEK,DYG
PEK,FCO
PEK,FNJ
PEK,FOC
PEK,FRA
PEK,FUG
PEK,GMP
PEK,GVA
PEK,GYS
PEK,HAK
PEK,HET
PEK,HFE
PEK,HGH
PEK,HKG
PEK,HKT
PEK,HLD
PEK,HLH
PEK,HMI
PEK,HND
PEK,HRB
PEK,HYN
PEK,IAD
PEK,IAH
PEK,ICN
PEK,INC
PEK,IST
PEK,JDZ
PEK,JFK
PEK,JGS
PEK,JIU
PEK,JMU
PEK,JNB
PEK,KHN
PEK,KIX
PEK,KOW
PEK,KWE
PEK,KWL
PEK,LAX
PEK,LHW
PEK,LJG
PEK,LXA
PEK,MAD
PEK,MFM
PEK,MIG
PEK,MUC
PEK,MWX
PEK,MXP
PEK,NDG
PEK,NGB
PEK,NKG
PEK,NNG
PEK,NRT
PEK,NTG
PEK,OKA
PEK,PUS
PEK,RLK
PEK,SFO
PEK,SGN
PEK,SHA
PEK,SHE
PEK,SIN
PEK,SVO
PEK,SWA
PEK,SYD
PEK,SYX
PEK,SZX
PEK,TAE
PEK,TAO
PEK,TGO
PEK,TLV
PEK,TNA
PEK,TXN
PEK,TYN
PEK,ULN
PEK,URC
PEK,VIE
PEK,WAW
PEK,WEH
PEK,WNZ
PEK,WUA
PEK,WUH
PEK,WUX
PEK,XFN
PEK,XIL
PEK,XIY
PEK,XMN
PEK,XNN
PEK,XUZ
PEK,YBP
PEK,YCU
PEK,YIH
PEK,YIW
PEK,YNJ
PEK,YNT
PEK,YNZ
PEK,YTY
PEK,ZHA
PEK,ZUH
PEK,ZYI
PEK,KHH
PEK,AMS
PEK,CGD
PEK,CIH
PEK,DTW
PEK,HAN
PEK,ISB
PEK,KUL
PEK,NAO
PEK,NBS
PEK,TAS
PEK,TEN
PEK,LAD
PEK,LED
PEK,CGK
PEK,AQG
PEK,ALA
PEK,BRU
PEK,DOY
PEK,ENY
PEK,IKT
PEK,MDG
PEK,MLE
PEK,NZH
PEK,UYN
PEK,GYD
PEK,JXA
PEK,TSE
PEK,CJU
PEK,ZRH
PEK,HSN
PEK,JJN
PEK,WUS
PEK,MRU
PEK,HIA
PEK,JIQ
PEK,JNG
PEK,LYA
PEK,LYG
PEK,LYI
PEK,LZO
PEK,DOH
PEK,YKS
PEK,KHV
PEK,KJA
PEK,OMS
PEK,OVB
PEK,SVX
PEK,UUD
PEK,VVO
PEK,CEK
PEK,EWR
PEK,VKO
PEM,CUZ
PEM,LIM
PEN,SIN
PEN,KUL
PEN,BKI
PEN,JHB
PEN,KCH
PEN,LGK
PEN,TPE
PEN,HKG
PEN,CAN
PEN,DMK
PEN,BTJ
PEN,HKT
PEN,KBR
PEN,KUA
PEN,SZB
PEN,USM
PEN,BKK
PEN,CGK
PEN,SUB
PER,SIN
PER,BNE
PER,SYD
PER,HKG
PER,CAN
PER,KUL
PER,DXB
PER,CGK
PER,DPS
PER,ADL
PER,CNS
PER,LOP
PER,MEL
PER,BKI
PER,MRU
PER,AKL
PER,ASP
PER,BME
PER,CBR
PER,DRW
PER,GET
PER,JNB
PER,KGI
PER,KNX
PER,KTA
PER,LEA
PER,PBO
PER,PHE
PER,ZNE
PER,DOH
PER,BKK
PER,ALH
PER,BQB
PER,DCN
PER,EPR
PER,HKT
PER,RVT
PER,XCH
PES,DME
PET,POA
PET,RIG
PEU,TGU
PEU,LCE
PEW,DXB
PEW,AUH
PEW,SHJ
PEW,BAH
PEW,KHI
PEW,AAN
PEW,JED
PEW,MCT
PEW,RUH
PEW,CJL
PEW,DOH
PEW,DSK
PEW,ISB
PEW,KBL
PEW,KUL
PEW,KWI
PEW,LHE
PEW,RKT
PEX,SCW
PEZ,LED
PFB,VCP
PFB,ERM
PFB,POA
PFB,GRU
PFO,LGW
PFO,SOF
PFO,BGY
PFO,BUD
PFO,CHQ
PFO,CIA
PFO,CRL
PFO,GRO
PFO,KRK
PFO,KUN
PFO,MAN
PFO,NRN
PFO,NYO
PFO,RYG
PFO,SKG
PFO,STN
PFO,BRS
PFO,LTN
PFO,EDI
PFO,DME
PFO,VKO
PFQ,THR
PGA,PHX
PGD,FWA
PGD,GSP
PGD,LEX
PGD,PBG
PGD,PIA
PGD,RFD
PGD,SBN
PGD,SPI
PGD,TOL
PGD,TYS
PGF,ORY
PGF,BHX
PGF,CRL
PGF,STN
PGK,CGK
PGK,BTH
PGK,TJQ
PGK,PLM
PGU,AWZ
PGU,IFN
PGU,RAS
PGU,SYZ
PGU,THR
PGV,CLT
PGX,EGC
PGX,ORY
PHC,ABV
PHC,LOS
PHE,BME
PHE,BNE
PHE,MEL
PHE,PER
PHE,DPS
PHF,DEN
PHF,SFB
PHF,CLT
PHF,PHL
PHL,DFW
PHL,LHR
PHL,MIA
PHL,ORD
PHL,YYZ
PHL,SEA
PHL,BOS
PHL,CVG
PHL,DTW
PHL,JFK
PHL,MEM
PHL,MSP
PHL,RDU
PHL,SLC
PHL,BWI
PHL,CUN
PHL,BNA
PHL,MCO
PHL,MDW
PHL,STL
PHL,FRA
PHL,MUC
PHL,LAS
PHL,MYR
PHL,BCN
PHL,MAD
PHL,MAN
PHL,BRU
PHL,BDL
PHL,BUF
PHL,CLE
PHL,CLT
PHL,DEN
PHL,EWR
PHL,FLL
PHL,GSO
PHL,HVN
PHL,IAD
PHL,IAH
PHL,IPT
PHL,ISP
PHL,ITH
PHL,JAX
PHL,MHT
PHL,ORF
PHL,PBI
PHL,PHF
PHL,PHX
PHL,PIT
PHL,RSW
PHL,SAN
PHL,SBY
PHL,SFO
PHL,SYR
PHL,TPA
PHL,ABE
PHL,ALB
PHL,AMS
PHL,AUA
PHL,AUS
PHL,AVP
PHL,BDA
PHL,BGM
PHL,BGR
PHL,BHM
PHL,BTV
PHL,CAE
PHL,CAK
PHL,CDG
PHL,CHO
PHL,CHS
PHL,CMH
PHL,DAY
PHL,DCA
PHL,DUB
PHL,ELM
PHL,ERI
PHL,FCO
PHL,GCM
PHL,GSP
PHL,HPN
PHL,ILM
PHL,IND
PHL,LAX
PHL,LGA
PHL,MBJ
PHL,MCI
PHL,MDT
PHL,MKE
PHL,NAS
PHL,PLS
PHL,PUJ
PHL,PVD
PHL,PWM
PHL,RIC
PHL,ROA
PHL,ROC
PHL,SAT
PHL,SAV
PHL,SCE
PHL,SDF
PHL,SDQ
PHL,SJU
PHL,STT
PHL,SWF
PHL,SXM
PHL,TLV
PHL,TYS
PHL,VCE
PHL,YHZ
PHL,YOW
PHL,YQB
PHL,YUL
PHL,ZRH
PHO,OTZ
PHO,PIZ
PHO,LUR
PHS,DMK
PHS,CNX
PHW,JNB
PHX,DFW
PHX,LAX
PHX,LHR
PHX,MIA
PHX,ORD
PHX,PDX
PHX,SEA
PHX,YEG
PHX,YYC
PHX,YYZ
PHX,HMO
PHX,BOS
PHX,JFK
PHX,IAH
PHX,DTW
PHX,MSP
PHX,SLC
PHX,DEN
PHX,ABQ
PHX,BOI
PHX,HOU
PHX,LAS
PHX,MCI
PHX,MDW
PHX,MKE
PHX,OMA
PHX,ONT
PHX,RDU
PHX,SAT
PHX,SNA
PHX,STL
PHX,HNL
PHX,ANC
PHX,BWI
PHX,CLE
PHX,CLT
PHX,EWR
PHX,FLL
PHX,IAD
PHX,KOA
PHX,LIH
PHX,OGG
PHX,PHL
PHX,PIT
PHX,SFO
PHX,SJC
PHX,AUS
PHX,BFL
PHX,BUR
PHX,CMH
PHX,CUN
PHX,DCA
PHX,DRO
PHX,DSM
PHX,ELP
PHX,FAT
PHX,FLG
PHX,GDL
PHX,GEG
PHX,GJT
PHX,IND
PHX,LGB
PHX,MCO
PHX,MEX
PHX,MRY
PHX,MZT
PHX,OAK
PHX,PSP
PHX,PVR
PHX,RNO
PHX,SAN
PHX,SBA
PHX,SBP
PHX,SJD
PHX,SMF
PHX,TPA
PHX,TUS
PHX,YUM
PHX,YVR
PHX,ZIH
PHX,BNA
PHX,BUF
PHX,LIT
PHX,OKC
PHX,SDF
PHX,TUL
PHX,YLW
PHX,YQR
PHX,YWG
PHX,YXE
PHX,YYJ
PHX,PGA
PHX,SOW
PHX,SVC
PIA,DFW
PIA,ORD
PIA,DTW
PIA,MSP
PIA,AZA
PIA,LAS
PIA,PGD
PIA,PIE
PIA,DEN
PIE,ABE
PIE,AVL
PIE,BGR
PIE,CHA
PIE,CID
PIE,DSM
PIE,FWA
PIE,GRR
PIE,GSO
PIE,GSP
PIE,HTS
PIE,IAG
PIE,LEX
PIE,MDT
PIE,MLI
PIE,PBG
PIE,PIA
PIE,RFD
PIE,ROA
PIE,SBN
PIE,SGF
PIE,TOL
PIE,TRI
PIE,TYS
PIE,YNG
PIE,GPT
PIH,SLC
PIK,ACE
PIK,AGP
PIK,ALC
PIK,BCN
PIK,BGY
PIK,BVA
PIK,BZG
PIK,CHQ
PIK,CIA
PIK,DUB
PIK,FAO
PIK,FUE
PIK,LDY
PIK,LPA
PIK,MJV
PIK,PMI
PIK,REU
PIK,RIX
PIK,TFS
PIK,WMI
PIK,WRO
PIN,MAO
PIR,CDR
PIR,DEN
PIR,HON
PIR,MSP
PIS,LRH
PIS,LYS
PIS,STN
PIT,DFW
PIT,JFK
PIT,LAX
PIT,MIA
PIT,ORD
PIT,YYZ
PIT,BOS
PIT,CVG
PIT,DTW
PIT,LGA
PIT,MEM
PIT,MSP
PIT,CLE
PIT,CUN
PIT,PUJ
PIT,BWI
PIT,ELP
PIT,MCO
PIT,MDW
PIT,OKC
PIT,TPA
PIT,BDL
PIT,CLT
PIT,DEN
PIT,EWR
PIT,IAD
PIT,IAH
PIT,PHL
PIT,PHX
PIT,SFO
PIT,STL
PIT,DCA
PIT,RDU
PIT,BNA
PIT,FLL
PIT,HOU
PIT,LAS
PIT,RSW
PIU,LIM
PIX,TER
PIX,PDL
PIZ,BRW
PIZ,PHO
PJA,LLA
PJA,TLL
PJG,KHI
PJG,TUK
PJM,GLF
PJM,SYQ
PJM,SJO
PKA,BET
PKB,CLE
PKC,SVO
PKC,KHV
PKC,VVO
PKC,DME
PKE,BHS
PKE,SYD
PKG,SZB
PKN,BDJ
PKN,CGK
PKN,KTG
PKN,PNK
PKN,SOC
PKN,SRG
PKN,SUB
PKN,PKY
PKR,KTM
PKU,KUL
PKU,JHB
PKU,SZB
PKU,BTH
PKU,CGK
PKU,PDG
PKU,BDO
PKU,JOG
PKU,SIN
PKY,CGK
PKY,SUB
PKY,PKN
PKZ,LPQ
PKZ,REP
PKZ,SGN
PKZ,VTE
PKZ,ZVK
PLJ,BZE
PLJ,DGA
PLJ,PND
PLJ,INB
PLM,KUL
PLM,CGK
PLM,SIN
PLM,BTH
PLM,TKG
PLM,JOG
PLM,PGK
PLN,DTW
PLO,ADL
PLQ,RIX
PLQ,OSL
PLQ,CPH
PLS,GDT
PLS,SLX
PLS,MIA
PLS,BOS
PLS,JFK
PLS,NAS
PLS,CAP
PLS,KIN
PLS,PAP
PLS,POP
PLS,SDQ
PLS,STI
PLS,XSC
PLS,EWR
PLS,CLT
PLS,PHL
PLS,YYZ
PLU,AAX
PLU,CFB
PLU,GRU
PLU,GVR
PLU,IPN
PLU,MOC
PLU,SJK
PLU,UDI
PLU,VCP
PLU,VDC
PLU,RAO
PLW,UPG
PLW,BPN
PLW,CGK
PLW,SUB
PLX,ALA
PLX,TSE
PLZ,CPT
PLZ,DUR
PLZ,JNB
PLZ,ELS
PMC,PUQ
PMC,SCL
PMC,BBA
PMC,CCP
PMC,MHC
PMF,CAG
PMF,STN
PMF,TPS
PMF,TIA
PMI,CGN
PMI,DTM
PMI,HAJ
PMI,HAM
PMI,STR
PMI,TXL
PMI,AGP
PMI,ALC
PMI,BIO
PMI,DUS
PMI,FAO
PMI,FMO
PMI,FRA
PMI,IBZ
PMI,LEI
PMI,LEJ
PMI,MUC
PMI,NUE
PMI,PAD
PMI,SCN
PMI,SVQ
PMI,SZG
PMI,VIE
PMI,VLC
PMI,XRY
PMI,ZRH
PMI,ORY
PMI,ALG
PMI,BCN
PMI,MAD
PMI,LCY
PMI,LGW
PMI,OSL
PMI,SOF
PMI,AAR
PMI,BHX
PMI,BLL
PMI,BOH
PMI,BRE
PMI,BRS
PMI,BTS
PMI,BVA
PMI,CRL
PMI,CSO
PMI,DUB
PMI,EDI
PMI,EIN
PMI,EMA
PMI,FKB
PMI,FMM
PMI,HAU
PMI,HHN
PMI,KUN
PMI,LBA
PMI,LBC
PMI,LPL
PMI,MAN
PMI,MRS
PMI,MST
PMI,NRN
PMI,NYO
PMI,PIK
PMI,POZ
PMI,RYG
PMI,SCQ
PMI,SDR
PMI,STN
PMI,VST
PMI,VXO
PMI,WMI
PMI,ILD
PMI,MAH
PMI,OVD
PMI,NCL
PMI,GVA
PMI,CPH
PMI,BRN
PMI,GLA
PMI,BSL
PMI,LTN
PMI,SEN
PMI,SXF
PMI,GRX
PMI,ZAZ
PMI,NTE
PMO,CGN
PMO,MUC
PMO,STR
PMO,LIN
PMO,VCE
PMO,FCO
PMO,NAP
PMO,TRN
PMO,BRI
PMO,LMP
PMO,PNL
PMO,BGY
PMO,BLQ
PMO,DUB
PMO,MRS
PMO,NRN
PMO,PSA
PMO,STN
PMO,TSF
PMO,BCN
PMO,TUN
PMO,LGW
PMO,MXP
PMO,FLR
PMO,GOA
PMO,NTE
PMO,VRN
PMR,AKL
PMR,CHC
PMR,HLZ
PMR,NSN
PMR,WLG
PMV,BLA
PMV,CCS
PMV,PZO
PMV,MAR
PMV,GND
PMV,MUN
PMV,POS
PMV,STD
PMV,VIG
PMV,VLN
PMW,AUX
PMW,BSB
PMW,GYN
PMY,AEP
PMZ,SJO
PNA,MAD
PND,PLJ
PND,INB
PNH,SIN
PNH,RGN
PNH,KUL
PNH,TPE
PNH,CAN
PNH,DMK
PNH,TSN
PNH,BKK
PNH,HAN
PNH,KOS
PNH,REP
PNH,SGN
PNH,HKG
PNH,ICN
PNH,NNG
PNH,PVG
PNH,VTE
PNI,KSA
PNI,KWA
PNI,TKK
PNK,CGK
PNK,KTG
PNK,KCH
PNL,PMO
PNL,TPS
PNP,LAE
PNP,POM
PNP,TFI
PNQ,AMD
PNQ,BLR
PNQ,DEL
PNQ,HYD
PNQ,MAA
PNQ,NAG
PNQ,BOM
PNQ,IDR
PNQ,GOI
PNQ,DXB
PNQ,BKK
PNQ,COK
PNQ,JAI
PNQ,SHJ
PNR,CDG
PNR,CMN
PNR,BZV
PNR,POG
PNR,ADD
PNR,LBV
PNR,COO
PNR,DLA
PNR,JNB
PNS,MCO
PNS,TPA
PNS,DFW
PNS,MIA
PNS,HOU
PNS,SJC
PNS,IAH
PNS,CLT
PNS,DCA
PNS,BNA
PNY,BLR
PNZ,SSA
PNZ,VCP
PNZ,REC
PNZ,BSB
POA,MVD
POA,CNF
POA,CWB
POA,GRU
POA,IGU
POA,JOI
POA,LDB
POA,MGF
POA,NVT
POA,PET
POA,RIA
POA,SDU
POA,VCP
POA,XAP
POA,AEP
POA,PTY
POA,BSB
POA,CGH
POA,EZE
POA,FLN
POA,GIG
POA,ERM
POA,PFB
POA,SRA
POA,LIM
POA,LIS
POG,PNR
POI,LPB
POJ,PLU
POL,APL
POL,NBO
POL,JNB
POL,BEW
POL,DAR
POL,MPM
POM,BNE
POM,BUL
POM,CNS
POM,DAU
POM,GKA
POM,GUR
POM,HGU
POM,LAE
POM,LNV
POM,MXH
POM,PNP
POM,RAB
POM,TBG
POM,TIZ
POM,BUA
POM,CEB
POM,DPS
POM,HIR
POM,HKG
POM,HKN
POM,KVG
POM,MAG
POM,MAS
POM,MDU
POM,MNL
POM,NAN
POM,NRT
POM,SIN
POM,SYD
POM,UNG
POM,VAI
POM,WBM
POM,WWK
POP,MIA
POP,DUS
POP,MUC
POP,YUL
POP,JFK
POP,FRA
POP,PLS
POP,PUJ
POP,EWR
POP,YYZ
POR,HEL
POS,MIA
POS,UVF
POS,BGI
POS,CCS
POS,FLL
POS,GEO
POS,GND
POS,JFK
POS,KIN
POS,LGW
POS,MCO
POS,PBM
POS,SLU
POS,TAB
POS,YYZ
POS,PTY
POS,CUR
POS,SVD
POS,EWR
POS,IAH
POS,PMV
POZ,BRS
POZ,CIA
POZ,DUB
POZ,EDI
POZ,EMA
POZ,GRO
POZ,LPL
POZ,PMI
POZ,RYG
POZ,STN
POZ,DUS
POZ,FRA
POZ,MUC
POZ,WAW
POZ,CPH
POZ,BVA
POZ,DSA
POZ,LTN
POZ,NYO
POZ,TRF
PPB,VCP
PPB,CGH
PPE,HMO
PPE,LAS
PPG,HNL
PPN,BOG
PPP,BNE
PPQ,AKL
PPQ,CHC
PPS,CEB
PPS,ILO
PPS,MNL
PPS,USU
PPS,DVO
PPT,AKL
PPT,LAX
PPT,RAR
PPT,HNL
PPT,NRT
PPT,IPC
PPT,NOU
PPT,AHE
PPT,AUQ
PPT,AXR
PPT,BOB
PPT,FAV
PPT,GMR
PPT,HOI
PPT,HUH
PPT,MAU
PPT,MOZ
PPT,MVT
PPT,NHV
PPT,RFP
PPT,RGI
PPT,RMT
PPT,RUR
PPT,RVV
PPT,TIH
PPT,TKX
PPT,TUB
PPT,XMH
PPT,ZTA
PPV,KTN
PPW,KOI
PPW,NRL
PPW,WRY
PQC,SGN
PQC,HAN
PQC,VCA
PQC,VKG
PQI,BOS
PQQ,SYD
PQQ,LDH
PQQ,BNE
PQS,BET
PQS,MOU
PQT,JAV
PRC,CNY
PRC,LAX
PRG,CGN
PRG,RTW
PRG,ATH
PRG,LYS
PRG,LHR
PRG,CDG
PRG,MRS
PRG,PSA
PRG,VCE
PRG,HEL
PRG,FCO
PRG,MSQ
PRG,RIX
PRG,ARN
PRG,CPH
PRG,OSL
PRG,DUB
PRG,DXB
PRG,AUH
PRG,SOF
PRG,LED
PRG,RTM
PRG,BCN
PRG,MAD
PRG,GYD
PRG,ICN
PRG,AMS
PRG,DUS
PRG,FRA
PRG,MUC
PRG,WAW
PRG,EDI
PRG,EMA
PRG,LBA
PRG,MAN
PRG,NCL
PRG,VNO
PRG,BSL
PRG,GVA
PRG,ZRH
PRG,TLV
PRG,ALA
PRG,BRU
PRG,BUD
PRG,CLJ
PRG,EVN
PRG,GOJ
PRG,HAM
PRG,KBP
PRG,KSC
PRG,KUF
PRG,KZN
PRG,MXP
PRG,NCE
PRG,OSR
PRG,OTP
PRG,PEE
PRG,ROV
PRG,SVO
PRG,SVX
PRG,SXB
PRG,TXL
PRG,UFA
PRG,VIE
PRG,AYT
PRG,LPA
PRG,TFS
PRG,KRR
PRG,OVB
PRG,IST
PRG,LIS
PRG,BRS
PRG,LGW
PRG,STN
PRG,BGY
PRG,BRI
PRG,LTN
PRG,NAP
PRG,TSF
PRH,DMK
PRI,SEZ
PRN,ZRH
PRN,DUS
PRN,HAJ
PRN,HAM
PRN,STR
PRN,TXL
PRN,FRA
PRN,LJU
PRN,MUC
PRN,VCE
PRN,VRN
PRN,GVA
PRN,VIE
PRN,ZAG
PRN,SAW
PRN,CPH
PRN,LGW
PRN,IST
PRN,BSL
PSA,LHR
PSA,CDG
PSA,CTA
PSA,PRG
PSA,TIA
PSA,FCO
PSA,AHO
PSA,BDS
PSA,BRI
PSA,BUD
PSA,BVA
PSA,CAG
PSA,CRL
PSA,CRV
PSA,DUB
PSA,EDI
PSA,EIN
PSA,EMA
PSA,FEZ
PSA,FUE
PSA,GRO
PSA,HHN
PSA,KRK
PSA,LBC
PSA,LEJ
PSA,LPA
PSA,MAD
PSA,MLA
PSA,NRN
PSA,NUE
PSA,NYO
PSA,PMO
PSA,RAK
PSA,STN
PSA,SUF
PSA,SVQ
PSA,TFS
PSA,TPS
PSA,VLC
PSA,WMI
PSA,AMS
PSA,BCN
PSA,MUC
PSA,BRS
PSA,LGW
PSA,ORY
PSA,SXF
PSA,OTP
PSC,PDX
PSC,SEA
PSC,MSP
PSC,SLC
PSC,AZA
PSC,LAS
PSC,DEN
PSC,SFO
PSE,JFK
PSE,MCO
PSG,JNU
PSG,WRG
PSJ,UPG
PSO,BOG
PSO,CLO
PSP,DFW
PSP,SFO
PSP,PDX
PSP,SEA
PSP,SMF
PSP,SLC
PSP,DEN
PSP,BLI
PSP,MSP
PSP,IAH
PSP,LAS
PSP,LAX
PSP,PHX
PSP,YEG
PSP,YVR
PSP,YYC
PSR,LIN
PSR,BGY
PSR,BVA
PSR,CRL
PSR,GRO
PSR,HHN
PSR,STN
PSR,TIA
PSS,AEP
PSZ,SRZ
PTG,JNB
PTH,AKN
PTJ,HLT
PTP,ANU
PTP,FDF
PTP,SBH
PTP,SDQ
PTP,SFG
PTP,MIA
PTP,SJU
PTP,YUL
PTP,ORY
PTP,PAP
PTP,DOM
PTP,CDG
PTU,BET
PTY,BLA
PTY,MIA
PTY,CUN
PTY,GDL
PTY,MEX
PTY,MTY
PTY,BOG
PTY,MAR
PTY,AMS
PTY,ADZ
PTY,ASU
PTY,AUA
PTY,BAQ
PTY,BGA
PTY,BOS
PTY,BSB
PTY,CCS
PTY,CLO
PTY,CNF
PTY,COR
PTY,CTG
PTY,CUC
PTY,CUR
PTY,EWR
PTY,EZE
PTY,GIG
PTY,GRU
PTY,GUA
PTY,GYE
PTY,HAV
PTY,IAD
PTY,IAH
PTY,IQT
PTY,JFK
PTY,KIN
PTY,LAS
PTY,LAX
PTY,LIM
PTY,LIR
PTY,MAO
PTY,MBJ
PTY,MCO
PTY,MDE
PTY,MGA
PTY,MVD
PTY,NAS
PTY,ORD
PTY,PAP
PTY,PEI
PTY,POA
PTY,POS
PTY,PUJ
PTY,REC
PTY,SAL
PTY,SAP
PTY,SCL
PTY,SDQ
PTY,SJO
PTY,SJU
PTY,STI
PTY,SXM
PTY,TGU
PTY,UIO
PTY,VLN
PTY,VVI
PTY,YYZ
PTY,MAD
PTY,GCM
PTY,FLL
PUB,CVN
PUB,DEN
PUE,PAC
PUF,LYS
PUF,CDG
PUF,ORY
PUF,MRS
PUG,ADL
PUJ,EZE
PUJ,MIA
PUJ,DUS
PUJ,MUC
PUJ,TXL
PUJ,YUL
PUJ,YYZ
PUJ,CDG
PUJ,SDQ
PUJ,BOG
PUJ,BOS
PUJ,JFK
PUJ,SJU
PUJ,ANU
PUJ,PTY
PUJ,FRA
PUJ,VIE
PUJ,MAD
PUJ,BWI
PUJ,ORD
PUJ,PIT
PUJ,STL
PUJ,MDW
PUJ,CCS
PUJ,LIM
PUJ,SCL
PUJ,ZRH
PUJ,AMS
PUJ,MBJ
PUJ,SVO
PUJ,LGW
PUJ,YEG
PUJ,YQB
PUJ,YYC
PUJ,EWR
PUJ,IAD
PUJ,DME
PUJ,LED
PUJ,CLT
PUJ,PHL
PUJ,YHM
PUJ,YOW
PUJ,HAM
PUM,UPG
PUQ,PMC
PUQ,BBA
PUQ,SCL
PUQ,RGL
PUS,CEB
PUS,MNL
PUS,BKK
PUS,CJU
PUS,KKJ
PUS,NRT
PUS,FUK
PUS,HKG
PUS,KIX
PUS,MFM
PUS,REP
PUS,SJW
PUS,TAO
PUS,TPE
PUS,XIY
PUS,HGH
PUS,PEK
PUS,WEH
PUS,SHE
PUS,KUL
PUS,PVG
PUS,NGO
PUS,GMP
PUS,GUM
PUS,HAN
PUS,NKG
PUS,SGN
PUS,ICN
PUS,CAN
PUS,DYG
PUS,SPN
PUS,TOY
PUS,KLO
PUU,BOG
PUU,CLO
PUU,LQM
PUW,LWS
PUW,SEA
PUY,ZAD
PVA,ADZ
PVC,BOS
PVD,FLL
PVD,MCO
PVD,DTW
PVD,MSP
PVD,BWI
PVD,MDW
PVD,RDU
PVD,STL
PVD,TPA
PVD,TUS
PVD,CLE
PVD,CLT
PVD,EWR
PVD,IAD
PVD,ORD
PVD,DCA
PVD,PHL
PVG,KLO
PVG,CKG
PVG,CTU
PVG,SPN
PVG,MNL
PVG,KMG
PVG,BKK
PVG,CGQ
PVG,DLC
PVG,DYG
PVG,HKG
PVG,HKT
PVG,HRB
PVG,HSG
PVG,IBR
PVG,INC
PVG,KWE
PVG,KWL
PVG,MFM
PVG,NNG
PVG,PEK
PVG,REP
PVG,SHE
PVG,SYX
PVG,TAK
PVG,TAO
PVG,TSN
PVG,XMN
PVG,LAX
PVG,ORD
PVG,YVR
PVG,YYZ
PVG,CDG
PVG,DEL
PVG,TIJ
PVG,HEL
PVG,FCO
PVG,LHR
PVG,BWN
PVG,KHH
PVG,TPE
PVG,AKL
PVG,CAN
PVG,FRA
PVG,FUK
PVG,HET
PVG,IST
PVG,JJN
PVG,KHN
PVG,KIX
PVG,LHW
PVG,MEL
PVG,MUC
PVG,MXP
PVG,NGO
PVG,NRT
PVG,SFO
PVG,SYD
PVG,SZX
PVG,WNZ
PVG,XIY
PVG,AMS
PVG,CGO
PVG,CSX
PVG,DDG
PVG,DTW
PVG,HAK
PVG,ICN
PVG,JMU
PVG,KUL
PVG,MDG
PVG,NDG
PVG,SWA
PVG,URC
PVG,WUH
PVG,ZUH
PVG,JFK
PVG,SEA
PVG,DXB
PVG,AUH
PVG,DAD
PVG,JNZ
PVG,MIG
PVG,PUS
PVG,SHP
PVG,TOY
PVG,TSA
PVG,TVS
PVG,WXN
PVG,YCU
PVG,ZHA
PVG,CGK
PVG,RMQ
PVG,BAV
PVG,BHY
PVG,CJU
PVG,CNX
PVG,DOY
PVG,JIQ
PVG,SJW
PVG,TGO
PVG,YIH
PVG,CTS
PVG,FSZ
PVG,HIJ
PVG,KIJ
PVG,KMQ
PVG,KOJ
PVG,MYJ
PVG,NGS
PVG,OKA
PVG,OKJ
PVG,MLE
PVG,ZRH
PVG,BKI
PVG,MRU
PVG,ACX
PVG,DAT
PVG,DAX
PVG,DPS
PVG,FOC
PVG,HDG
PVG,HFE
PVG,HIA
PVG,HNL
PVG,JZH
PVG,LYI
PVG,LZO
PVG,MWX
PVG,NAO
PVG,NKG
PVG,PNH
PVG,SGN
PVG,SIN
PVG,SVO
PVG,TAE
PVG,TNA
PVG,TYN
PVG,XFN
PVG,XNN
PVG,YBP
PVG,YNJ
PVG,YNT
PVG,DOH
PVG,CPH
PVG,EWR
PVG,HAN
PVG,IKA
PVH,CGB
PVH,HUW
PVH,MAO
PVH,RBR
PVH,BSB
PVK,CFU
PVK,EFL
PVK,JSH
PVR,MEX
PVR,TLC
PVR,DFW
PVR,SAN
PVR,SFO
PVR,YVR
PVR,YYC
PVR,YYZ
PVR,GDL
PVR,LAX
PVR,MSP
PVR,SEA
PVR,SLC
PVR,DEN
PVR,YEG
PVR,YUL
PVR,EWR
PVR,IAH
PVR,ORD
PVR,PHX
PVR,MTY
PVR,YLW
PVR,YQQ
PVR,YQR
PVR,YWG
PVR,YXS
PVR,YXX
PVR,YYJ
PVR,TIJ
PVU,AZA
PVU,LAX
PVU,OAK
PWE,VKO
PWM,JFK
PWM,LGA
PWM,EWR
PWM,IAD
PWM,ORD
PWM,CLT
PWM,DCA
PWM,PHL
PWM,BWI
PWQ,ALA
PWQ,TSE
PWQ,DME
PXM,MEX
PXO,FNC
PXU,DAD
PXU,HAN
PXU,SGN
PYC,ACU
PYH,CCS
PYJ,YKS
PYY,CNX
PZB,JNB
PZH,DSK
PZH,UET
PZI,CKG
PZI,CTU
PZO,BLA
PZO,CCS
PZO,PMV
PZO,CAJ
PZO,SNV
PZU,KRT
PZU,CAI
PZU,JED
QBC,YAA
QBC,YVR
QCU,JEG
QCU,QJI
QFG,QOQ
QFI,QPW
QFN,JNN
QGQ,QPW
QJE,JEG
QJH,JJU
QJI,JCH
QJI,QCU
QMK,JEG
QOQ,JJU
QOW,ABV
QOW,LOS
QPW,JEG
QPW,QMK
QPW,QRY
QRO,DFW
QRO,MTY
QRO,IAH
QRO,CUN
QRO,TIJ
QRW,ABV
QRW,LOS
QRY,QFI
QSF,ALG
QSF,LYS
QSF,MRS
QSF,ORY
QSF,MLH
QUB,TIP
QUO,LOS
QUP,JAV
QUV,QFN
QUW,JJU
QUW,JNN
RAB,HKN
RAB,POM
RAB,BUA
RAB,CNS
RAB,KVG
RAE,JED
RAE,RUH
RAH,RUH
RAI,CMN
RAI,OXB
RAI,DKR
RAI,BJL
RAI,LPA
RAI,LIS
RAI,BOS
RAI,BVC
RAI,CDG
RAI,FOR
RAI,MMO
RAI,SFL
RAI,SID
RAI,VXE
RAJ,BOM
RAK,CGN
RAK,MRS
RAK,TLS
RAK,BOD
RAK,BRU
RAK,CMN
RAK,LYS
RAK,MUC
RAK,NCE
RAK,NTE
RAK,ORY
RAK,LGW
RAK,ARN
RAK,CPH
RAK,OSL
RAK,BGY
RAK,BVA
RAK,CIA
RAK,CRL
RAK,CUF
RAK,DLE
RAK,EIN
RAK,FKB
RAK,FMM
RAK,GRO
RAK,HHN
RAK,LTN
RAK,MAD
RAK,NRN
RAK,PSA
RAK,STN
RAK,SVQ
RAK,TUF
RAK,VLC
RAK,XCR
RAK,AGA
RAK,AMS
RAK,RTM
RAK,BCN
RAK,GVA
RAK,ZRH
RAK,LPA
RAK,BHX
RAK,LIL
RAK,MAN
RAK,LIS
RAK,BSL
RAK,CDG
RAK,MXP
RAK,SXF
RAO,VCP
RAO,CGH
RAO,GRU
RAO,BSB
RAO,GIG
RAO,GYN
RAO,PLU
RAO,SJP
RAO,UDI
RAO,CWB
RAO,SDU
RAP,DFW
RAP,MSP
RAP,SLC
RAP,AZA
RAP,LAS
RAP,DEN
RAP,ORD
RAR,AIT
RAR,AIU
RAR,MGS
RAR,MOI
RAR,MUK
RAR,PPT
RAR,AKL
RAR,LAX
RAR,SYD
RAS,MHD
RAS,AWZ
RAS,BND
RAS,PGU
RAS,SYZ
RAS,THR
RBA,CDG
RBA,CMN
RBA,ORY
RBA,BVA
RBA,CRL
RBA,GRO
RBA,MAD
RBA,MRS
RBB,MAO
RBQ,LPB
RBQ,TDD
RBR,PVH
RBR,BSB
RBR,CZS
RBV,HIR
RBV,MUA
RBY,FAI
RBY,GAL
RBY,TAL
RCB,JNB
RCE,DHB
RCE,FBS
RCH,AUA
RCH,BOG
RCM,HGD
RCM,JCK
RCY,NAS
RDC,CDJ
RDD,SFO
RDM,LAX
RDM,PDX
RDM,SEA
RDM,SLC
RDM,DEN
RDM,SFO
RDN,SZB
RDU,DCA
RDU,DFW
RDU,JFK
RDU,LAX
RDU,LGA
RDU,LHR
RDU,MIA
RDU,ORD
RDU,YYZ
RDU,BOS
RDU,FLL
RDU,BDL
RDU,BWI
RDU,CMH
RDU,CVG
RDU,DTW
RDU,IND
RDU,MCO
RDU,MEM
RDU,MSP
RDU,PHL
RDU,TPA
RDU,TTN
RDU,BNA
RDU,HOU
RDU,MCI
RDU,MDW
RDU,STL
RDU,CLE
RDU,CLT
RDU,EWR
RDU,IAD
RDU,IAH
RDU,SFO
RDU,PIT
RDU,DEN
RDU,LAS
RDU,PHX
RDV,SLQ
RDZ,ORY
RDZ,STN
RDZ,DCM
RDZ,LYS
REC,MIA
REC,AJU
REC,CNF
REC,CPV
REC,FEN
REC,FOR
REC,GRU
REC,JDO
REC,MCZ
REC,NAT
REC,SSA
REC,THE
REC,VCP
REC,PTY
REC,FRA
REC,BSB
REC,GIG
REC,PNZ
REC,LIS
REG,FCO
REG,LIN
REG,TRN
REG,VCE
REL,BHI
REL,BRC
REL,CRD
REL,EQS
REL,AEP
REL,EZE
REL,FTE
REL,USH
REN,TSE
REN,DME
REN,DYU
REN,LBD
REN,LED
REN,SVO
REP,SIN
REP,MNL
REP,PNH
REP,PVG
REP,KUL
REP,PUS
REP,CAN
REP,DMK
REP,TPE
REP,BKK
REP,CNX
REP,HAN
REP,KOS
REP,SGN
REP,HKG
REP,ICN
REP,DAD
REP,KMG
REP,LPQ
REP,PKZ
RES,AEP
RET,BOO
RET,LKN
REU,BRE
REU,CRL
REU,DUB
REU,EIN
REU,EMA
REU,HHN
REU,LPL
REU,LTN
REU,NRN
REU,PIK
REU,STN
REX,MEX
REX,CUN
REX,GDL
REX,VER
REX,PAZ
RFD,AZA
RFD,LAS
RFD,PGD
RFD,PIE
RFD,SFB
RFP,BOB
RFP,HUH
RFP,MAU
RFP,PPT
RGA,RGL
RGA,AEP
RGI,FAV
RGI,MVT
RGI,PPT
RGI,TIH
RGI,XMH
RGK,DME
RGL,CRD
RGL,RGA
RGL,USH
RGL,AEP
RGL,MPN
RGN,SIN
RGN,BKK
RGN,CAN
RGN,MDL
RGN,REP
RGN,CCU
RGN,GAY
RGN,KUL
RGN,KMG
RGN,TPE
RGN,DMK
RGN,MAQ
RGN,HEH
RGN,NYU
RGN,SNW
RGN,THL
RGN,TVY
RGN,HKG
RGN,ICN
RGN,NNG
RGN,NRT
RGN,DOH
RGN,HAN
RGN,SGN
RGN,KYP
RGS,BCN
RHD,AEP
RHI,IMT
RHI,MSP
RHO,ATH
RHO,SKG
RHO,NYO
RHO,HER
RHO,JKH
RHO,MJT
RHO,SMI
RHO,AOK
RHO,KGS
RHO,KZS
RIA,POA
RIA,GEL
RIA,URG
RIB,TDD
RIC,DFW
RIC,MIA
RIC,ORD
RIC,BOS
RIC,FLL
RIC,MCO
RIC,CVG
RIC,DTW
RIC,JFK
RIC,LGA
RIC,MSP
RIC,CLE
RIC,CLT
RIC,EWR
RIC,IAD
RIC,IAH
RIC,PHL
RIG,PET
RIG,POA
RIW,DEN
RIX,AYT
RIX,TFS
RIX,TBS
RIX,DUS
RIX,FRA
RIX,HAM
RIX,MUC
RIX,TXL
RIX,CDG
RIX,HEL
RIX,FCO
RIX,MXP
RIX,MSQ
RIX,AES
RIX,AMS
RIX,ARN
RIX,BCN
RIX,BGO
RIX,BLL
RIX,BRU
RIX,BUD
RIX,CPH
RIX,DME
RIX,KBP
RIX,KGD
RIX,KUN
RIX,LCA
RIX,LED
RIX,LGW
RIX,LPP
RIX,OSL
RIX,PLQ
RIX,PRG
RIX,SAW
RIX,SVG
RIX,SVO
RIX,TKU
RIX,TLL
RIX,TLV
RIX,VIE
RIX,VKO
RIX,VNO
RIX,WAW
RIX,ZRH
RIX,TRD
RIX,BGY
RIX,BRE
RIX,CRL
RIX,DUB
RIX,EMA
RIX,HHN
RIX,LBA
RIX,MAN
RIX,NRN
RIX,NYO
RIX,PIK
RIX,RYG
RIX,STN
RIX,JFK
RIX,TAS
RIX,IST
RIX,EIN
RIX,LTN
RIX,TRF
RIY,ADE
RIY,SAH
RIY,SCT
RIY,SHJ
RIY,CAI
RIY,DXB
RIY,JED
RIY,KWI
RJA,HYD
RJH,DAC
RJL,MAD
RKD,BOS
RKS,GCC
RKS,SLC
RKS,DEN
RKT,AMM
RKT,CAI
RKT,CCJ
RKT,DAC
RKT,DOH
RKT,JED
RKT,KTM
RKT,LHE
RKT,PEW
RKT,RUH
RKV,AEY
RKV,EGS
RKV,GOH
RKV,IFJ
RKV,KUS
RKV,FAE
RLG,CGN
RLG,STR
RLG,MUC
RLG,HRG
RLG,TFS
RLK,PEK
RLK,HET
RLK,INC
RLK,XIY
RMA,BNE
RMA,CTL
RMF,ZRH
RMF,DUS
RMF,VIE
RMF,HRG
RMF,CAI
RMI,TIA
RMI,DME
RMI,SVX
RMP,FAI
RMQ,CGO
RMQ,HAN
RMQ,HGH
RMQ,HKG
RMQ,KNH
RMQ,MFM
RMQ,MZG
RMQ,NGB
RMQ,OKA
RMQ,SGN
RMQ,CAN
RMQ,CSX
RMQ,NKG
RMQ,SZX
RMQ,XMN
RMQ,CGQ
RMQ,FOC
RMQ,HUN
RMQ,NNG
RMQ,PVG
RMQ,TAO
RMQ,TNA
RMT,PPT
RMT,RUR
RNA,HIR
RNA,IRA
RNB,BMA
RNB,ARN
RNL,BNY
RNL,HIR
RNN,CPH
RNO,DFW
RNO,LAX
RNO,ORD
RNO,PDX
RNO,SEA
RNO,SJC
RNO,SLC
RNO,DEN
RNO,LAS
RNO,STL
RNO,BLI
RNO,SFO
RNO,PHX
RNO,SAN
RNS,LYS
RNS,NCE
RNS,TLS
RNS,CDG
RNS,MRS
RNS,SOU
RNS,BOD
RNS,BCN
ROA,DTW
ROA,LGA
ROA,PIE
ROA,SFB
ROA,CLT
ROA,IAD
ROA,ORD
ROA,PHL
ROB,ACC
ROB,FNA
ROB,CMN
ROB,BRU
ROC,ORD
ROC,YYZ
ROC,JFK
ROC,DTW
ROC,LGA
ROC,MSP
ROC,BWI
ROC,MDW
ROC,TPA
ROC,CLE
ROC,EWR
ROC,IAD
ROC,BOS
ROC,CLT
ROC,DCA
ROC,PHL
ROC,MCO
ROI,DMK
ROK,BNE
ROK,GLT
ROK,MKY
ROK,TSV
ROO,ARU
ROO,CGB
ROO,MGF
ROP,GUM
ROP,SPN
ROR,NRT
ROR,TPE
ROR,ICN
ROR,GUM
ROR,MNL
ROR,YAP
ROS,AEP
ROS,SFN
ROT,AKL
ROT,CHC
ROT,WLG
ROV,KZN
ROV,NBC
ROV,EGO
ROV,KUF
ROV,VOG
ROV,VOZ
ROV,SCO
ROV,LED
ROV,DXB
ROV,TAS
ROV,PRG
ROV,VIE
ROV,EVN
ROV,DME
ROV,IST
ROV,LBD
ROV,SVO
ROV,TLV
ROV,DYU
ROV,VKO
ROW,DFW
RPR,CCU
RPR,DEL
RPR,HYD
RPR,IDR
RPR,BHO
RPR,BOM
RPR,VTZ
RRG,MRU
RRS,OSL
RSA,AEP
RSD,NAS
RSD,GGT
RSH,ANI
RSH,BET
RSH,KLG
RST,ORD
RST,MSP
RST,AZA
RSU,CJU
RSU,GMP
RSW,EYW
RSW,MCO
RSW,DFW
RSW,DUS
RSW,ORD
RSW,YYZ
RSW,BDL
RSW,BOS
RSW,BUF
RSW,EWR
RSW,HPN
RSW,JFK
RSW,LGA
RSW,CVG
RSW,DTW
RSW,MSP
RSW,DEN
RSW,TTN
RSW,BWI
RSW,CAK
RSW,CMH
RSW,DCA
RSW,FNT
RSW,GRR
RSW,IND
RSW,MKE
RSW,ACY
RSW,CLE
RSW,CLT
RSW,IAH
RSW,PHL
RSW,MDW
RSW,PIT
RSW,STL
RSW,YOW
RTA,NAN
RTB,BZE
RTB,MIA
RTB,TGU
RTB,LCE
RTB,SAP
RTB,SAL
RTB,IAH
RTM,LHR
RTM,LCY
RTM,AGP
RTM,ALC
RTM,BCN
RTM,BUD
RTM,EGC
RTM,FAO
RTM,FCO
RTM,MAD
RTM,NCE
RTM,PRG
RTM,RAK
RTM,SAW
RTM,VIE
RTM,VLC
RTM,MUC
RTW,DME
RTW,EVN
RTW,PRG
RTW,SVX
RUA,EBB
RUD,THR
RUH,BOM
RUH,CDG
RUH,CCJ
RUH,DEL
RUH,TRV
RUH,CAI
RUH,LHR
RUH,DAC
RUH,AUH
RUH,BAH
RUH,HKG
RUH,HBE
RUH,DXB
RUH,ADD
RUH,SHJ
RUH,ADE
RUH,SAH
RUH,TAI
RUH,KWI
RUH,ICN
RUH,JED
RUH,FRA
RUH,MUC
RUH,BEY
RUH,DOH
RUH,ISB
RUH,LHE
RUH,PEW
RUH,KHI
RUH,SKT
RUH,AMM
RUH,RKT
RUH,KRT
RUH,SIN
RUH,ABT
RUH,AHB
RUH,AJF
RUH,AQI
RUH,BHH
RUH,BLR
RUH,CAN
RUH,CGK
RUH,CMB
RUH,COK
RUH,DMM
RUH,DWD
RUH,EAM
RUH,ELQ
RUH,FCO
RUH,GIZ
RUH,GVA
RUH,HAS
RUH,HOF
RUH,HYD
RUH,IAD
RUH,IST
RUH,JFK
RUH,KUL
RUH,LKO
RUH,MAA
RUH,MCT
RUH,MED
RUH,MNL
RUH,MXP
RUH,RAE
RUH,RAH
RUH,SHW
RUH,SSH
RUH,TIF
RUH,TUI
RUH,TUU
RUH,ULH
RUH,URY
RUH,WAE
RUH,YNB
RUH,ATZ
RUH,HMB
RUH,HTY
RUH,SAW
RUN,MRU
RUN,ORY
RUN,DIE
RUN,TNR
RUN,MRS
RUN,CDG
RUN,DZA
RUN,JNB
RUN,MAA
RUN,NOS
RUN,TMM
RUR,PPT
RUR,RMT
RUR,TUB
RUS,HIR
RUT,BOS
RVD,VCP
RVE,BOG
RVE,TME
RVK,MQN
RVK,OSY
RVK,TRD
RVN,HEL
RVT,PER
RVV,PPT
RVV,TUB
RXS,MNL
RYG,BGO
RYG,CPH
RYG,SVG
RYG,TRD
RYG,AGP
RYG,ALC
RYG,LPA
RYG,TFS
RYG,BCN
RYG,BGY
RYG,BVA
RYG,CAG
RYG,CHQ
RYG,CIA
RYG,CRL
RYG,DUB
RYG,EDI
RYG,FAO
RYG,GDN
RYG,HHN
RYG,KRK
RYG,KUN
RYG,MAN
RYG,NRN
RYG,PFO
RYG,PMI
RYG,POZ
RYG,RIX
RYG,RZE
RYG,STN
RYG,SXF
RYG,TLL
RYG,TSF
RYG,VNO
RYG,WMI
RYG,WRO
RYK,KHI
RYK,LHE
RZE,BHX
RZE,BRS
RZE,DUB
RZE,EMA
RZE,LTN
RZE,MAN
RZE,RYG
RZE,STN
RZE,BVA
RZE,FCO
RZE,GDN
RZE,KRK
RZE,FRA
RZE,WAW
RZR,MHD
RZR,THR
SAB,SXM
SAE,IKE
SAE,UMD
SAF,DFW
SAF,LAX
SAF,DEN
SAH,DXB
SAH,AUH
SAH,AAY
SAH,ADE
SAH,AXK
SAH,GXF
SAH,HOD
SAH,RIY
SAH,TAI
SAH,BAH
SAH,ADD
SAH,AMM
SAH,ASM
SAH,BEY
SAH,CAI
SAH,JED
SAH,JIB
SAH,KRT
SAH,KWI
SAH,NBO
SAH,RUH
SAH,DOH
SAL,DFW
SAL,MIA
SAL,MEX
SAL,BOG
SAL,CLO
SAL,MCO
SAL,MDE
SAL,YYZ
SAL,MAD
SAL,PTY
SAL,CUN
SAL,MGA
SAL,SJO
SAL,FLL
SAL,BZE
SAL,EWR
SAL,GUA
SAL,GYE
SAL,HAV
SAL,IAD
SAL,IAH
SAL,JFK
SAL,LAX
SAL,LIM
SAL,LIR
SAL,ORD
SAL,RTB
SAL,SAP
SAL,SFO
SAL,TGU
SAL,UIO
SAN,BOS
SAN,DFW
SAN,JFK
SAN,LAX
SAN,LHR
SAN,MCO
SAN,MIA
SAN,NRT
SAN,ORD
SAN,PDX
SAN,PVR
SAN,SEA
SAN,STS
SAN,YYC
SAN,YYZ
SAN,BOI
SAN,DTW
SAN,FAT
SAN,HNL
SAN,LIH
SAN,MRY
SAN,MSP
SAN,OGG
SAN,SJD
SAN,SLC
SAN,IAH
SAN,DEN
SAN,BWI
SAN,HOU
SAN,LAS
SAN,MCI
SAN,OMA
SAN,IPL
SAN,CLT
SAN,EWR
SAN,IAD
SAN,PHL
SAN,SFO
SAN,DCA
SAN,PHX
SAN,ABQ
SAN,AUS
SAN,BNA
SAN,MDW
SAN,OAK
SAN,RNO
SAN,SAT
SAN,SJC
SAN,SMF
SAN,TUS
SAN,MEX
SAP,BZE
SAP,MIA
SAP,MEX
SAP,JFK
SAP,TGU
SAP,PTY
SAP,SJO
SAP,GUA
SAP,FLL
SAP,LCE
SAP,RTB
SAP,SAL
SAP,EWR
SAP,IAH
SAT,MEX
SAT,MTY
SAT,TLC
SAT,DFW
SAT,ORD
SAT,SEA
SAT,IAH
SAT,DTW
SAT,JFK
SAT,MEM
SAT,MSP
SAT,SLC
SAT,BNA
SAT,BWI
SAT,CUN
SAT,DAL
SAT,DEN
SAT,ELP
SAT,FLL
SAT,HOU
SAT,HRL
SAT,LAS
SAT,LAX
SAT,MCO
SAT,MDW
SAT,SAN
SAT,STL
SAT,TPA
SAT,EWR
SAT,IAD
SAT,SFO
SAT,CLT
SAT,PHL
SAT,PHX
SAV,DFW
SAV,DTW
SAV,LGA
SAV,EWR
SAV,IAD
SAV,IAH
SAV,ORD
SAV,CLT
SAV,DCA
SAV,PHL
SAW,CMN
SAW,CGN
SAW,DTM
SAW,HAJ
SAW,HAM
SAW,STR
SAW,TXL
SAW,DUS
SAW,MUC
SAW,NUE
SAW,SXF
SAW,RIX
SAW,IKA
SAW,DXB
SAW,SHJ
SAW,AMS
SAW,EIN
SAW,RTM
SAW,GYD
SAW,BEG
SAW,IGD
SAW,VAN
SAW,KWI
SAW,SIP
SAW,VIE
SAW,ADA
SAW,ADB
SAW,ALA
SAW,ARN
SAW,ASR
SAW,ATH
SAW,AYT
SAW,BAL
SAW,BCN
SAW,BEY
SAW,BGY
SAW,BJV
SAW,BLQ
SAW,BRU
SAW,BSL
SAW,BUS
SAW,CPH
SAW,DIY
SAW,DLM
SAW,DME
SAW,DNZ
SAW,DOH
SAW,DOK
SAW,EBU
SAW,ECN
SAW,ERC
SAW,ESB
SAW,EZS
SAW,FCO
SAW,FRU
SAW,GNY
SAW,GZP
SAW,GZT
SAW,HRK
SAW,HTY
SAW,KCM
SAW,KRR
SAW,KYA
SAW,LWO
SAW,MLX
SAW,MRS
SAW,MSR
SAW,MZH
SAW,NAV
SAW,OMS
SAW,ORY
SAW,OTP
SAW,PRN
SAW,SJJ
SAW,SKP
SAW,STN
SAW,TBS
SAW,TIA
SAW,TLV
SAW,TZX
SAW,VAS
SAW,ZRH
SAW,KBP
SAW,CDG
SAW,ERZ
SAW,FRA
SAW,KSY
SAW,LGW
SAW,MQM
SAW,MXP
SAW,LTN
SAW,BUD
SAW,JED
SAW,RUH
SAX,GHE
SBA,LAX
SBA,PDX
SBA,SEA
SBA,DEN
SBA,SFO
SBA,PHX
SBH,PTP
SBH,SFG
SBH,SXM
SBH,ANU
SBH,SJU
SBH,STT
SBN,DTW
SBN,MSP
SBN,AZA
SBN,LAS
SBN,PGD
SBN,PIE
SBN,SFB
SBN,ORD
SBP,LAX
SBP,SFO
SBP,PHX
SBW,JHB
SBW,KCH
SBW,KUL
SBW,BKI
SBW,BTU
SBW,MYY
SBY,CLT
SBY,PHL
SBZ,MUC
SBZ,VIE
SBZ,OTP
SCC,BTI
SCC,FAI
SCC,NUI
SCC,ANC
SCC,BRW
SCE,DTW
SCE,IAD
SCE,PHL
SCI,PAC
SCK,LAS
SCL,CCP
SCL,DFW
SCL,JFK
SCL,LIM
SCL,MIA
SCL,PMC
SCL,EZE
SCL,YYZ
SCL,CDG
SCL,MEX
SCL,AEP
SCL,MDZ
SCL,BOG
SCL,PTY
SCL,ANF
SCL,CJC
SCL,CPO
SCL,IQQ
SCL,LSC
SCL,ZCO
SCL,MAD
SCL,GIG
SCL,GRU
SCL,AKL
SCL,ARI
SCL,ASU
SCL,BBA
SCL,CCS
SCL,COR
SCL,CUN
SCL,GYE
SCL,IPC
SCL,MVD
SCL,PUJ
SCL,PUQ
SCL,SYD
SCL,ZOS
SCM,BET
SCN,PMI
SCN,TXL
SCN,HAM
SCN,LUX
SCO,AKX
SCO,ALA
SCO,ASF
SCO,CIT
SCO,DME
SCO,EVN
SCO,GUW
SCO,GYD
SCO,KBP
SCO,KRR
SCO,KZO
SCO,MCX
SCO,MRV
SCO,ROV
SCO,TBS
SCO,TSE
SCO,URA
SCO,IST
SCO,VKO
SCQ,ACE
SCQ,AGP
SCQ,ALC
SCQ,BCN
SCQ,HHN
SCQ,LPA
SCQ,MAD
SCQ,PMI
SCQ,STN
SCQ,SVQ
SCQ,TFS
SCQ,VLC
SCQ,BIO
SCQ,TFN
SCQ,BSL
SCQ,GVA
SCQ,LGW
SCT,RIY
SCU,HAV
SCU,PAP
SCU,SDQ
SCU,YUL
SCW,LED
SCW,SVO
SCW,SVX
SCW,NNM
SCW,PEX
SCW,UCT
SCW,USK
SCW,UTS
SCW,VKT
SCY,GYE
SCY,UIO
SCZ,HIR
SDD,LAD
SDD,VPE
SDD,WDH
SDE,AEP
SDF,DFW
SDF,MIA
SDF,ORD
SDF,DTW
SDF,JFK
SDF,LGA
SDF,MEM
SDF,MSP
SDF,BWI
SDF,MCO
SDF,MDW
SDF,CLE
SDF,DEN
SDF,EWR
SDF,IAD
SDF,IAH
SDF,CLT
SDF,DCA
SDF,PHL
SDF,LAS
SDF,PHX
SDF,STL
SDF,TPA
SDG,THR
SDJ,CTS
SDJ,TPE
SDJ,FUK
SDJ,HIJ
SDJ,ITM
SDJ,KMQ
SDJ,NGO
SDJ,GUM
SDJ,ICN
SDJ,NRT
SDJ,OKA
SDK,BKI
SDK,KUL
SDK,KUD
SDK,TWU
SDL,BMA
SDL,GOT
SDL,LLA
SDL,ARN
SDN,OSL
SDN,SOG
SDP,ANC
SDQ,FDF
SDQ,PTP
SDQ,SXM
SDQ,MIA
SDQ,CDG
SDQ,BOG
SDQ,BOS
SDQ,FLL
SDQ,JFK
SDQ,MCO
SDQ,SJU
SDQ,PTY
SDQ,HAV
SDQ,SCU
SDQ,FRA
SDQ,SJO
SDQ,GIG
SDQ,GRU
SDQ,PLS
SDQ,ANU
SDQ,LIM
SDQ,ORY
SDQ,EWR
SDQ,PHL
SDQ,MAD
SDR,ACE
SDR,BCN
SDR,BGY
SDR,BVA
SDR,CIA
SDR,CRL
SDR,HHN
SDR,LPA
SDR,MAD
SDR,PMI
SDR,STN
SDR,SVQ
SDR,TFS
SDR,VLC
SDU,BPS
SDU,CAW
SDU,CGH
SDU,CNF
SDU,CWB
SDU,GRU
SDU,GYN
SDU,MEA
SDU,POA
SDU,SJK
SDU,SSA
SDU,VCP
SDU,VIX
SDU,BSB
SDU,AJU
SDU,IOS
SDU,CFB
SDU,RAO
SDV,ETH
SDY,BIL
SDY,GDV
SEA,BOS
SEA,BUR
SEA,DEN
SEA,DFW
SEA,EWR
SEA,JFK
SEA,KTN
SEA,LAX
SEA,LGB
SEA,LHR
SEA,MCI
SEA,MCO
SEA,MIA
SEA,OAK
SEA,ONT
SEA,ORD
SEA,PEK
SEA,PHX
SEA,SAN
SEA,SFO
SEA,SJC
SEA,SMF
SEA,SNA
SEA,STL
SEA,YVR
SEA,YYZ
SEA,CDG
SEA,HNL
SEA,ALW
SEA,ANC
SEA,AUS
SEA,BIL
SEA,BLI
SEA,BOI
SEA,BZN
SEA,COS
SEA,DCA
SEA,EAT
SEA,EUG
SEA,FAI
SEA,FAT
SEA,FCA
SEA,FLL
SEA,GEG
SEA,GTF
SEA,IAH
SEA,JNU
SEA,KOA
SEA,LAS
SEA,LIH
SEA,LWS
SEA,MFR
SEA,MSO
SEA,MSP
SEA,OGG
SEA,OMA
SEA,PDX
SEA,PHL
SEA,PSC
SEA,PSP
SEA,PUW
SEA,PVR
SEA,RDM
SEA,RNO
SEA,SAT
SEA,SBA
SEA,SJD
SEA,SLC
SEA,STS
SEA,TUS
SEA,YEG
SEA,YKM
SEA,YLW
SEA,YYC
SEA,YYJ
SEA,DXB
SEA,TPE
SEA,AMS
SEA,CVG
SEA,DTW
SEA,HND
SEA,ICN
SEA,NRT
SEA,PVG
SEA,KEF
SEA,HOU
SEA,MKE
SEA,SJU
SEA,FRA
SEA,BFI
SEA,LKE
SEA,IAD
SEA,CLT
SEA,ABQ
SEA,MDW
SEB,BEN
SEB,TIP
SEB,TUN
SEB,SFA
SEB,CAI
SEB,HBE
SEN,DUB
SEN,AGP
SEN,ALC
SEN,AMS
SEN,BCN
SEN,BFS
SEN,EDI
SEN,FAO
SEN,JER
SEN,KRK
SEN,PMI
SEN,SXF
SEN,VCE
SEZ,AUH
SEZ,FRA
SEZ,DXB
SEZ,ADD
SEZ,JNB
SEZ,MRU
SEZ,PRI
SEZ,NBO
SFA,MRA
SFA,TIP
SFA,CDG
SFA,BEN
SFB,LGW
SFB,MAN
SFB,KEF
SFB,ABE
SFB,AVL
SFB,AVP
SFB,BGR
SFB,BLV
SFB,BMI
SFB,CHA
SFB,CID
SFB,DSM
SFB,ELM
SFB,FAR
SFB,FWA
SFB,GFK
SFB,GRR
SFB,GSO
SFB,GSP
SFB,HTS
SFB,IAG
SFB,LAN
SFB,LCK
SFB,LEX
SFB,LIT
SFB,MDT
SFB,MLI
SFB,OWB
SFB,PBG
SFB,PHF
SFB,RFD
SFB,ROA
SFB,SBN
SFB,SGF
SFB,SHV
SFB,TRI
SFB,TYS
SFB,XNA
SFB,YNG
SFB,MIA
SFG,PTP
SFG,SBH
SFJ,CNP
SFJ,CPH
SFJ,GOH
SFJ,JAV
SFJ,JEG
SFJ,JHS
SFJ,JSU
SFJ,UAK
SFL,RAI
SFN,AEP
SFO,DFW
SFO,HKG
SFO,HND
SFO,JFK
SFO,LAX
SFO,LHR
SFO,LIM
SFO,MIA
SFO,ORD
SFO,PDX
SFO,PSP
SFO,PVR
SFO,SEA
SFO,YEG
SFO,YUL
SFO,YVR
SFO,YYC
SFO,YYJ
SFO,YYZ
SFO,CDG
SFO,ICN
SFO,MEX
SFO,SJD
SFO,AUS
SFO,BOS
SFO,DXB
SFO,FLL
SFO,LGB
SFO,TPE
SFO,PEK
SFO,PVG
SFO,IAH
SFO,AMS
SFO,CVG
SFO,DTW
SFO,HNL
SFO,MSP
SFO,NRT
SFO,SLC
SFO,DEN
SFO,LAS
SFO,MDW
SFO,MKE
SFO,PHX
SFO,SNA
SFO,FRA
SFO,MUC
SFO,ZRH
SFO,KIX
SFO,AKL
SFO,GDL
SFO,SYD
SFO,MNL
SFO,CPH
SFO,SAL
SFO,ABQ
SFO,ACV
SFO,BFL
SFO,BOI
SFO,BUR
SFO,BWI
SFO,CEC
SFO,CIC
SFO,CLE
SFO,CLT
SFO,COS
SFO,CUN
SFO,DCA
SFO,EUG
SFO,EWR
SFO,FAT
SFO,IAD
SFO,KOA
SFO,LIH
SFO,LMT
SFO,MCI
SFO,MCO
SFO,MFR
SFO,MOD
SFO,MRY
SFO,OGG
SFO,OKC
SFO,ONT
SFO,OTH
SFO,PHL
SFO,PIT
SFO,PSC
SFO,RDD
SFO,RDM
SFO,RDU
SFO,RNO
SFO,SAN
SFO,SAT
SFO,SBA
SFO,SBP
SFO,SMF
SFO,STL
SFO,TUS
SFT,GRO
SFT,ARN
SGC,FRU
SGC,OSS
SGC,DME
SGC,SVO
SGC,EYK
SGC,HMA
SGC,YMK
SGC,TOF
SGD,CPH
SGF,DFW
SGF,ORD
SGF,AZA
SGF,LAS
SGF,PIE
SGF,SFB
SGF,DEN
SGG,AGM
SGN,SIN
SGN,NNG
SGN,MNL
SGN,NRT
SGN,RMQ
SGN,CDG
SGN,KUL
SGN,FRA
SGN,KHH
SGN,BMV
SGN,DAD
SGN,HAN
SGN,HPH
SGN,VII
SGN,TPE
SGN,PEK
SGN,HKG
SGN,CAN
SGN,DXB
SGN,AUH
SGN,DMK
SGN,FUK
SGN,KIX
SGN,PNH
SGN,REP
SGN,ALA
SGN,ICN
SGN,PUS
SGN,BKK
SGN,PVG
SGN,MEL
SGN,SYD
SGN,DOH
SGN,PKZ
SGN,SVO
SGN,CXR
SGN,HUI
SGN,PQC
SGN,UIH
SGN,CAH
SGN,CGK
SGN,DLI
SGN,DME
SGN,LGW
SGN,NGO
SGN,PXU
SGN,RGN
SGN,TBB
SGN,THD
SGN,VCL
SGN,VCS
SGN,VDH
SGN,VKG
SGO,CMA
SGO,TWB
SGU,SLC
SGU,DEN
SGY,HNS
SGY,JNU
SHA,YIC
SHA,CAN
SHA,CGD
SHA,CKG
SHA,CSX
SHA,CTU
SHA,HJJ
SHA,JIQ
SHA,JJN
SHA,KMG
SHA,LHW
SHA,MIG
SHA,SHE
SHA,SJW
SHA,SWA
SHA,SYX
SHA,SZX
SHA,TAO
SHA,URC
SHA,XIY
SHA,XMN
SHA,ZUH
SHA,ZYI
SHA,TSA
SHA,HND
SHA,JDZ
SHA,KWE
SHA,MFM
SHA,PEK
SHA,TNA
SHA,TSN
SHA,YNT
SHA,HKG
SHA,CGO
SHA,KWL
SHA,NNG
SHA,NNY
SHA,BAV
SHA,FOC
SHA,FUG
SHA,GMP
SHA,HAK
SHA,HET
SHA,JGS
SHA,JHG
SHA,JNG
SHA,LJG
SHA,LYG
SHA,LYI
SHA,TXN
SHA,TYN
SHA,WEH
SHA,WNZ
SHA,WUH
SHA,YIH
SHA,BFJ
SHA,CIH
SHA,INC
SHA,JUH
SHA,LCX
SHA,BHY
SHA,HIA
SHA,JIU
SHA,KHN
SHA,KOW
SHA,LYA
SHA,WUS
SHA,XUZ
SHB,CTS
SHB,HND
SHC,GDQ
SHC,MQX
SHD,IAD
SHE,CSX
SHE,CTU
SHE,DSN
SHE,NGB
SHE,TYN
SHE,XUZ
SHE,YVR
SHE,HGH
SHE,LYA
SHE,NKG
SHE,PVG
SHE,SHA
SHE,SJW
SHE,XIY
SHE,XMN
SHE,TPE
SHE,CAN
SHE,NBS
SHE,CGO
SHE,CZX
SHE,FRA
SHE,HET
SHE,MFM
SHE,NRT
SHE,NTG
SHE,PEK
SHE,SZX
SHE,TAO
SHE,TNA
SHE,WEH
SHE,WNZ
SHE,WUH
SHE,WUX
SHE,BAV
SHE,CJU
SHE,CKG
SHE,HKG
SHE,ICN
SHE,JXA
SHE,KIX
SHE,KWL
SHE,LHW
SHE,NGO
SHE,NZH
SHE,PUS
SHE,SYX
SHE,TSN
SHE,YIW
SHE,YNT
SHE,JNG
SHE,LYG
SHE,CIF
SHE,DAT
SHE,HLH
SHE,JMU
SHE,MDG
SHE,KHN
SHE,FNJ
SHE,HIA
SHE,HFE
SHG,OBU
SHH,OME
SHH,WAA
SHJ,COK
SHJ,CCJ
SHJ,TRV
SHJ,ADE
SHJ,RIY
SHJ,ALA
SHJ,AMD
SHJ,AMM
SHJ,ATZ
SHJ,BAH
SHJ,BEY
SHJ,BGW
SHJ,BLR
SHJ,BOM
SHJ,BSR
SHJ,CGP
SHJ,CJB
SHJ,CMB
SHJ,DAC
SHJ,DEL
SHJ,DME
SHJ,DMM
SHJ,DOH
SHJ,DOK
SHJ,EBL
SHJ,ELQ
SHJ,EVN
SHJ,GOI
SHJ,HRK
SHJ,IKA
SHJ,JAI
SHJ,JED
SHJ,KBL
SHJ,KBP
SHJ,KHI
SHJ,KRT
SHJ,KTM
SHJ,KWI
SHJ,KZN
SHJ,MAA
SHJ,MCT
SHJ,MED
SHJ,NAG
SHJ,NBO
SHJ,NJF
SHJ,ODS
SHJ,PEW
SHJ,ROV
SHJ,RUH
SHJ,SAW
SHJ,SKT
SHJ,SLL
SHJ,SVX
SHJ,SYZ
SHJ,TIF
SHJ,YNB
SHJ,TAS
SHJ,CAI
SHJ,TUK
SHJ,AUH
SHJ,LKO
SHJ,PNQ
SHJ,VNS
SHJ,HGA
SHL,CCU
SHM,HND
SHP,PVG
SHP,DLC
SHP,SJW
SHP,TAO
SHR,DEN
SHV,DFW
SHV,LAS
SHV,SFB
SHV,DEN
SHV,IAH
SHW,JED
SHW,RUH
SHX,ANI
SHX,KGX
SIC,PAC
SID,AMS
SID,BJL
SID,LUX
SID,BHX
SID,LGW
SID,MAN
SID,ORY
SID,LIS
SID,BGY
SID,BVC
SID,CDG
SID,RAI
SID,SNE
SID,VXE
SID,BSL
SID,HAM
SID,LPA
SIN,MNL
SIN,BKK
SIN,CAN
SIN,HAK
SIN,HGH
SIN,HKG
SIN,HKT
SIN,KUL
SIN,PEN
SIN,PER
SIN,PNH
SIN,REP
SIN,RGN
SIN,SGN
SIN,SWA
SIN,TPE
SIN,CEB
SIN,CRK
SIN,ILO
SIN,MAA
SIN,BOM
SIN,DEL
SIN,NRT
SIN,AUH
SIN,BNE
SIN,CDG
SIN,CCU
SIN,ICN
SIN,BKI
SIN,KCH
SIN,LGK
SIN,MYY
SIN,HEL
SIN,LHR
SIN,SYD
SIN,DAC
SIN,BWN
SIN,CTU
SIN,PEK
SIN,SZX
SIN,KHH
SIN,SUB
SIN,CMB
SIN,KLO
SIN,DXB
SIN,MEL
SIN,USM
SIN,DMK
SIN,IPH
SIN,KUA
SIN,SZB
SIN,BDO
SIN,BPN
SIN,CGK
SIN,DPS
SIN,LOP
SIN,PLM
SIN,SOC
SIN,HFE
SIN,TRZ
SIN,TOD
SIN,HND
SIN,AKL
SIN,DRW
SIN,AMS
SIN,FRA
SIN,ZRH
SIN,FOC
SIN,XMN
SIN,BLR
SIN,CJB
SIN,CKG
SIN,CNX
SIN,COK
SIN,CSX
SIN,DAD
SIN,DIL
SIN,DVO
SIN,HAN
SIN,HYD
SIN,KMG
SIN,KTM
SIN,MDC
SIN,PKU
SIN,SRG
SIN,TRV
SIN,UPG
SIN,VTZ
SIN,WUH
SIN,NKG
SIN,NNG
SIN,PVG
SIN,FUK
SIN,KIX
SIN,NGO
SIN,POM
SIN,DOH
SIN,VTE
SIN,JOG
SIN,JNB
SIN,CPH
SIN,ADL
SIN,AMD
SIN,BCN
SIN,CHC
SIN,DME
SIN,EWR
SIN,FCO
SIN,IST
SIN,MLE
SIN,MUC
SIN,MXP
SIN,RUH
SIN,HDY
SIN,KBV
SIN,LJG
SIN,MFM
SIN,OOL
SIN,TAO
SIN,TSN
SIP,SVO
SIP,TAS
SIP,GYD
SIP,IST
SIP,DME
SIP,IEV
SIP,SAW
SIP,TLV
SIP,KBP
SIT,JNU
SIT,KTN
SJC,DFW
SJC,GDL
SJC,HNL
SJC,KOA
SJC,LAX
SJC,LIH
SJC,OGG
SJC,ORD
SJC,PDX
SJC,SEA
SJC,SJD
SJC,BOI
SJC,RNO
SJC,BOS
SJC,JFK
SJC,MSP
SJC,SLC
SJC,AUS
SJC,LAS
SJC,MDW
SJC,SAN
SJC,NRT
SJC,DEN
SJC,IAH
SJC,PHX
SJC,BUR
SJC,ONT
SJC,SNA
SJD,GDL
SJD,MEX
SJD,TLC
SJD,DFW
SJD,LAX
SJD,ORD
SJD,YVR
SJD,YYC
SJD,SFO
SJD,SJC
SJD,SAN
SJD,SEA
SJD,SLC
SJD,DEN
SJD,SNA
SJD,EWR
SJD,IAD
SJD,IAH
SJD,CLT
SJD,PHX
SJD,CUL
SJD,MTY
SJD,YEG
SJD,YLW
SJD,TIJ
SJE,BOG
SJI,MNL
SJJ,CGN
SJJ,STR
SJJ,ARN
SJJ,BNX
SJJ,CPH
SJJ,IST
SJJ,LJU
SJJ,BEG
SJJ,MUC
SJJ,VIE
SJJ,ZAG
SJJ,SAW
SJK,PLU
SJK,SDU
SJL,TFF
SJO,MEX
SJO,DAV
SJO,DFW
SJO,MIA
SJO,YYZ
SJO,BOG
SJO,FLL
SJO,MCO
SJO,GUA
SJO,MGA
SJO,PTY
SJO,SAP
SJO,TGU
SJO,SDQ
SJO,LAX
SJO,MAD
SJO,CCS
SJO,CLT
SJO,DRK
SJO,FON
SJO,GLF
SJO,LIM
SJO,LIR
SJO,PJM
SJO,PMZ
SJO,SAL
SJO,TMU
SJO,TNO
SJO,XQP
SJO,EWR
SJO,IAD
SJO,IAH
SJO,ORD
SJP,CGB
SJP,VCP
SJP,CGH
SJP,GRU
SJP,RAO
SJP,BSB
SJT,DFW
SJU,AXA
SJU,EIS
SJU,MAZ
SJU,NEV
SJU,STT
SJU,STX
SJU,VQS
SJU,CCS
SJU,DFW
SJU,DOM
SJU,FDF
SJU,JFK
SJU,MIA
SJU,ORD
SJU,PTP
SJU,VIJ
SJU,BOG
SJU,BDL
SJU,BOS
SJU,DCA
SJU,EWR
SJU,FLL
SJU,JAX
SJU,MCO
SJU,PBI
SJU,PUJ
SJU,SDQ
SJU,STI
SJU,SXM
SJU,TPA
SJU,PTY
SJU,FRA
SJU,BWI
SJU,DAL
SJU,ANU
SJU,SBH
SJU,IAD
SJU,IAH
SJU,CLT
SJU,PHL
SJU,YYZ
SJW,CTU
SJW,CAN
SJW,CKG
SJW,DLC
SJW,HET
SJW,HGH
SJW,KMG
SJW,KWL
SJW,SHA
SJW,SHE
SJW,SZX
SJW,XMN
SJW,PUS
SJW,INC
SJW,TAO
SJW,YNT
SJW,BAV
SJW,BHY
SJW,CSX
SJW,HRB
SJW,SYX
SJW,URC
SJW,TPE
SJW,SHP
SJW,DSN
SJW,HFE
SJW,KHN
SJW,TNA
SJW,TSN
SJW,WUX
SJW,XIY
SJW,ZQZ
SJW,PVG
SJW,CGQ
SJW,LHW
SJW,NKG
SJW,NGB
SJW,TVS
SJW,WNZ
SJZ,TER
SKB,JFK
SKB,MIA
SKB,ANU
SKB,SXM
SKB,CLT
SKB,NEV
SKD,DME
SKD,KGD
SKD,LED
SKD,KZN
SKD,TAS
SKD,KJA
SKD,SVX
SKE,BGO
SKG,CGN
SKG,STR
SKG,CFU
SKG,JKH
SKG,KLX
SKG,SMI
SKG,ATH
SKG,CHQ
SKG,DME
SKG,DUS
SKG,FRA
SKG,HER
SKG,LCA
SKG,MJT
SKG,MUC
SKG,RHO
SKG,BGY
SKG,CIA
SKG,CRL
SKG,FKB
SKG,HHN
SKG,NRN
SKG,NYO
SKG,PFO
SKG,STN
SKG,LXS
SKG,SKU
SKG,BEG
SKG,VIE
SKG,OTP
SKG,IST
SKG,LGW
SKG,MAN
SKG,SXF
SKK,KKA
SKK,OME
SKK,UNK
SKN,ANX
SKN,BOO
SKN,SVJ
SKN,TOS
SKO,ABV
SKP,DXB
SKP,LJU
SKP,BEG
SKP,FCO
SKP,ZRH
SKP,VIE
SKP,ZAG
SKP,SAW
SKP,IST
SKP,BGY
SKP,DTM
SKP,EIN
SKP,FMM
SKP,GSE
SKP,LTN
SKP,MLH
SKP,MMX
SKP,NYO
SKP,TSF
SKT,DXB
SKT,SHJ
SKT,MCT
SKT,ISB
SKT,JED
SKT,KHI
SKT,KWI
SKT,RUH
SKU,ATH
SKU,SKG
SKX,DME
SKZ,ISB
SKZ,KHI
SKZ,LHE
SKZ,MJD
SLA,AEP
SLA,COR
SLA,IGR
SLA,MDZ
SLC,DFW
SLC,LAX
SLC,ORD
SLC,CDG
SLC,PDX
SLC,SAN
SLC,SEA
SLC,JFK
SLC,LGB
SLC,ABQ
SLC,AUS
SLC,BIL
SLC,BNA
SLC,BOI
SLC,BOS
SLC,BTM
SLC,BUR
SLC,BWI
SLC,BZN
SLC,CDC
SLC,CLT
SLC,COD
SLC,COS
SLC,CPR
SLC,CVG
SLC,DCA
SLC,DEN
SLC,DTW
SLC,EKO
SLC,EUG
SLC,EWR
SLC,FAR
SLC,FAT
SLC,FCA
SLC,GCC
SLC,GEG
SLC,GJT
SLC,GTF
SLC,HLN
SLC,HNL
SLC,IAH
SLC,IDA
SLC,IND
SLC,JAC
SLC,LAS
SLC,LWS
SLC,MCI
SLC,MCO
SLC,MEM
SLC,MFR
SLC,MSN
SLC,MSO
SLC,MSP
SLC,OAK
SLC,OKC
SLC,OMA
SLC,ONT
SLC,PHL
SLC,PHX
SLC,PIH
SLC,PSC
SLC,PSP
SLC,PVR
SLC,RAP
SLC,RDM
SLC,RKS
SLC,RNO
SLC,SAT
SLC,SFO
SLC,SGU
SLC,SJC
SLC,SJD
SLC,SMF
SLC,SNA
SLC,STL
SLC,SUN
SLC,TUL
SLC,TUS
SLC,TWF
SLC,YVR
SLC,YYC
SLC,CUN
SLC,MDW
SLC,TPA
SLC,IAD
SLH,MTV
SLH,SON
SLH,ZGU
SLI,LUN
SLI,NLA
SLK,BOS
SLL,DXB
SLL,SHJ
SLL,CCJ
SLL,COK
SLL,TRV
SLL,DOH
SLL,JED
SLL,MCT
SLM,BCN
SLN,MCI
SLP,DFW
SLP,MEX
SLP,IAH
SLP,TIJ
SLQ,ANI
SLQ,SRV
SLU,FDF
SLU,POS
SLU,ANU
SLU,BGI
SLU,DOM
SLU,SVD
SLW,MEX
SLW,IAH
SLW,PDS
SLX,GDT
SLX,PLS
SLY,DME
SLY,NOJ
SLY,NUX
SLY,NYM
SLY,SVX
SLY,TJM
SLY,TQL
SLZ,CNF
SLZ,THE
SLZ,BEL
SLZ,BSB
SLZ,FOR
SLZ,GIG
SLZ,GRU
SLZ,IMP
SMA,PDL
SMF,DFW
SMF,LAX
SMF,OGG
SMF,SEA
SMF,GDL
SMF,BOI
SMF,PDX
SMF,PSP
SMF,JFK
SMF,LGB
SMF,MSP
SMF,SLC
SMF,DEN
SMF,MHT
SMF,PHX
SMF,PNS
SMF,HNL
SMF,ACV
SMF,IAD
SMF,IAH
SMF,ORD
SMF,SFO
SMF,BUR
SMF,LAS
SMF,MDW
SMF,ONT
SMF,SAN
SMF,SNA
SMI,SKG
SMI,ATH
SMI,JKH
SMI,MJT
SMI,RHO
SMK,UNK
SMK,WBB
SML,NAS
SMQ,SRG
SMR,BOG
SMR,MDE
SMS,TMM
SMS,TNR
SMX,LAS
SMX,LAX
SNA,GDL
SNA,MEX
SNA,DFW
SNA,ORD
SNA,PDX
SNA,SEA
SNA,IAH
SNA,MSP
SNA,SLC
SNA,DEN
SNA,FLL
SNA,LAS
SNA,PHX
SNA,SFO
SNA,SJD
SNA,SMF
SNA,EWR
SNA,HOU
SNA,OAK
SNA,SJC
SNA,YVR
SNE,SID
SNE,VXE
SNN,GLA
SNN,ACE
SNN,BHX
SNN,BOS
SNN,EDI
SNN,JFK
SNN,LHR
SNN,MAN
SNN,AGP
SNN,LGW
SNN,LPL
SNN,NTE
SNN,STN
SNN,WRO
SNN,EWR
SNO,DMK
SNP,ANC
SNP,STG
SNU,YUL
SNU,YYZ
SNU,HAV
SNU,MBJ
SNV,PZO
SNW,AKY
SNW,RGN
SOC,KUL
SOC,CGK
SOC,SIN
SOC,BDJ
SOC,PKN
SOF,ATH
SOF,LHR
SOF,TXL
SOF,CDG
SOF,FCO
SOF,MXP
SOF,LCA
SOF,PFO
SOF,AGP
SOF,AMS
SOF,BCN
SOF,BRU
SOF,FRA
SOF,MAD
SOF,OTP
SOF,PMI
SOF,PRG
SOF,SVO
SOF,TLV
SOF,VAR
SOF,VIE
SOF,WAW
SOF,ZRH
SOF,MUC
SOF,IST
SOF,LGW
SOF,MAN
SOF,STN
SOF,SXF
SOF,BGY
SOF,BLQ
SOF,BVA
SOF,CRL
SOF,DTM
SOF,DWC
SOF,EIN
SOF,HHN
SOF,LTN
SOF,VLC
SOF,IEV
SOG,BGO
SOG,HOV
SOG,OSL
SOG,SDN
SOJ,HFT
SOJ,TOS
SOM,CCS
SON,BNE
SON,LNE
SON,LOD
SON,MTV
SON,MWF
SON,NUS
SON,SLH
SON,SSR
SON,VLI
SON,WLH
SON,ZGU
SOQ,MKW
SOQ,UPG
SOQ,AMQ
SOQ,BXB
SOQ,FKQ
SOQ,MDC
SOQ,TIM
SOQ,DJJ
SOU,EGC
SOU,LIG
SOU,NTE
SOU,ORY
SOU,RNS
SOU,AGP
SOU,ALC
SOU,AMS
SOU,BHD
SOU,DUB
SOU,EDI
SOU,GCI
SOU,GLA
SOU,HAJ
SOU,JER
SOU,LBA
SOU,MAN
SOU,NCL
SOU,ACI
SOU,ABZ
SOU,MME
SOW,PHX
SOY,KOI
SOY,NDY
SPB,SSB
SPC,DUS
SPC,TXL
SPC,FRA
SPC,HAM
SPC,LPA
SPC,MUC
SPC,STR
SPC,AMS
SPC,MAD
SPC,TFN
SPD,DAC
SPI,ORD
SPN,CAN
SPN,PVG
SPN,NRT
SPN,ICN
SPN,KIX
SPN,PUS
SPN,KHV
SPN,GUM
SPN,ROP
SPP,LAD
SPP,VPE
SPR,BZE
SPR,CUK
SPR,CZH
SPR,TZA
SPS,DFW
SPU,CGN
SPU,STR
SPU,FRA
SPU,MUC
SPU,FCO
SPU,ZAG
SQS,BZE
SQS,TZA
SRA,GEL
SRE,CBB
SRE,LPB
SRE,VVI
SRE,TJA
SRG,KUL
SRG,CGK
SRG,DPS
SRG,SUB
SRG,PKN
SRG,BDJ
SRG,BPN
SRG,BTH
SRG,SIN
SRI,BPN
SRI,DTD
SRI,LPU
SRK,NAQ
SRP,MOL
SRP,OSL
SRP,FAE
SRQ,YYZ
SRQ,BOS
SRQ,JFK
SRQ,LGA
SRQ,ORD
SRQ,CLT
SRQ,DCA
SRV,ANI
SRX,TIP
SRY,AWZ
SRY,MHD
SRY,SYZ
SRY,BND
SRZ,BYC
SRZ,LPB
SRZ,ORU
SRZ,PSZ
SRZ,TDD
SSA,MIA
SSA,LAZ
SSA,AJU
SSA,BPS
SSA,BRA
SSA,CNF
SSA,GRU
SSA,IOS
SSA,JPA
SSA,LEC
SSA,PNZ
SSA,REC
SSA,SDU
SSA,VCP
SSA,VDC
SSA,VIX
SSA,AEP
SSA,FRA
SSA,BSB
SSA,CGH
SSA,CPV
SSA,FOR
SSA,GIG
SSA,MCZ
SSA,NAT
SSA,CWB
SSA,LIS
SSA,MAD
SSB,SPB
SSG,DLA
SSG,CMN
SSG,LBV
SSG,BSG
SSG,COO
SSG,ADD
SSG,MAD
SSG,ABV
SSH,ZRH
SSH,CGN
SSH,MUC
SSH,AMS
SSH,KWI
SSH,CAI
SSH,HBE
SSH,IST
SSH,JED
SSH,VIE
SSH,AMM
SSH,RUH
SSH,LGW
SSH,NCL
SSH,BHX
SSH,LTN
SSH,MAN
SSH,GVA
SSH,MXP
SSH,STN
SSJ,BNN
SSJ,BOO
SSJ,OSL
SSJ,TRD
SSR,SON
SSY,LAD
STC,AZA
STD,CCS
STD,PMV
STG,ANC
STG,SNP
STI,MIA
STI,BOS
STI,JFK
STI,SJU
STI,PTY
STI,PLS
STI,FLL
STL,BRL
STL,DEC
STL,JBR
STL,CGI
STL,IRK
STL,MWA
STL,OWB
STL,TBN
STL,UIN
STL,DCA
STL,DFW
STL,LAX
STL,LGA
STL,MIA
STL,ORD
STL,SEA
STL,YYZ
STL,CVG
STL,DTW
STL,JFK
STL,MSP
STL,SLC
STL,CUN
STL,DEN
STL,PUJ
STL,BNA
STL,BOS
STL,BWI
STL,CMH
STL,DAL
STL,MCI
STL,MCO
STL,MDW
STL,MKE
STL,OKC
STL,OMA
STL,PHL
STL,PHX
STL,RDU
STL,SAT
STL,SDF
STL,TPA
STL,TUL
STL,CLE
STL,CLT
STL,EWR
STL,IAD
STL,IAH
STL,PIT
STL,SFO
STL,BHM
STL,FLL
STL,GRR
STL,HOU
STL,LAS
STL,RSW
STM,ATM
STM,BEL
STM,ITB
STM,MAO
STM,TMT
STM,MEU
STM,MTE
STM,ORX
STN,CGN
STN,HAJ
STN,STR
STN,KIV
STN,DUS
STN,AAR
STN,ACE
STN,AGP
STN,AHO
STN,ALC
STN,AOI
STN,BCN
STN,BDS
STN,BGY
STN,BIQ
STN,BLL
STN,BLQ
STN,BRE
STN,BRI
STN,BRQ
STN,BTS
STN,BUD
STN,BZG
STN,CCF
STN,CFU
STN,CHQ
STN,CIA
STN,CIY
STN,DLE
STN,DNR
STN,DUB
STN,EGC
STN,EIN
STN,FAO
STN,FEZ
STN,FKB
STN,FMM
STN,FUE
STN,GDN
STN,GOA
STN,GRO
STN,GSE
STN,HAU
STN,HHN
STN,KGS
STN,KIR
STN,KLU
STN,KRK
STN,KTW
STN,KUN
STN,LCJ
STN,LDE
STN,LDY
STN,LEI
STN,LEJ
STN,LIG
STN,LNZ
STN,LPA
STN,LRH
STN,LUZ
STN,MAD
STN,MJV
STN,MLA
STN,MMX
STN,MRS
STN,MST
STN,NOC
STN,NRN
STN,NUE
STN,NYO
STN,OPO
STN,ORK
STN,OSR
STN,PDV
STN,PEG
STN,PFO
STN,PGF
STN,PIS
STN,PMF
STN,PMI
STN,PMO
STN,POZ
STN,PSA
STN,PSR
STN,RAK
STN,RDZ
STN,REU
STN,RIX
STN,RYG
STN,RZE
STN,SCQ
STN,SDR
STN,SKG
STN,SNN
STN,SUF
STN,SVQ
STN,SXB
STN,SXF
STN,SZG
STN,SZZ
STN,TFS
STN,TLL
STN,TMP
STN,TRF
STN,TRN
STN,TRS
STN,TSF
STN,TUF
STN,VLC
STN,VNO
STN,VST
STN,WMI
STN,WRO
STN,XRY
STN,ZAZ
STN,GCI
STN,TIA
STN,ADB
STN,SAW
STN,AMS
STN,BFS
STN,BIO
STN,CAG
STN,CPH
STN,DLM
STN,EDI
STN,GLA
STN,LJU
STN,LYS
STN,MUC
STN,NAP
STN,NCE
STN,OVD
STN,PRG
STN,SOF
STN,SSH
STR,ADA
STR,AGP
STR,BCN
STR,BEG
STR,BRE
STR,BRI
STR,BRU
STR,BUD
STR,CTA
STR,DRS
STR,FCO
STR,HAJ
STR,HAM
STR,LEJ
STR,LHR
STR,LPA
STR,MXP
STR,PMI
STR,PRN
STR,RLG
STR,SJJ
STR,SKG
STR,SPU
STR,STN
STR,TXL
STR,VIE
STR,VKO
STR,ZAG
STR,LYS
STR,ALC
STR,AYT
STR,DUS
STR,FLR
STR,NAP
STR,PMO
STR,SAW
STR,TFS
STR,VCE
STR,CDG
STR,AMS
STR,BHX
STR,ACE
STR,FUE
STR,SPC
STR,CPH
STR,EWR
STR,FRA
STR,GRZ
STR,MUC
STR,ZRH
STR,ADB
STR,ESB
STR,SVO
STR,IST
STR,TSR
STR,FMO
STR,FAO
STR,FNC
STR,XRY
STS,LAX
STS,SAN
STS,PDX
STS,SEA
STT,SJU
STT,STX
STT,JFK
STT,MIA
STT,BOS
STT,VIJ
STT,AXA
STT,SXM
STT,FLL
STT,SBH
STT,EWR
STT,IAD
STT,ORD
STT,CLT
STT,PHL
STT,DOM
STT,EIS
STT,NEV
STV,DEL
STV,BOM
STW,DME
STW,SVO
STX,SJU
STX,STT
STX,VQS
STX,MIA
STX,SXM
STY,ASU
STY,MVD
STZ,SXO
SUB,KUL
SUB,BWN
SUB,TPE
SUB,SIN
SUB,HKG
SUB,BDJ
SUB,BDO
SUB,BPN
SUB,CGK
SUB,DPS
SUB,KOE
SUB,LOP
SUB,SRG
SUB,UPG
SUB,PKN
SUB,AMQ
SUB,BTH
SUB,JOG
SUB,MDC
SUB,PKY
SUB,TRK
SUB,DMK
SUB,JHB
SUB,PEN
SUB,BKK
SUF,VCE
SUF,FCO
SUF,LIN
SUF,TRN
SUF,BGY
SUF,BLQ
SUF,CRL
SUF,HHN
SUF,NRN
SUF,PSA
SUF,STN
SUF,MXP
SUG,MNL
SUG,CEB
SUJ,OTP
SUN,SLC
SUR,WNN
SUR,YWP
SUR,YXL
SUV,AKL
SUV,FUN
SUV,ICI
SUV,KDV
SUV,LBS
SUV,LKB
SUV,NAN
SUV,SVU
SUV,TBU
SUV,TVU
SUV,VBV
SUX,ORD
SVA,GAM
SVA,OME
SVB,DIE
SVB,TMM
SVB,TNR
SVB,WMN
SVC,PHX
SVD,ANU
SVD,BGI
SVD,GND
SVD,POS
SVD,SLU
SVG,LHR
SVG,AMS
SVG,RIX
SVG,AAL
SVG,BLL
SVG,EBJ
SVG,RYG
SVG,AGP
SVG,ALC
SVG,BGO
SVG,KRK
SVG,LGW
SVG,LPA
SVG,MAN
SVG,OSL
SVG,SXF
SVG,WAW
SVG,FRA
SVG,ABZ
SVG,ARN
SVG,CPH
SVG,NCL
SVG,TRD
SVG,GDN
SVG,KTW
SVG,SZZ
SVG,VNO
SVG,FRO
SVG,KRS
SVG,KSU
SVG,TRF
SVI,ACR
SVI,BOG
SVJ,BOO
SVJ,LKN
SVJ,SKN
SVK,INB
SVK,PLJ
SVL,HEL
SVO,ARH
SVO,MMK
SVO,SCW
SVO,CDG
SVO,MRS
SVO,ALG
SVO,CMN
SVO,HEL
SVO,BLQ
SVO,FCO
SVO,MXP
SVO,VCE
SVO,RIX
SVO,PEK
SVO,HAV
SVO,LCA
SVO,CAN
SVO,URC
SVO,IAD
SVO,JFK
SVO,LAX
SVO,SOF
SVO,KBL
SVO,BAX
SVO,DUS
SVO,HAM
SVO,IKT
SVO,KEJ
SVO,KGD
SVO,KHV
SVO,KJA
SVO,LED
SVO,LHR
SVO,MUC
SVO,OMS
SVO,PKC
SVO,SXF
SVO,UUS
SVO,VIE
SVO,VVO
SVO,IKA
SVO,LJU
SVO,BEG
SVO,ALA
SVO,GUW
SVO,TSE
SVO,ICN
SVO,AMS
SVO,MLA
SVO,DXB
SVO,WAW
SVO,BEY
SVO,PVG
SVO,KLV
SVO,PRG
SVO,TXL
SVO,ULN
SVO,TLL
SVO,KBP
SVO,OTP
SVO,ARN
SVO,CPH
SVO,OSL
SVO,AAQ
SVO,ABA
SVO,AER
SVO,AGP
SVO,ASF
SVO,ATH
SVO,AYT
SVO,BCN
SVO,BKK
SVO,BQS
SVO,BRU
SVO,BUD
SVO,CAI
SVO,CEK
SVO,CUN
SVO,DEL
SVO,DNK
SVO,DOK
SVO,DRS
SVO,EVN
SVO,FRA
SVO,FRU
SVO,GOJ
SVO,GVA
SVO,GYD
SVO,HAJ
SVO,HAN
SVO,HKG
SVO,HKT
SVO,HRK
SVO,HTA
SVO,IST
SVO,KRK
SVO,KRR
SVO,KUF
SVO,KZN
SVO,MAD
SVO,MIA
SVO,MLE
SVO,MQF
SVO,MRV
SVO,MSQ
SVO,NBC
SVO,NCE
SVO,NJC
SVO,NOZ
SVO,NRT
SVO,ODS
SVO,OVB
SVO,PEE
SVO,PUJ
SVO,REN
SVO,ROV
SVO,SGC
SVO,SGN
SVO,SIP
SVO,STR
SVO,STW
SVO,SVX
SVO,TAS
SVO,TFS
SVO,TJM
SVO,TLV
SVO,TOF
SVO,UFA
SVO,UUD
SVO,VNO
SVO,VOG
SVO,YKS
SVO,YYZ
SVO,ZAG
SVO,ZRH
SVO,GOI
SVP,LAD
SVP,VPE
SVQ,PMI
SVQ,TLS
SVQ,MAD
SVQ,ACE
SVQ,BCN
SVQ,BGY
SVQ,BLQ
SVQ,BOD
SVQ,BVA
SVQ,CIA
SVQ,CRL
SVQ,DUB
SVQ,EIN
SVQ,LGW
SVQ,LPA
SVQ,MRS
SVQ,NRN
SVQ,PSA
SVQ,RAK
SVQ,SCQ
SVQ,SDR
SVQ,STN
SVQ,TFS
SVQ,VLC
SVQ,AMS
SVQ,BIO
SVQ,LCG
SVQ,LEI
SVQ,ORY
SVQ,OVD
SVQ,TFN
SVQ,LIS
SVQ,GVA
SVR,THU
SVS,FAI
SVS,WBQ
SVU,NAN
SVU,SUV
SVU,TVU
SVX,KEJ
SVX,KZN
SVX,NBC
SVX,OVB
SVX,OVS
SVX,RTW
SVX,GOJ
SVX,KUF
SVX,NUX
SVX,SCW
SVX,ULV
SVX,HEL
SVX,FCO
SVX,MSQ
SVX,CEE
SVX,LED
SVX,DXB
SVX,SHJ
SVX,NMA
SVX,TAS
SVX,LLK
SVX,OMS
SVX,GYD
SVX,TSE
SVX,FRU
SVX,OSS
SVX,FRA
SVX,PRG
SVX,KBP
SVX,DME
SVX,PEK
SVX,AER
SVX,KRR
SVX,SVO
SVX,IST
SVX,ALA
SVX,DYU
SVX,EVN
SVX,HRB
SVX,IKT
SVX,KJA
SVX,KLV
SVX,LBD
SVX,LCA
SVX,MRV
SVX,NSK
SVX,RMI
SVX,SKD
SVX,TJU
SVX,TLV
SVX,BKK
SVX,HKT
SVX,IEV
SVX,VKO
SVX,NOJ
SVX,SLY
SVZ,CCS
SWA,SIN
SWA,CKG
SWA,SHA
SWA,CTU
SWA,PEK
SWA,BKK
SWA,CAN
SWA,CSX
SWA,HAK
SWA,HKG
SWA,KWE
SWA,KWL
SWA,NGB
SWA,NKG
SWA,NNG
SWA,PVG
SWA,WUH
SWA,YIW
SWA,CGO
SWA,HFE
SWA,HGH
SWA,NAY
SWA,ZHA
SWF,FLL
SWF,MCO
SWF,DTW
SWF,PHL
SWJ,NUS
SWJ,VLI
SXB,AMS
SXB,BOD
SXB,FCO
SXB,LIL
SXB,LYS
SXB,MPL
SXB,MRS
SXB,NTE
SXB,NCE
SXB,ORY
SXB,TLS
SXB,CMN
SXB,OPO
SXB,STN
SXB,MAD
SXB,PRG
SXB,BRU
SXB,DJE
SXB,TUN
SXB,BIQ
SXF,TLV
SXF,SAW
SXF,MSQ
SXF,ACE
SXF,AYT
SXF,DJE
SXF,FNC
SXF,FUE
SXF,HRG
SXF,LCA
SXF,LPA
SXF,TFS
SXF,ARN
SXF,BGO
SXF,CPH
SXF,OSL
SXF,SVG
SXF,TRD
SXF,DUB
SXF,BGY
SXF,EMA
SXF,NYO
SXF,RYG
SXF,STN
SXF,LED
SXF,SVO
SXF,LBA
SXF,CAI
SXF,ADA
SXF,BEY
SXF,LIS
SXF,AGA
SXF,AGP
SXF,AMS
SXF,ATH
SXF,BCN
SXF,BRS
SXF,BRU
SXF,BSL
SXF,BUD
SXF,EDI
SXF,FCO
SXF,GLA
SXF,GVA
SXF,LGW
SXF,LPL
SXF,LTN
SXF,LYS
SXF,MAD
SXF,MAN
SXF,MXP
SXF,NAP
SXF,NCE
SXF,ORY
SXF,PMI
SXF,PSA
SXF,RAK
SXF,SEN
SXF,SKG
SXF,SOF
SXF,VCE
SXF,KEF
SXI,SYZ
SXK,LUV
SXM,CUR
SXM,PAP
SXM,SDQ
SXM,MIA
SXM,CDG
SXM,BOS
SXM,JFK
SXM,SJU
SXM,BGI
SXM,KIN
SXM,PTY
SXM,ANU
SXM,DOM
SXM,EIS
SXM,NEV
SXM,SKB
SXM,STT
SXM,STX
SXM,FLL
SXM,SBH
SXM,AXA
SXM,ORY
SXM,EWR
SXM,IAD
SXM,CLT
SXM,PHL
SXM,EUX
SXM,SAB
SXM,YYZ
SXO,GRP
SXP,AUK
SXP,KSM
SXR,BOM
SXR,DEL
SXR,IXJ
SXR,IXL
SXR,ATQ
SXR,IXC
SXX,OIA
SYB,KPR
SYD,ADL
SYD,AKL
SYD,ASP
SYD,BNE
SYD,CBR
SYD,CHC
SYD,CNS
SYD,DFW
SYD,DRW
SYD,HBA
SYD,HNL
SYD,LAX
SYD,MEL
SYD,PER
SYD,YVR
SYD,DEL
SYD,EZE
SYD,HKG
SYD,AUH
SYD,SIN
SYD,PEK
SYD,PVG
SYD,TPE
SYD,CAN
SYD,KUL
SYD,BKK
SYD,DXB
SYD,NAN
SYD,CAZ
SYD,DGE
SYD,MRZ
SYD,NAA
SYD,NTL
SYD,OAG
SYD,CGK
SYD,DPS
SYD,NRT
SYD,AVV
SYD,AYQ
SYD,BNK
SYD,HKT
SYD,HTI
SYD,LST
SYD,MCY
SYD,OOL
SYD,TSV
SYD,ZQN
SYD,ICN
SYD,SCL
SYD,NKG
SYD,WLG
SYD,VLI
SYD,NLK
SYD,PQQ
SYD,RAR
SYD,ROT
SYD,SFO
SYD,MNL
SYD,POM
SYD,TWB
SYD,ABX
SYD,ARM
SYD,CFS
SYD,DBO
SYD,GLT
SYD,JNB
SYD,KTA
SYD,LDH
SYD,NOU
SYD,SGN
SYD,TMW
SYD,WGA
SYD,MKY
SYD,APW
SYD,HVB
SYD,TBU
SYD,BHQ
SYD,BHS
SYD,GFF
SYD,LSY
SYD,MIM
SYD,MQL
SYD,MYA
SYD,NRA
SYD,PKE
SYD,TRO
SYJ,MHD
SYM,KMG
SYO,HND
SYQ,BOC
SYQ,GLF
SYQ,LIR
SYQ,MGA
SYQ,PJM
SYQ,TMU
SYQ,TNO
SYQ,TTQ
SYQ,XQP
SYR,ORD
SYR,YYZ
SYR,JFK
SYR,MCO
SYR,DTW
SYR,LGA
SYR,MSP
SYR,BOS
SYR,CLE
SYR,EWR
SYR,IAD
SYR,PHL
SYR,CLT
SYR,DCA
SYX,CKG
SYX,CTU
SYX,KWE
SYX,KWL
SYX,MIG
SYX,NGB
SYX,NKG
SYX,TNA
SYX,TYN
SYX,WNZ
SYX,YBP
SYX,KMG
SYX,HGH
SYX,PVG
SYX,SHA
SYX,CSX
SYX,TSN
SYX,ZUH
SYX,CGO
SYX,KHN
SYX,NNG
SYX,PEK
SYX,SZX
SYX,WUX
SYX,XMN
SYX,TPE
SYX,HKG
SYX,CAN
SYX,CZX
SYX,SHE
SYX,SJW
SYX,WUH
SYX,XIY
SYX,ZHA
SYX,ZYI
SYX,HET
SYX,HFE
SYX,YCU
SYX,YTY
SYX,FOC
SYX,YIH
SYX,NAY
SYX,ICN
SYX,XNN
SYX,DME
SYY,BEB
SYY,EDI
SYY,GLA
SYY,INV
SYY,ABZ
SYZ,AWZ
SYZ,KIH
SYZ,MHD
SYZ,THR
SYZ,ABD
SYZ,BND
SYZ,DXB
SYZ,GSM
SYZ,KER
SYZ,KSH
SYZ,KWI
SYZ,LFM
SYZ,LRR
SYZ,MCT
SYZ,PGU
SYZ,RAS
SYZ,SRY
SYZ,TBZ
SYZ,ZAH
SYZ,ZBR
SYZ,SHJ
SYZ,BDH
SYZ,BUZ
SYZ,DOH
SYZ,IFN
SYZ,SXI
SYZ,IST
SZA,CAB
SZA,LAD
SZB,AOR
SZB,BTH
SZB,JHB
SZB,KBR
SZB,KTE
SZB,LGK
SZB,PEN
SZB,PKU
SZB,SIN
SZB,TGG
SZB,USM
SZB,HHQ
SZB,PKG
SZB,RDN
SZB,TOD
SZG,ZRH
SZG,CGN
SZG,ACE
SZG,DUS
SZG,HAM
SZG,LGW
SZG,LPA
SZG,PMI
SZG,TFS
SZG,TXL
SZG,STN
SZG,HRG
SZG,FRA
SZG,VIE
SZG,IST
SZG,AYT
SZX,CKG
SZX,CTU
SZX,WXN
SZX,HGH
SZX,SHA
SZX,SJW
SZX,TSN
SZX,BKI
SZX,KUL
SZX,RMQ
SZX,TPE
SZX,BKK
SZX,CGO
SZX,CGQ
SZX,CSX
SZX,CZX
SZX,DAX
SZX,DLC
SZX,FOC
SZX,HAK
SZX,HFE
SZX,HRB
SZX,HYN
SZX,JDZ
SZX,JJN
SZX,JUZ
SZX,KHN
SZX,KMG
SZX,KWE
SZX,LJG
SZX,NKG
SZX,NNG
SZX,NTG
SZX,PEK
SZX,PVG
SZX,SHE
SZX,SIN
SZX,SYX
SZX,TAO
SZX,TNA
SZX,TYN
SZX,WNZ
SZX,WUH
SZX,WUX
SZX,XFN
SZX,XIY
SZX,XMN
SZX,YBP
SZX,YCU
SZX,YIH
SZX,YNT
SZX,ZHA
SZX,KHH
SZX,CGD
SZX,DAD
SZX,DYG
SZX,HSN
SZX,KOW
SZX,KWL
SZX,LYA
SZX,LZO
SZX,MXZ
SZX,NAO
SZX,NGB
SZX,NNY
SZX,YIW
SZX,DMK
SZX,HET
SZX,LHW
SZX,LYI
SZX,URC
SZX,XUZ
SZX,ICN
SZX,NAY
SZX,JGS
SZZ,OSL
SZZ,BRS
SZZ,DUB
SZZ,LPL
SZZ,STN
SZZ,WAW
SZZ,SVG
SZZ,TRF
TAB,ANU
TAB,JFK
TAB,POS
TAB,BGI
TAB,UVF
TAC,CEB
TAC,MNL
TAC,ILO
TAE,PEK
TAE,CJU
TAE,ICN
TAE,PVG
TAG,MNL
TAH,AUY
TAH,AWD
TAH,DLY
TAH,FTA
TAH,IPA
TAH,VLI
TAI,DMM
TAI,JIB
TAI,SAH
TAI,CAI
TAI,JED
TAI,RUH
TAK,PVG
TAK,TPE
TAK,HND
TAK,ICN
TAK,OKA
TAL,FAI
TAL,HSL
TAL,RBY
TAM,MEX
TAM,MTY
TAM,VER
TAM,IAH
TAM,CUN
TAO,CTU
TAO,KMG
TAO,ICN
TAO,WUH
TAO,PVG
TAO,SHA
TAO,KHH
TAO,TPE
TAO,PUS
TAO,CAN
TAO,CGO
TAO,CGQ
TAO,CKG
TAO,CSX
TAO,DLC
TAO,HAK
TAO,HFE
TAO,HGH
TAO,HRB
TAO,JNZ
TAO,KHN
TAO,KIX
TAO,NGB
TAO,NKG
TAO,NRT
TAO,PEK
TAO,SHE
TAO,SJW
TAO,SZX
TAO,TSN
TAO,TYN
TAO,WNZ
TAO,WUS
TAO,XIY
TAO,XMN
TAO,HKG
TAO,DQA
TAO,DDG
TAO,JMU
TAO,JXA
TAO,NDG
TAO,FOC
TAO,FUK
TAO,NGO
TAO,MDG
TAO,YNJ
TAO,SHP
TAO,BKK
TAO,RMQ
TAO,SIN
TAP,GUA
TAP,MEX
TAS,PEK
TAS,URC
TAS,LED
TAS,AER
TAS,ALA
TAS,ATQ
TAS,AZN
TAS,BHK
TAS,BKK
TAS,CDG
TAS,DEL
TAS,DME
TAS,DXB
TAS,FCO
TAS,FEG
TAS,FRA
TAS,FRU
TAS,GVA
TAS,GYD
TAS,ICN
TAS,IST
TAS,KBP
TAS,KGD
TAS,KJA
TAS,KRR
TAS,KSQ
TAS,KUF
TAS,KUL
TAS,KZN
TAS,LHR
TAS,MRV
TAS,MXP
TAS,NCU
TAS,NMA
TAS,NVI
TAS,OVB
TAS,RIX
TAS,ROV
TAS,SHJ
TAS,SIP
TAS,SKD
TAS,SVX
TAS,TJM
TAS,TLV
TAS,TMJ
TAS,TSE
TAS,UFA
TAS,UGC
TAS,VOG
TAS,OMS
TAS,IKA
TAS,IKT
TAS,SVO
TAS,CEK
TAS,GOJ
TAS,VKO
TAY,HEL
TBB,HAN
TBB,SGN
TBG,HGU
TBG,POM
TBG,UNG
TBI,NAS
TBI,ATC
TBN,STL
TBP,LIM
TBS,DUS
TBS,DXB
TBS,IKA
TBS,ATH
TBS,AMS
TBS,BUS
TBS,CDG
TBS,KUT
TBS,RIX
TBS,TLV
TBS,VIE
TBS,VKO
TBS,FCO
TBS,MSQ
TBS,URC
TBS,SCO
TBS,GYD
TBS,ALA
TBS,IST
TBS,MUC
TBS,WAW
TBS,SAW
TBS,KBP
TBS,DME
TBT,MAO
TBU,NAN
TBU,SUV
TBU,AKL
TBU,SYD
TBZ,MHD
TBZ,THR
TBZ,SYZ
TBZ,AWZ
TBZ,BND
TBZ,IFN
TBZ,GYD
TBZ,IST
TCB,FLL
TCD,LET
TCG,URC
TCO,CLO
TCP,ORY
TCQ,LIM
TCQ,AQP
TCR,MAA
TCT,TLJ
TCZ,CTU
TCZ,KMG
TCZ,NNG
TCZ,JHG
TCZ,LJG
TDD,CBB
TDD,CIJ
TDD,GYA
TDD,LPB
TDD,RIB
TDD,SRZ
TDD,RBQ
TDX,BKK
TEN,CAN
TEN,PEK
TEN,KWE
TEQ,ESB
TER,LIS
TER,OPO
TER,FLW
TER,GRW
TER,HOR
TER,PDL
TER,PIX
TER,SJZ
TET,JNB
TET,APL
TET,BEW
TET,MPM
TET,UEL
TET,VXC
TEX,DEN
TFF,ERN
TFF,IRZ
TFF,MAO
TFF,OLC
TFF,SJL
TFI,PNP
TFN,DUS
TFN,CMN
TFN,MAD
TFN,BCN
TFN,AGP
TFN,BIO
TFN,LCG
TFN,ORY
TFN,SCQ
TFN,SVQ
TFN,VLC
TFN,ACE
TFN,FUE
TFN,GMZ
TFN,LPA
TFN,SPC
TFN,VDE
TFN,CCS
TFS,CGN
TFS,HAJ
TFS,RIX
TFS,BSL
TFS,DRS
TFS,DUS
TFS,FRA
TFS,GRZ
TFS,HAM
TFS,LEJ
TFS,MUC
TFS,NUE
TFS,PAD
TFS,STR
TFS,SZG
TFS,TXL
TFS,VIE
TFS,ZRH
TFS,LGW
TFS,BHX
TFS,BRU
TFS,GLA
TFS,MAN
TFS,SXF
TFS,ARN
TFS,BGO
TFS,CPH
TFS,GOT
TFS,HEL
TFS,OSL
TFS,OUL
TFS,RYG
TFS,TRD
TFS,TRF
TFS,DUB
TFS,ORK
TFS,BCN
TFS,BGY
TFS,BLL
TFS,BLQ
TFS,BOH
TFS,BRE
TFS,BRS
TFS,BVA
TFS,CRL
TFS,DSA
TFS,EDI
TFS,EMA
TFS,FMM
TFS,HHN
TFS,KSD
TFS,LBA
TFS,LNZ
TFS,LPL
TFS,LTN
TFS,MAD
TFS,MST
TFS,NRN
TFS,NYO
TFS,PIK
TFS,PSA
TFS,SCQ
TFS,SDR
TFS,STN
TFS,SVQ
TFS,VLC
TFS,VST
TFS,LED
TFS,AMS
TFS,LPA
TFS,ORY
TFS,FUE
TFS,LUX
TFS,BFS
TFS,BLK
TFS,NCL
TFS,VDE
TFS,KBP
TFS,PRG
TFS,ERF
TFS,RLG
TFS,SVO
TFS,ABZ
TFS,CWL
TFS,DME
TFS,ALC
TFS,OVD
TFS,NTE
TFS,TLL
TFS,VNO
TGC,KCH
TGD,FCO
TGD,LJU
TGD,BEG
TGD,VIE
TGD,IST
TGD,CDG
TGD,DME
TGD,FRA
TGD,ZRH
TGG,KUL
TGG,SZB
TGH,VLI
TGJ,GEA
TGJ,LIF
TGM,CRL
TGM,BGY
TGM,BUD
TGM,BVA
TGM,CIA
TGM,DTM
TGM,FMM
TGM,HHN
TGM,LTN
TGM,MAD
TGO,PEK
TGO,HET
TGO,TNA
TGO,TSN
TGO,HLD
TGO,PVG
TGP,KJA
TGU,MIA
TGU,PEU
TGU,RTB
TGU,SAP
TGU,PTY
TGU,SJO
TGU,LCE
TGU,GUA
TGU,SAL
TGU,IAH
TGZ,MEX
TGZ,CUN
TGZ,GDL
TGZ,MTY
THD,SGN
THE,FOR
THE,REC
THE,SLZ
THE,VCP
THE,BSB
THE,GRU
THL,HEH
THL,LSH
THL,MYT
THL,RGN
THL,KET
THL,MDL
THN,BMA
THQ,XIY
THR,ABD
THR,AWZ
THR,AZD
THR,BUZ
THR,KSH
THR,MHD
THR,SYZ
THR,TBZ
THR,ZAH
THR,ACP
THR,ADU
THR,AFZ
THR,BJB
THR,BND
THR,BXR
THR,DEF
THR,GBT
THR,IFN
THR,IIL
THR,KHY
THR,KIH
THR,KLM
THR,OMH
THR,PFQ
THR,PGU
THR,RAS
THR,RUD
THR,RZR
THR,SDG
THR,YES
THR,ZBR
THR,GSM
THR,KER
THR,KHD
THR,LRR
THR,XBJ
THR,MRX
THS,BKK
THU,NAQ
THU,SVR
THX,KJA
TIA,ATH
TIA,MXP
TIA,PSA
TIA,FCO
TIA,LGW
TIA,LJU
TIA,MUC
TIA,AOI
TIA,BGY
TIA,BLQ
TIA,BRI
TIA,BRU
TIA,CUF
TIA,FLR
TIA,GOA
TIA,PEG
TIA,PMF
TIA,PSR
TIA,RMI
TIA,STN
TIA,TRS
TIA,VCE
TIA,VRN
TIA,VIE
TIA,SAW
TIA,IST
TIF,DXB
TIF,SHJ
TIF,CAI
TIF,DOH
TIF,AHB
TIF,DMM
TIF,RUH
TIF,IST
TIH,PPT
TIH,RGI
TIJ,GDL
TIJ,MEX
TIJ,TLC
TIJ,BJX
TIJ,CJS
TIJ,CUL
TIJ,DGO
TIJ,HMO
TIJ,NRT
TIJ,PVG
TIJ,ACA
TIJ,AGU
TIJ,CEN
TIJ,CLQ
TIJ,CUN
TIJ,CUU
TIJ,LAP
TIJ,LMM
TIJ,MLM
TIJ,MTY
TIJ,MZT
TIJ,OAX
TIJ,PBC
TIJ,PVR
TIJ,QRO
TIJ,SJD
TIJ,SLP
TIJ,TPQ
TIJ,UPN
TIJ,VER
TIJ,ZCL
TIJ,ZLO
TIM,DJJ
TIM,DPS
TIM,SOQ
TIP,AMM
TIP,BEN
TIP,CAI
TIP,CMN
TIP,DUS
TIP,DXB
TIP,FCO
TIP,HBE
TIP,IST
TIP,KRT
TIP,LGW
TIP,NIM
TIP,SEB
TIP,SFA
TIP,TUN
TIP,ALG
TIP,LHR
TIP,AUH
TIP,MLA
TIP,FRA
TIP,GHT
TIP,LAQ
TIP,LTD
TIP,MAD
TIP,MAN
TIP,QUB
TIP,SRX
TIP,TOB
TIP,VIE
TIP,DOH
TIR,HYD
TIU,WLG
TIV,DME
TIV,BEG
TIV,LED
TIZ,HGU
TIZ,MXH
TIZ,POM
TJA,BYC
TJA,CBB
TJA,LPB
TJA,VVI
TJA,SRE
TJM,NUX
TJM,LED
TJM,TAS
TJM,DME
TJM,SVO
TJM,DXB
TJM,EZV
TJM,IRM
TJM,EVN
TJM,KVD
TJM,NOJ
TJM,NYM
TJM,OVB
TJM,SLY
TJQ,CGK
TJQ,PGK
TJU,FRU
TJU,DME
TJU,SVX
TKD,ACC
TKE,JNU
TKG,CGK
TKG,PLM
TKJ,CKX
TKK,GUM
TKK,PNI
TKP,TKX
TKS,HND
TKU,MHQ
TKU,HEL
TKU,RIX
TKU,ALC
TKU,ARN
TKU,CPH
TKU,GDN
TKX,AHE
TKX,PPT
TKX,TKP
TLA,KTS
TLA,OME
TLC,ACA
TLC,CUN
TLC,LAS
TLC,MTY
TLC,PVR
TLC,SAT
TLC,SJD
TLC,TIJ
TLC,ZIH
TLC,GDL
TLC,FLL
TLC,VSA
TLC,VER
TLE,FTU
TLE,MOQ
TLE,TNR
TLH,TPA
TLH,DFW
TLH,MIA
TLH,CLT
TLH,DCA
TLJ,MCG
TLL,BMA
TLL,HEL
TLL,RIX
TLL,OSL
TLL,BGY
TLL,BRE
TLL,DUB
TLL,GRO
TLL,HHN
TLL,MAN
TLL,NRN
TLL,RYG
TLL,STN
TLL,LED
TLL,AMS
TLL,FRA
TLL,WAW
TLL,ARN
TLL,BRU
TLL,CPH
TLL,KBP
TLL,SVO
TLL,TRD
TLL,VNO
TLL,LGW
TLL,KDL
TLL,PJA
TLL,TFS
TLL,URE
TLM,ALG
TLM,LYS
TLM,MRS
TLM,ORY
TLN,ORY
TLS,CMN
TLS,LIL
TLS,MRS
TLS,NCE
TLS,NTE
TLS,RNS
TLS,LHR
TLS,AJA
TLS,AMS
TLS,CDG
TLS,FCO
TLS,HAM
TLS,LYS
TLS,MLA
TLS,ORY
TLS,RAK
TLS,SVQ
TLS,SXB
TLS,VCE
TLS,ALG
TLS,ORN
TLS,BHX
TLS,BCN
TLS,MAD
TLS,FRA
TLS,MUC
TLS,BRU
TLS,DIJ
TLS,ETZ
TLS,MXP
TLS,IST
TLS,LIS
TLS,TUN
TLS,BRS
TLS,BSL
TLS,GVA
TLS,LGW
TLT,BET
TLT,AKI
TLV,CAI
TLV,CGN
TLV,ETH
TLV,FCO
TLV,SXF
TLV,ATH
TLV,TBS
TLV,DUS
TLV,MUC
TLV,TXL
TLV,YYZ
TLV,CDG
TLV,MRS
TLV,NCE
TLV,HEL
TLV,MSQ
TLV,LHR
TLV,RIX
TLV,PEK
TLV,LCA
TLV,JFK
TLV,ARN
TLV,ADD
TLV,SOF
TLV,LED
TLV,VIE
TLV,TAS
TLV,BCN
TLV,MAD
TLV,MXP
TLV,AMM
TLV,AMS
TLV,GYD
TLV,BEG
TLV,ICN
TLV,FRA
TLV,WAW
TLV,MAN
TLV,GVA
TLV,ZRH
TLV,BKK
TLV,BOM
TLV,BRU
TLV,BUD
TLV,DME
TLV,EWR
TLV,HKG
TLV,JNB
TLV,KBP
TLV,LAX
TLV,LTN
TLV,OTP
TLV,PRG
TLV,VCE
TLV,SIP
TLV,SAW
TLV,DNK
TLV,DOK
TLV,ODS
TLV,KRR
TLV,MRV
TLV,CPH
TLV,ROV
TLV,SVO
TLV,IST
TLV,BSL
TLV,SVX
TLV,VKO
TLV,PHL
TLV,KTW
TLV,VNO
TMC,DPS
TMC,KOE
TMC,ENE
TME,BOG
TME,RVE
TMI,KTM
TMJ,DME
TMJ,TAS
TML,ACC
TMM,ANM
TMM,SMS
TMM,SVB
TMM,TNR
TMM,WMN
TMM,WMR
TMM,RUN
TMP,HEL
TMP,ARN
TMP,AGP
TMP,BRE
TMP,BUD
TMP,GRO
TMP,HHN
TMP,STN
TMR,ALG
TMR,DJG
TMS,LAD
TMS,RAI
TMS,LIS
TMT,STM
TMU,NOB
TMU,SJO
TMW,BNE
TMW,SYD
TNA,CGQ
TNA,CKG
TNA,CTU
TNA,DLC
TNA,HRB
TNA,KMG
TNA,SYX
TNA,XIY
TNA,KHH
TNA,TPE
TNA,CAN
TNA,CGO
TNA,CSX
TNA,FOC
TNA,HET
TNA,HGH
TNA,ICN
TNA,INC
TNA,KHN
TNA,KIX
TNA,KWE
TNA,LHW
TNA,PEK
TNA,SHA
TNA,SHE
TNA,SZX
TNA,TYN
TNA,URC
TNA,WEH
TNA,WNZ
TNA,WUH
TNA,XMN
TNA,YNT
TNA,SJW
TNA,TGO
TNA,KWL
TNA,LJG
TNA,HKG
TNA,PVG
TNA,BKK
TNA,HUN
TNA,RMQ
TNA,WUS
TNC,WAA
TNG,AMS
TNG,BCN
TNG,BRU
TNG,CGN
TNG,CMN
TNG,LHR
TNG,MAD
TNG,NDR
TNG,ORY
TNG,BVA
TNG,CRL
TNG,HHN
TNG,MRS
TNG,NRN
TNG,LIS
TNG,CDG
TNJ,CGK
TNK,WWT
TNN,HKG
TNO,LIR
TNO,SYQ
TNO,SJO
TNR,CDG
TNR,NBO
TNR,AJN
TNR,BKK
TNR,DIE
TNR,DZA
TNR,FTU
TNR,HAH
TNR,JNB
TNR,MJN
TNR,MOQ
TNR,MRS
TNR,MRU
TNR,NOS
TNR,RUN
TNR,SMS
TNR,SVB
TNR,TLE
TNR,TMM
TNR,WMN
TNR,ORY
TNW,UIO
TOB,HBE
TOB,TIP
TOB,TUN
TOD,SIN
TOD,SZB
TOE,LYS
TOE,ORY
TOE,TUN
TOF,DME
TOF,SVO
TOF,VKO
TOF,KJA
TOF,SGC
TOH,MTV
TOH,SLH
TOL,ORD
TOL,PGD
TOL,PIE
TOS,MMK
TOS,ALC
TOS,KKN
TOS,LGW
TOS,LPA
TOS,OSL
TOS,TRD
TOS,ALF
TOS,BOO
TOS,LYR
TOS,ANX
TOS,BGO
TOS,EVE
TOS,HAA
TOS,HFT
TOS,LKL
TOS,SKN
TOS,SOJ
TOS,VDS
TOU,GEA
TOY,TPE
TOY,DLC
TOY,PVG
TOY,CTS
TOY,HND
TOY,ICN
TOY,PUS
TPA,EYW
TPA,FLL
TPA,GNV
TPA,JAX
TPA,PBI
TPA,PNS
TPA,TLH
TPA,DFW
TPA,JFK
TPA,LGW
TPA,MIA
TPA,ORD
TPA,YYZ
TPA,BDL
TPA,BOS
TPA,DCA
TPA,EWR
TPA,HPN
TPA,LGA
TPA,SJU
TPA,IAH
TPA,CMH
TPA,CVG
TPA,DTW
TPA,IND
TPA,LAX
TPA,MEM
TPA,MSP
TPA,RDU
TPA,DEN
TPA,ILG
TPA,TTN
TPA,ALB
TPA,AUS
TPA,BHM
TPA,BNA
TPA,BUF
TPA,BWI
TPA,CAK
TPA,CLE
TPA,GRR
TPA,HOU
TPA,MCI
TPA,MCO
TPA,MDW
TPA,MKE
TPA,ORF
TPA,PHL
TPA,PHX
TPA,PIT
TPA,PVD
TPA,ROC
TPA,SAT
TPA,STL
TPA,GCM
TPA,ZRH
TPA,ACY
TPA,CLT
TPA,IAD
TPA,FNT
TPA,ISP
TPA,LAS
TPA,MHT
TPA,SDF
TPA,YOW
TPE,KIX
TPE,SIN
TPE,KMG
TPE,MNL
TPE,NRT
TPE,CGO
TPE,CSX
TPE,LJG
TPE,NGB
TPE,NKG
TPE,SHE
TPE,XMN
TPE,YNZ
TPE,BKI
TPE,DEL
TPE,CKG
TPE,DLC
TPE,FOC
TPE,SZX
TPE,TAO
TPE,XIY
TPE,AKJ
TPE,BKK
TPE,BNE
TPE,CAN
TPE,CDG
TPE,CGK
TPE,CTS
TPE,CTU
TPE,DPS
TPE,FUK
TPE,GUM
TPE,HAN
TPE,HET
TPE,HGH
TPE,HKD
TPE,HKG
TPE,HRB
TPE,ICN
TPE,JFK
TPE,KMQ
TPE,KUL
TPE,KWL
TPE,LAX
TPE,MFM
TPE,OKJ
TPE,PEK
TPE,PNH
TPE,PVG
TPE,SDJ
TPE,SEA
TPE,SFO
TPE,SGN
TPE,SUB
TPE,TNA
TPE,TSN
TPE,TXN
TPE,YVR
TPE,YYZ
TPE,PUS
TPE,WNZ
TPE,FRA
TPE,FSZ
TPE,HAK
TPE,HIJ
TPE,HNL
TPE,KHN
TPE,KMI
TPE,KOJ
TPE,NGO
TPE,OKA
TPE,PEN
TPE,RGN
TPE,ROR
TPE,SYD
TPE,SYX
TPE,TAK
TPE,TOY
TPE,URC
TPE,VIE
TPE,WUH
TPE,WUX
TPE,CGQ
TPE,KWE
TPE,NNG
TPE,HFE
TPE,INC
TPE,LHW
TPE,SJW
TPE,CJU
TPE,CNX
TPE,DYG
TPE,KUH
TPE,REP
TPE,XUZ
TPE,AMS
TPE,TYN
TPE,CRK
TPE,KLO
TPE,YNT
TPP,IQT
TPP,LIM
TPP,PCL
TPQ,MEX
TPQ,TIJ
TPS,FCO
TPS,PNL
TPS,BGY
TPS,BLQ
TPS,BVA
TPS,CAG
TPS,CIA
TPS,CRL
TPS,CUF
TPS,EIN
TPS,FKB
TPS,FMM
TPS,GOA
TPS,GRO
TPS,HHN
TPS,LEJ
TPS,LTN
TPS,MAN
TPS,MLA
TPS,MST
TPS,NYO
TPS,PMF
TPS,PSA
TPS,TRN
TPS,TRS
TPS,TSF
TQA,IUI
TQA,JUV
TQI,AGM
TQL,SLY
TRC,MEX
TRC,DFW
TRC,CUU
TRC,GDL
TRC,IAH
TRC,CUN
TRD,CPH
TRD,AMS
TRD,RYG
TRD,ALC
TRD,AYT
TRD,BGO
TRD,EVE
TRD,KRK
TRD,LGW
TRD,LPA
TRD,OSL
TRD,RIX
TRD,SXF
TRD,TFS
TRD,TOS
TRD,TRF
TRD,KEF
TRD,TLL
TRD,AES
TRD,ARN
TRD,BOO
TRD,SVG
TRD,MOL
TRD,GDN
TRD,BNN
TRD,KRS
TRD,KSU
TRD,MJF
TRD,MQN
TRD,OSY
TRD,RVK
TRD,SSJ
TRE,GLA
TRF,AMS
TRF,AGP
TRF,ALC
TRF,AYT
TRF,BGO
TRF,LGW
TRF,LPA
TRF,TFS
TRF,TRD
TRF,BRE
TRF,EDI
TRF,GRO
TRF,LPL
TRF,STN
TRF,CPH
TRF,SVG
TRF,BEG
TRF,GDN
TRF,KTW
TRF,LUZ
TRF,OTP
TRF,POZ
TRF,RIX
TRF,SZZ
TRF,VNO
TRF,WAW
TRG,AKL
TRG,CHC
TRG,WLG
TRI,PIE
TRI,SFB
TRI,CLT
TRK,BPN
TRK,CGK
TRK,SUB
TRK,TWU
TRN,CDG
TRN,CTA
TRN,CMN
TRN,BRI
TRN,FCO
TRN,IAS
TRN,NAP
TRN,PMO
TRN,REG
TRN,SUF
TRN,LGW
TRN,BCN
TRN,BDS
TRN,CRL
TRN,MLA
TRN,STN
TRN,TPS
TRN,AMS
TRN,MAD
TRN,CAG
TRN,OLB
TRN,DUS
TRN,FRA
TRN,MUC
TRN,BRU
TRN,IST
TRO,GFN
TRO,SYD
TRS,FCO
TRS,LIN
TRS,NAP
TRS,BRI
TRS,BVA
TRS,STN
TRS,TPS
TRS,MUC
TRS,TIA
TRU,LIM
TRV,BLR
TRV,BOM
TRV,COK
TRV,DXB
TRV,MAA
TRV,AUH
TRV,DMM
TRV,MCT
TRV,MLE
TRV,RUH
TRV,SHJ
TRV,CCJ
TRV,GOI
TRV,SLL
TRV,KWI
TRV,SIN
TRV,CMB
TRV,DOH
TRW,NAN
TRZ,COK
TRZ,MAA
TRZ,KUL
TRZ,DXB
TRZ,SIN
TRZ,CMB
TSA,CKG
TSA,CTU
TSA,KNH
TSA,MZG
TSA,TTT
TSA,WNZ
TSA,XMN
TSA,GMP
TSA,HND
TSA,SHA
TSA,TSN
TSA,NNG
TSA,TYN
TSA,PVG
TSA,FOC
TSA,HFE
TSA,HGH
TSA,HUN
TSA,WUH
TSE,MSQ
TSE,URC
TSE,AKX
TSE,ALA
TSE,CIT
TSE,DMB
TSE,GUW
TSE,PLX
TSE,SCO
TSE,UKK
TSE,URA
TSE,AUH
TSE,TAS
TSE,DZN
TSE,FRA
TSE,FRU
TSE,GYD
TSE,IST
TSE,KBP
TSE,KSN
TSE,KZO
TSE,LED
TSE,OMS
TSE,OVB
TSE,PEK
TSE,PWQ
TSE,REN
TSE,SVO
TSE,SVX
TSE,VIE
TSE,DME
TSE,VKO
TSF,AHO
TSF,BCN
TSF,BDS
TSF,BRE
TSF,BRI
TSF,BRS
TSF,BUD
TSF,BVA
TSF,CAG
TSF,CRL
TSF,DUB
TSF,EMA
TSF,GRO
TSF,HHN
TSF,MLA
TSF,MST
TSF,NRN
TSF,NYO
TSF,PMO
TSF,RYG
TSF,STN
TSF,TPS
TSF,VLC
TSF,AMS
TSF,CLJ
TSF,KIV
TSF,OTP
TSF,PRG
TSF,SKP
TSF,TSR
TSF,IEV
TSF,LWO
TSH,FIH
TSH,KGA
TSJ,FUK
TSJ,NGS
TSN,CGQ
TSN,CKG
TSN,CTU
TSN,HGH
TSN,KMG
TSN,SHA
TSN,SZX
TSN,CAN
TSN,CSX
TSN,DLC
TSN,HRB
TSN,JJN
TSN,SYX
TSN,UYN
TSN,XIY
TSN,XMN
TSN,XNN
TSN,YNT
TSN,ZUH
TSN,KHH
TSN,TPE
TSN,BAV
TSN,CGO
TSN,HET
TSN,HKG
TSN,ICN
TSN,PVG
TSN,TAO
TSN,TSA
TSN,YCU
TSN,LDS
TSN,SHE
TSN,URC
TSN,WUH
TSN,CIF
TSN,DSN
TSN,FUG
TSN,HAK
TSN,HLD
TSN,JNG
TSN,KHN
TSN,NGB
TSN,PNH
TSN,SJW
TSN,TGO
TSN,TXN
TSN,TYN
TSN,CIH
TSN,XFN
TSN,NGO
TSN,FOC
TSN,NBS
TSN,SIN
TSR,FCO
TSR,OTP
TSR,MUC
TSR,STR
TSR,BCN
TSR,BGY
TSR,BLQ
TSR,BVA
TSR,CIA
TSR,DTM
TSR,LTN
TSR,MAD
TSR,TSF
TSR,VLC
TST,DMK
TSV,BNE
TSV,MEL
TSV,SYD
TSV,CNJ
TSV,CNS
TSV,DRW
TSV,ISA
TSV,MKY
TSV,MOV
TSV,ROK
TSV,HGD
TSV,WIN
TTA,CMN
TTE,CGK
TTE,MDC
TTE,UPG
TTJ,HND
TTN,CMH
TTN,DTW
TTN,FLL
TTN,MCO
TTN,MDW
TTN,RDU
TTN,RSW
TTN,TPA
TTQ,SYQ
TTT,TSA
TTT,NKG
TTU,AHU
TTU,CMN
TUA,UIO
TUB,PPT
TUB,RUR
TUB,RVV
TUC,AEP
TUF,DUB
TUF,MAN
TUF,MRS
TUF,OPO
TUF,RAK
TUF,STN
TUG,MNL
TUI,RUH
TUK,DBA
TUK,GWD
TUK,KHI
TUK,MCT
TUK,SHJ
TUL,DFW
TUL,MIA
TUL,ORD
TUL,DTW
TUL,MSP
TUL,SLC
TUL,BWI
TUL,DEN
TUL,HOU
TUL,MDW
TUL,MKE
TUL,STL
TUL,EWR
TUL,IAD
TUL,IAH
TUL,DAL
TUL,LAS
TUL,PHX
TUN,CGN
TUN,BEN
TUN,MRA
TUN,SEB
TUN,TIP
TUN,CDG
TUN,MRS
TUN,ALG
TUN,CMN
TUN,FCO
TUN,DXB
TUN,FRA
TUN,LAQ
TUN,BEY
TUN,CAI
TUN,DOH
TUN,AMM
TUN,JED
TUN,IST
TUN,LYS
TUN,ORY
TUN,ABJ
TUN,AMS
TUN,BCN
TUN,BEG
TUN,BKO
TUN,BLQ
TUN,BOD
TUN,BRU
TUN,DKR
TUN,DUS
TUN,GVA
TUN,KWI
TUN,LHR
TUN,LIL
TUN,LIS
TUN,MAD
TUN,MAN
TUN,MED
TUN,MUC
TUN,MXP
TUN,NCE
TUN,NKC
TUN,NTE
TUN,ORN
TUN,OUA
TUN,PMO
TUN,SXB
TUN,TLS
TUN,TOB
TUN,VCE
TUN,VIE
TUN,ZRH
TUN,DJE
TUN,MLA
TUN,TOE
TUO,AKL
TUO,WAG
TUO,WLG
TUP,GLH
TUR,BEL
TUS,DFW
TUS,LAX
TUS,ORD
TUS,PDX
TUS,SEA
TUS,MSP
TUS,SLC
TUS,DEN
TUS,LAS
TUS,IAH
TUS,SFO
TUS,PHX
TUS,MDW
TUS,SAN
TUU,DXB
TUU,CAI
TUU,AHB
TUU,DMM
TUU,JED
TUU,MED
TUU,RUH
TVC,ORD
TVC,DTW
TVF,GPZ
TVF,MSP
TVS,PVG
TVS,CAN
TVS,SJW
TVU,NAN
TVU,SUV
TVU,SVU
TVY,MGZ
TVY,RGN
TVY,KAW
TWB,BNE
TWB,CTL
TWB,SGO
TWB,SYD
TWF,SLC
TWT,ZAM
TWU,BKI
TWU,KUL
TWU,SDK
TWU,TRK
TXK,DFW
TXL,FDH
TXL,AGP
TXL,BHX
TXL,BLQ
TXL,CGN
TXL,CTA
TXL,ESB
TXL,GVA
TXL,PMI
TXL,PRN
TXL,SAW
TXL,STR
TXL,ATH
TXL,FRA
TXL,JFK
TXL,LHR
TXL,MIA
TXL,ORD
TXL,ACE
TXL,ALC
TXL,AMM
TXL,ARN
TXL,AUH
TXL,AYT
TXL,BCN
TXL,BEG
TXL,BRI
TXL,BUD
TXL,CPH
TXL,DME
TXL,DUS
TXL,FAO
TXL,FCO
TXL,FKB
TXL,FNC
TXL,FUE
TXL,GDN
TXL,GOT
TXL,GRZ
TXL,HEL
TXL,HRG
TXL,KGD
TXL,KRK
TXL,LED
TXL,LPA
TXL,MAD
TXL,MUC
TXL,MXP
TXL,NUE
TXL,ORY
TXL,OSL
TXL,OTP
TXL,PEK
TXL,PUJ
TXL,RIX
TXL,SCN
TXL,SOF
TXL,SPC
TXL,SZG
TXL,TFS
TXL,TLV
TXL,VCE
TXL,VIE
TXL,VRA
TXL,WAW
TXL,ZRH
TXL,CDG
TXL,MRS
TXL,AMS
TXL,CMN
TXL,LIN
TXL,BRU
TXL,EIN
TXL,MLA
TXL,LUX
TXL,EWR
TXL,VKO
TXL,ZAG
TXL,PRG
TXL,SVO
TXL,VNO
TXL,KBP
TXL,DOH
TXL,BRN
TXL,IST
TXL,ADB
TXN,TPE
TXN,PEK
TXN,CAN
TXN,CKG
TXN,CTU
TXN,SHA
TXN,CGO
TXN,HAK
TXN,TSN
TXN,XIY
TXN,XMN
TXN,ICN
TXN,HFE
TYF,HFS
TYN,CKG
TYN,CTU
TYN,HGH
TYN,HRB
TYN,SHE
TYN,SYX
TYN,HET
TYN,KMG
TYN,LJG
TYN,BAV
TYN,DLC
TYN,DSN
TYN,FOC
TYN,LHW
TYN,MFM
TYN,NKG
TYN,PEK
TYN,SZX
TYN,TAO
TYN,TNA
TYN,URC
TYN,CAN
TYN,CGQ
TYN,CSX
TYN,KHN
TYN,WUH
TYN,XIY
TYN,KHH
TYN,TSA
TYN,SHA
TYN,INC
TYN,KWE
TYN,TSN
TYN,CZX
TYN,HAK
TYN,HFE
TYN,KWL
TYN,HKG
TYN,DAT
TYN,XMN
TYN,CIH
TYN,PVG
TYN,TPE
TYN,WNZ
TYN,YCU
TYR,DFW
TYR,IAH
TYS,DFW
TYS,ORD
TYS,DTW
TYS,LGA
TYS,MSP
TYS,DEN
TYS,FLL
TYS,PGD
TYS,PIE
TYS,SFB
TYS,CLT
TYS,EWR
TYS,IAD
TYS,IAH
TYS,DCA
TYS,PHL
TZA,BCV
TZA,BZE
TZA,CUK
TZA,DGA
TZA,SPR
TZA,SQS
TZL,GSE
TZL,MLH
TZL,MMX
TZX,IST
TZX,ADA
TZX,ADB
TZX,AER
TZX,AYT
TZX,SAW
TZX,ESB
UAH,AUQ
UAH,NHV
UAH,UAP
UAK,GOH
UAK,JFR
UAK,JJU
UAK,JNS
UAK,SFJ
UAP,AUQ
UAP,NHV
UAP,UAH
UAQ,AEP
UAQ,MDZ
UAS,NYK
UAS,WIL
UBA,CNF
UBA,VCP
UBJ,HND
UBP,DMK
UBP,BKK
UCT,VKO
UCT,LED
UCT,SCW
UCT,USK
UDI,BSB
UDI,CNF
UDI,GYN
UDI,PLU
UDI,VCP
UDI,CGH
UDI,GRU
UDI,RAO
UDJ,IEV
UDR,BOM
UDR,DEL
UEL,MPM
UEL,TET
UEO,OKA
UET,KHI
UET,ISB
UET,MUX
UET,PZH
UFA,LED
UFA,NUX
UFA,VKO
UFA,LBD
UFA,DXB
UFA,SHJ
UFA,TAS
UFA,PRG
UFA,DME
UFA,SVO
UFA,IST
UFA,DYU
UFA,IEV
UFA,KZN
UFA,PEE
UFA,GYD
UFA,NSK
UFA,EVN
UFA,KRR
UFA,KVD
UFA,NOJ
UFA,NYM
UGC,LED
UGC,DME
UGC,TAS
UGI,KWP
UIB,BOG
UIB,CLO
UIB,EOH
UIB,NQU
UIH,SGN
UIH,HAN
UIN,STL
UIO,CUE
UIO,GYE
UIO,MEC
UIO,OCC
UIO,SCY
UIO,MIA
UIO,BOG
UIO,PTY
UIO,ESM
UIO,ETR
UIO,HAV
UIO,LGQ
UIO,LIM
UIO,LOH
UIO,TUA
UIO,XMS
UIO,MAD
UIO,CLO
UIO,MDE
UIO,SAL
UIO,IAH
UIP,ORY
UKA,WIL
UKB,CTS
UKB,HND
UKB,IBR
UKB,ISG
UKB,KOJ
UKB,NGS
UKB,OKA
UKK,ALA
UKK,KGF
UKK,TSE
UKK,DME
UKS,DME
UKS,KBP
UKX,IKT
ULB,CCV
ULB,PBJ
ULG,ULO
ULH,RUH
ULK,IKT
ULK,BTK
ULK,YKS
ULN,PEK
ULN,COQ
ULN,DLZ
ULN,MXV
ULN,ULG
ULN,ULZ
ULN,ICN
ULN,HET
ULN,HVD
ULN,IKT
ULN,LTI
ULN,ULO
ULN,BYN
ULN,DMK
ULN,HKG
ULN,ERL
ULN,NRT
ULN,SVO
ULN,FRU
ULO,ULN
ULP,CTL
ULP,WNR
ULV,DME
ULV,LED
ULV,MRV
ULV,SVX
ULV,VKO
ULZ,ULN
UMD,IKE
UMD,IOT
UMD,JQA
UMD,JUK
UMD,JUU
UMD,NIQ
UMD,SAE
UME,BMA
UME,ARN
UME,LPA
UME,LLA
UME,OSD
UME,KRN
UNG,DAU
UNG,HGU
UNG,POM
UNK,ANC
UNK,ELI
UNK,SKK
UNK,SMK
UNK,OME
UNN,DMK
UPG,KUL
UPG,AMQ
UPG,BIK
UPG,BPN
UPG,CGK
UPG,DJJ
UPG,DPS
UPG,GTO
UPG,KDI
UPG,LOP
UPG,MDC
UPG,PLW
UPG,SOQ
UPG,SUB
UPG,TTE
UPG,BUW
UPG,JOG
UPG,KBU
UPG,LUW
UPG,MJU
UPG,PSJ
UPG,PUM
UPG,SIN
UPG,MKW
UPK,JUV
UPK,KGQ
UPN,LAX
UPN,TIJ
URA,SCO
URA,TSE
URA,ALA
URA,GUW
URC,CGO
URC,CKG
URC,CTU
URC,KHG
URC,XIY
URC,LHW
URC,XNN
URC,SHA
URC,HTN
URC,INC
URC,PEK
URC,TNA
URC,TYN
URC,YCU
URC,TPE
URC,AAT
URC,AKU
URC,ALA
URC,ASB
URC,BAV
URC,CAN
URC,CSX
URC,DYU
URC,FRU
URC,GYD
URC,HET
URC,HMI
URC,IKA
URC,ISB
URC,IST
URC,KCA
URC,KRL
URC,KRY
URC,KWE
URC,LBD
URC,NLT
URC,OSS
URC,OVB
URC,PVG
URC,SJW
URC,SVO
URC,TAS
URC,TBS
URC,TSE
URC,TSN
URC,WUH
URC,YIN
URC,YIW
URC,BPL
URC,DNH
URC,DSN
URC,TCG
URC,SZX
URC,JGN
URE,TLL
URG,RIA
URT,KUL
URT,DMK
URT,BKK
URY,JED
URY,RUH
USH,RGL
USH,AEP
USH,EZE
USH,FTE
USH,REL
USK,ARH
USK,NNM
USK,SCW
USK,UCT
USM,BKK
USM,SIN
USM,PEN
USM,SZB
USM,KUL
USM,HKG
USM,HKT
USM,KBV
USM,UTP
USN,CJU
USN,GMP
USU,CEB
USU,MNL
USU,PPS
UTH,CNX
UTH,DMK
UTH,HKT
UTH,BKK
UTN,CPT
UTN,JNB
UTP,HKT
UTP,USM
UTS,SCW
UTT,JNB
UUA,DME
UUD,IKT
UUD,NZH
UUD,YKS
UUD,DME
UUD,OVB
UUD,PEK
UUD,SVO
UUD,HTA
UUD,KJA
UUS,SVO
UUS,BVV
UUS,CTS
UUS,DEE
UUS,EKS
UUS,HRB
UUS,ICN
UUS,OHH
UUS,KHV
UUS,VVO
UUS,DME
UVE,GEA
UVE,LIF
UVF,MIA
UVF,YYZ
UVF,JFK
UVF,GND
UVF,LGW
UVF,POS
UVF,BGI
UVF,EWR
UVF,CLT
UVF,TAB
UYL,KRT
UYN,XIY
UYN,KMG
UYN,TSN
UYN,CGO
UYN,PEK
UYN,HAK
UYN,HET
UYN,NAY
UYU,LPB
VAA,HEL
VAA,ARN
VAG,VCP
VAI,MAG
VAI,WWK
VAK,HPB
VAK,SCM
VAN,SAW
VAN,ADA
VAN,ESB
VAN,IST
VAO,HIR
VAR,BOJ
VAR,SOF
VAR,VIE
VAR,DME
VAR,LTN
VAS,ADB
VAS,SAW
VAS,IST
VAW,BJF
VAW,KKN
VAW,VDS
VBV,SUV
VBY,ARN
VBY,BMA
VBY,GSE
VBY,MMX
VCA,HAN
VCA,PQC
VCA,VCS
VCE,CMN
VCE,CGN
VCE,LYS
VCE,LHR
VCE,DUS
VCE,STR
VCE,TXL
VCE,CDG
VCE,MRS
VCE,TLS
VCE,CTA
VCE,PMO
VCE,PRG
VCE,SUF
VCE,AMS
VCE,FCO
VCE,KIV
VCE,LIS
VCE,SVO
VCE,LCY
VCE,LGW
VCE,DUB
VCE,DXB
VCE,MUC
VCE,BCN
VCE,MAD
VCE,PRN
VCE,FRA
VCE,EDI
VCE,LBA
VCE,MAN
VCE,ZRH
VCE,TLV
VCE,TIA
VCE,VIE
VCE,DOH
VCE,CPH
VCE,BRU
VCE,IST
VCE,NTE
VCE,ORY
VCE,TUN
VCE,BSL
VCE,GVA
VCE,NAP
VCE,NCE
VCE,SEN
VCE,SXF
VCE,VKO
VCE,PHL
VCE,BIO
VCE,BOD
VCE,BRI
VCE,CRV
VCE,REG
VCL,HAN
VCL,SGN
VCP,AJU
VCP,ARU
VCP,BPS
VCP,BSB
VCP,BYO
VCP,CAC
VCP,CCM
VCP,CFB
VCP,CGB
VCP,CGR
VCP,CLV
VCP,CNF
VCP,CWB
VCP,CXJ
VCP,DOU
VCP,FLN
VCP,FOR
VCP,GIG
VCP,GYN
VCP,IGU
VCP,IOS
VCP,JDF
VCP,JDO
VCP,JDR
VCP,JOI
VCP,JPA
VCP,JTC
VCP,LDB
VCP,MAO
VCP,MCZ
VCP,MEA
VCP,MGF
VCP,MII
VCP,NAT
VCP,NVT
VCP,PFB
VCP,PLU
VCP,POA
VCP,PPB
VCP,RAO
VCP,REC
VCP,RVD
VCP,SDU
VCP,SJP
VCP,SSA
VCP,THE
VCP,UBA
VCP,UDI
VCP,VAG
VCP,VIX
VCP,XAP
VCP,LIS
VCS,SGN
VCS,VCA
VCT,IAH
VDA,LED
VDB,OSL
VDC,CNF
VDC,PLU
VDC,SSA
VDC,GRU
VDE,LPA
VDE,TFN
VDE,TFS
VDH,HAN
VDH,SGN
VDM,AEP
VDM,RSA
VDS,ALF
VDS,BJF
VDS,HFT
VDS,KKN
VDS,MEH
VDS,TOS
VDS,VAW
VDZ,ANC
VEE,ARC
VEE,FYU
VEL,DEN
VER,MEX
VER,VSA
VER,DFW
VER,MTY
VER,TAM
VER,IAH
VER,CUN
VER,GDL
VER,REX
VER,TLC
VER,TIJ
VFA,JNB
VFA,MUB
VFA,WDH
VGA,BLR
VGA,HYD
VGO,CDG
VGO,MAD
VGO,BCN
VGO,BIO
VGZ,BOG
VHC,LAD
VHC,MEG
VHM,ARN
VHM,HMV
VIE,CGN
VIE,HAJ
VIE,HAM
VIE,STR
VIE,ATH
VIE,TBS
VIE,LHR
VIE,ACE
VIE,AGP
VIE,AMM
VIE,ARN
VIE,BCN
VIE,CDG
VIE,CPH
VIE,DUS
VIE,FCO
VIE,FRA
VIE,HEL
VIE,HER
VIE,KLX
VIE,LPA
VIE,MAD
VIE,MUC
VIE,MXP
VIE,NCE
VIE,NUE
VIE,PMI
VIE,TFS
VIE,TXL
VIE,ZRH
VIE,YYZ
VIE,LYS
VIE,DEL
VIE,LIN
VIE,MSQ
VIE,BKK
VIE,RIX
VIE,PEK
VIE,TPE
VIE,MBA
VIE,PUJ
VIE,VRA
VIE,OSL
VIE,DUB
VIE,DXB
VIE,SOF
VIE,LED
VIE,SVO
VIE,DME
VIE,HRG
VIE,RMF
VIE,TLV
VIE,RTM
VIE,IKA
VIE,GYD
VIE,LJU
VIE,BEG
VIE,TSE
VIE,AMS
VIE,MLA
VIE,LUX
VIE,LEJ
VIE,KRK
VIE,WAW
VIE,BSL
VIE,GVA
VIE,CAI
VIE,NRT
VIE,AYT
VIE,BGW
VIE,BLQ
VIE,BRU
VIE,BUD
VIE,CLJ
VIE,DNK
VIE,EBL
VIE,EVN
VIE,GRZ
VIE,HRK
VIE,IAD
VIE,IAS
VIE,INN
VIE,IST
VIE,JFK
VIE,KBP
VIE,KIV
VIE,KLU
VIE,KRR
VIE,KSC
VIE,LCA
VIE,LIS
VIE,LNZ
VIE,LWO
VIE,MLE
VIE,ODS
VIE,ORD
VIE,OTP
VIE,PRG
VIE,PRN
VIE,ROV
VIE,SAW
VIE,SBZ
VIE,SJJ
VIE,SKG
VIE,SKP
VIE,SSH
VIE,SZG
VIE,TGD
VIE,TIA
VIE,TIP
VIE,VAR
VIE,VCE
VIE,VKO
VIE,VNO
VIE,ZAG
VIE,ESB
VIE,ACH
VIE,DOH
VIE,BRE
VIE,BRN
VIE,TUN
VIE,LGW
VIE,ADB
VIG,CCS
VIG,PMV
VII,BMV
VII,SGN
VII,DAD
VII,HAN
VIJ,SJU
VIJ,STT
VIL,AGA
VIL,CMN
VIL,LPA
VIN,DME
VIS,LAX
VIX,CNF
VIX,IOS
VIX,MEA
VIX,SDU
VIX,SSA
VIX,VCP
VIX,BSB
VIX,CGH
VIX,GIG
VIX,GRU
VIX,CAW
VKG,PQC
VKG,SGN
VKO,EYK
VKO,GDZ
VKO,LED
VKO,NCU
VKO,NUX
VKO,NYM
VKO,OVS
VKO,UCT
VKO,CGN
VKO,STR
VKO,KUT
VKO,TBS
VKO,RIX
VKO,BKK
VKO,CEE
VKO,DUS
VKO,FRA
VKO,TXL
VKO,OZH
VKO,VIE
VKO,EVN
VKO,DOK
VKO,HRK
VKO,IEV
VKO,AER
VKO,BQS
VKO,BTK
VKO,GDX
VKO,KRR
VKO,KXK
VKO,NER
VKO,PWE
VKO,YKS
VKO,AYT
VKO,ESB
VKO,IST
VKO,AGP
VKO,ALA
VKO,BCN
VKO,BHK
VKO,CIT
VKO,CUN
VKO,DXB
VKO,FCO
VKO,GUW
VKO,HKT
VKO,JFK
VKO,KGF
VKO,KHV
VKO,KJA
VKO,KUF
VKO,LAX
VKO,LHR
VKO,LIS
VKO,MAD
VKO,MIA
VKO,MLE
VKO,MXP
VKO,NSK
VKO,ODS
VKO,OMS
VKO,ORY
VKO,OVB
VKO,PEK
VKO,PFO
VKO,ROV
VKO,SCO
VKO,SVX
VKO,TAS
VKO,TLV
VKO,TOF
VKO,TSE
VKO,UFA
VKO,VCE
VKO,VVO
VKO,YYZ
VKO,KVX
VKO,ULV
VKO,VOZ
VKO,BUD
VKT,DME
VKT,SCW
VLC,PMI
VLC,CDG
VLC,CMN
VLC,MAD
VLC,FCO
VLC,GVA
VLC,AGP
VLC,BGY
VLC,BLQ
VLC,BVA
VLC,CIA
VLC,CRL
VLC,EMA
VLC,FMM
VLC,HHN
VLC,IBZ
VLC,LPA
VLC,MAN
VLC,MRS
VLC,NRN
VLC,OPO
VLC,PSA
VLC,RAK
VLC,SCQ
VLC,SDR
VLC,STN
VLC,SVQ
VLC,TFS
VLC,TSF
VLC,AMS
VLC,EIN
VLC,RTM
VLC,BIO
VLC,BRU
VLC,MAH
VLC,ORY
VLC,OVD
VLC,TFN
VLC,DUS
VLC,ZRH
VLC,LIS
VLC,IST
VLC,LGW
VLC,CLJ
VLC,OTP
VLC,SOF
VLC,TSR
VLC,IEV
VLI,HIR
VLI,NAN
VLI,AKL
VLI,BNE
VLI,CCV
VLI,EAE
VLI,LNB
VLI,LNE
VLI,LPM
VLI,NOU
VLI,NUS
VLI,PBJ
VLI,SON
VLI,SWJ
VLI,SYD
VLI,TAH
VLI,TGH
VLI,VLS
VLL,ACE
VLL,BCN
VLN,CUR
VLN,AUA
VLN,BLA
VLN,MAR
VLN,BOG
VLN,PTY
VLN,PMV
VLS,VLI
VLV,CCS
VLY,CWL
VNO,CPH
VNO,FRA
VNO,HEL
VNO,BRU
VNO,RIX
VNO,OSL
VNO,BCN
VNO,BGY
VNO,BRE
VNO,BVA
VNO,CIA
VNO,CRL
VNO,DUB
VNO,LBA
VNO,LPL
VNO,NRN
VNO,ORK
VNO,RYG
VNO,STN
VNO,WAW
VNO,MUC
VNO,PRG
VNO,VIE
VNO,AMS
VNO,TLL
VNO,TXL
VNO,KBP
VNO,ARN
VNO,SVO
VNO,IST
VNO,DME
VNO,TFS
VNO,BGO
VNO,DSA
VNO,DTM
VNO,EIN
VNO,FCO
VNO,LTN
VNO,SVG
VNO,TLV
VNO,TRF
VNO,IEV
VNO,LED
VNS,CCU
VNS,DEL
VNS,HJR
VNS,AGR
VNS,BOM
VNS,KTM
VNS,CMB
VNS,SHJ
VNS,BKK
VNX,JNB
VNX,INH
VNX,MPM
VOG,DME
VOG,EVN
VOG,LED
VOG,MRV
VOG,ROV
VOG,DXB
VOG,TAS
VOG,SVO
VOG,DYU
VOZ,DME
VOZ,MRV
VOZ,ROV
VOZ,VKO
VOZ,EVN
VOZ,LED
VOZ,MUC
VPE,CBT
VPE,LAD
VPE,NOV
VPE,SDD
VPE,SPP
VPE,SVP
VPS,DFW
VPS,CLT
VPS,IAH
VPS,DCA
VPY,MPM
VQS,SJU
VQS,STX
VRA,DUS
VRA,MUC
VRA,TXL
VRA,YUL
VRA,YYC
VRA,YYZ
VRA,CMW
VRA,SNU
VRA,FRA
VRA,VIE
VRA,CUN
VRA,DME
VRC,MNL
VRK,SVL
VRN,KIV
VRN,CDG
VRN,CTA
VRN,FCO
VRN,LGW
VRN,FRA
VRN,MUC
VRN,CAG
VRN,DME
VRN,NAP
VRN,OLB
VRN,TFS
VRN,PRN
VRN,TIA
VRN,BRI
VRN,PMO
VRN,OTP
VSA,MEX
VSA,MID
VSA,VER
VSA,IAH
VSA,CUN
VSA,GDL
VSA,MTY
VSA,TLC
VSA,PAZ
VSG,IEV
VST,ALC
VST,GRO
VST,LPA
VST,PMI
VST,STN
VST,TFS
VTE,KUL
VTE,BKK
VTE,LPQ
VTE,ICN
VTE,KMG
VTE,NNG
VTE,CAN
VTE,HAN
VTE,HOE
VTE,LXG
VTE,ODY
VTE,PKZ
VTE,PNH
VTE,SIN
VTE,XKH
VTE,ZVK
VTZ,BBI
VTZ,BOM
VTZ,HYD
VTZ,MAA
VTZ,BLR
VTZ,CCU
VTZ,DEL
VTZ,SIN
VUP,BOG
VUS,CEE
VVC,BOG
VVC,MVP
VVC,PCR
VVC,PDA
VVI,MIA
VVI,LIM
VVI,EZE
VVI,PTY
VVI,GRU
VVI,IQQ
VVI,LPB
VVI,CBB
VVI,CIJ
VVI,MAD
VVI,SRE
VVI,TJA
VVI,ASU
VVO,IKT
VVO,HKG
VVO,SVO
VVO,BQS
VVO,NRT
VVO,ICN
VVO,YKS
VVO,OVB
VVO,PEK
VVO,PKC
VVO,UUS
VVO,KHV
VVO,DME
VVO,VKO
VVZ,ALG
VVZ,GHA
VVZ,OGX
VXC,APL
VXC,TET
VXE,SID
VXE,LIS
VXE,RAI
VXE,SNE
VXO,ARN
VXO,BMA
VXO,ALC
VXO,NRN
VXO,PMI
WAA,KTS
WAA,OME
WAA,SHH
WAE,JED
WAE,RUH
WAG,AKL
WAG,TUO
WAG,WLG
WAT,BHX
WAT,MAN
WAW,ATH
WAW,LHR
WAW,TXL
WAW,CPH
WAW,YYZ
WAW,CDG
WAW,HEL
WAW,FCO
WAW,MSQ
WAW,RIX
WAW,PEK
WAW,BGO
WAW,OSL
WAW,SVG
WAW,DUB
WAW,DXB
WAW,SOF
WAW,LED
WAW,BEG
WAW,AMS
WAW,DUS
WAW,FRA
WAW,HAM
WAW,MUC
WAW,ARN
WAW,BCN
WAW,BRU
WAW,BUD
WAW,BZG
WAW,EVN
WAW,GDN
WAW,GVA
WAW,IST
WAW,JFK
WAW,KBP
WAW,KRK
WAW,KTW
WAW,LCA
WAW,LIS
WAW,LWO
WAW,MAD
WAW,MXP
WAW,ODS
WAW,ORD
WAW,OTP
WAW,POZ
WAW,PRG
WAW,RZE
WAW,SVO
WAW,SZZ
WAW,TBS
WAW,TLL
WAW,TLV
WAW,VIE
WAW,VNO
WAW,WRO
WAW,ZRH
WAW,DOH
WAW,BGY
WAW,BVA
WAW,CRL
WAW,DSA
WAW,EIN
WAW,GLA
WAW,GSE
WAW,HRK
WAW,KUT
WAW,LPL
WAW,LTN
WAW,MMX
WAW,NYO
WAW,TRF
WBB,KOT
WBB,OME
WBB,SMK
WBB,UNK
WBM,POM
WBQ,FAI
WBQ,SVS
WDH,JNB
WDH,LAD
WDH,SDD
WDH,LUN
WDH,CPT
WDH,ACC
WDH,FRA
WDH,HRE
WDH,LUD
WDH,MUB
WDH,VFA
WDH,WVB
WEF,CKG
WEF,DLC
WEF,CAN
WEH,DLC
WEH,CGQ
WEH,HGH
WEH,HRB
WEH,ICN
WEH,PEK
WEH,PUS
WEH,SHE
WEH,TNA
WEH,CAN
WEH,SHA
WEH,PVG
WEI,CNS
WGA,SYD
WGA,ABX
WGA,MEL
WGP,DPS
WGP,KOE
WHK,AKL
WIC,EDI
WIC,ABZ
WIL,JRO
WIL,LAU
WIL,NYK
WIL,UAS
WIL,UKA
WIL,ZNZ
WIL,ASV
WIL,MRE
WIL,NUU
WIN,LRE
WIN,TSV
WJR,NBO
WJU,CJU
WKJ,CTS
WKJ,HND
WLG,AKL
WLG,CHC
WLG,MEL
WLG,SYD
WLG,BHE
WLG,BNE
WLG,DUD
WLG,GIS
WLG,HLZ
WLG,IVC
WLG,NPE
WLG,NPL
WLG,NSN
WLG,PMR
WLG,ROT
WLG,TIU
WLG,TRG
WLG,TUO
WLG,WAG
WLG,WRE
WLG,WSZ
WLG,ZQN
WLH,SON
WLK,OTZ
WLS,FUT
WLS,NAN
WLS,NOU
WMI,BCN
WMI,BGY
WMI,BLQ
WMI,BRS
WMI,BUD
WMI,BVA
WMI,CHQ
WMI,CIA
WMI,CRL
WMI,DUB
WMI,EIN
WMI,EMA
WMI,HHN
WMI,LPL
WMI,MAN
WMI,NRN
WMI,NYO
WMI,ORK
WMI,PIK
WMI,PMI
WMI,PSA
WMI,RYG
WMI,STN
WMN,ANM
WMN,SVB
WMN,TMM
WMN,TNR
WMO,GLV
WMO,OME
WMR,TMM
WMX,DJJ
WNA,PKA
WNH,KMG
WNN,KIF
WNN,SUR
WNN,YXL
WNP,MNL
WNR,BVI
WNR,ULP
WNZ,CSX
WNZ,CTU
WNZ,HRB
WNZ,KWE
WNZ,SYX
WNZ,TSA
WNZ,CAN
WNZ,CKG
WNZ,KMG
WNZ,NKG
WNZ,PEK
WNZ,PVG
WNZ,SHE
WNZ,SZX
WNZ,TAO
WNZ,TNA
WNZ,TPE
WNZ,XIY
WNZ,ZUH
WNZ,HKG
WNZ,CGO
WNZ,KWL
WNZ,WUH
WNZ,SHA
WNZ,FUG
WNZ,HFE
WNZ,KHN
WNZ,LYI
WNZ,NAY
WNZ,HIA
WNZ,TYN
WNZ,SJW
WNZ,DAD
WRE,AKL
WRE,WLG
WRG,KTN
WRG,PSG
WRL,CYS
WRO,AGP
WRO,BGY
WRO,BLQ
WRO,BOH
WRO,BRS
WRO,BVA
WRO,CHQ
WRO,CIA
WRO,CRL
WRO,DUB
WRO,EMA
WRO,GRO
WRO,LPL
WRO,MLA
WRO,MMX
WRO,ORK
WRO,PIK
WRO,RYG
WRO,SNN
WRO,STN
WRO,DUS
WRO,FRA
WRO,MUC
WRO,WAW
WRO,CPH
WRO,DSA
WRO,DTM
WRO,EIN
WRO,LTN
WRY,KOI
WRY,PPW
WSX,DHB
WSX,LPS
WSZ,WLG
WTK,KVL
WTK,OTZ
WTL,KKH
WTL,BET
WUA,PEK
WUA,HET
WUA,XIY
WUA,NAY
WUH,CKG
WUH,CTU
WUH,HRB
WUH,JJN
WUH,NNG
WUH,NTG
WUH,DLC
WUH,KMG
WUH,TAO
WUH,CAN
WUH,CDG
WUH,ENH
WUH,CGQ
WUH,HKG
WUH,INC
WUH,KWE
WUH,MFM
WUH,PEK
WUH,SHE
WUH,SZX
WUH,TNA
WUH,WUX
WUH,XMN
WUH,XNN
WUH,YNT
WUH,ZUH
WUH,TPE
WUH,BKK
WUH,FOC
WUH,HAK
WUH,HGH
WUH,ICN
WUH,KHH
WUH,KWL
WUH,NGB
WUH,PVG
WUH,SWA
WUH,SYX
WUH,TSN
WUH,TYN
WUH,URC
WUH,WNZ
WUH,XIY
WUH,HYN
WUH,DMK
WUH,SHA
WUH,HUN
WUH,TSA
WUH,BHY
WUH,DSN
WUH,JNG
WUH,HET
WUH,LHW
WUH,LJG
WUH,YTY
WUH,SIN
WUH,CIH
WUH,HIA
WUH,KHN
WUH,LYG
WUH,XFN
WUH,YCU
WUH,ZHA
WUS,CAN
WUS,CKG
WUS,TAO
WUS,XMN
WUS,HKG
WUS,PEK
WUS,SHA
WUS,TNA
WUS,XIY
WUX,CTU
WUX,LJG
WUX,CAN
WUX,CSX
WUX,DLC
WUX,FOC
WUX,PEK
WUX,SHE
WUX,SYX
WUX,SZX
WUX,WUH
WUX,XMN
WUX,TPE
WUX,JNG
WUX,SJW
WUX,CKG
WUX,HKG
WUX,KMG
WUX,XIY
WUX,KIX
WUX,MFM
WUZ,KWE
WUZ,NNG
WUZ,ZUH
WVB,CPT
WVB,JNB
WVB,WDH
WWK,HGU
WWK,MAG
WWK,POM
WWK,VAI
WWP,NKI
WWT,BET
WXN,CTU
WXN,KMG
WXN,PEK
WXN,SZX
WXN,CAN
WXN,PVG
WXN,XIY
WXN,XMN
WXN,NKG
WYA,ADL
XAP,FLN
XAP,POA
XAP,VCP
XAP,CWB
XBE,MSA
XBE,YAX
XBE,YTL
XBE,YXL
XBJ,MHD
XBJ,THR
XCH,CCK
XCH,PER
XCR,OPO
XCR,RAK
XEQ,QUV
XFN,PEK
XFN,SZX
XFN,CAN
XFN,CKG
XFN,HGH
XFN,HAK
XFN,TSN
XFN,NAY
XFN,CTU
XFN,PVG
XFN,WUH
XGR,YVP
XIC,CTU
XIC,CKG
XIC,KMG
XIL,PEK
XIL,HET
XIL,CIF
XIL,NAY
XIQ,JAV
XIY,BHY
XIY,CKG
XIY,CTU
XIY,HRB
XIY,KMG
XIY,LHW
XIY,LJG
XIY,LYI
XIY,TNA
XIY,URC
XIY,UYN
XIY,XMN
XIY,XNN
XIY,YBP
XIY,ZHY
XIY,BAV
XIY,SHA
XIY,SHE
XIY,TPE
XIY,CSX
XIY,NNG
XIY,TSN
XIY,PUS
XIY,CAN
XIY,DLC
XIY,HGH
XIY,INC
XIY,KHN
XIY,KWE
XIY,KWL
XIY,NKG
XIY,PEK
XIY,PVG
XIY,SZX
XIY,TAO
XIY,WNZ
XIY,YNT
XIY,YTY
XIY,HKG
XIY,DQA
XIY,HFE
XIY,HIA
XIY,SYX
XIY,TYN
XIY,WUH
XIY,DMK
XIY,DSN
XIY,DAT
XIY,DNH
XIY,FUG
XIY,HJJ
XIY,HMI
XIY,IQN
XIY,JIC
XIY,LZO
XIY,RLK
XIY,SJW
XIY,THQ
XIY,ZYI
XIY,FOC
XIY,HAK
XIY,WUA
XIY,TXN
XIY,ICN
XIY,WXN
XIY,CGQ
XIY,CZX
XIY,DYG
XIY,ENY
XIY,GOQ
XIY,HET
XIY,JGS
XIY,JZH
XIY,KHG
XIY,LXA
XIY,WUX
XIY,MIG
XIY,WUS
XKH,VTE
XKS,YAX
XKS,YTL
XKS,YXL
XMH,AHE
XMH,PPT
XMH,RGI
XMN,CKG
XMN,CSX
XMN,CTU
XMN,CZX
XMN,KMG
XMN,KOW
XMN,XIY
XMN,MNL
XMN,KWL
XMN,PVG
XMN,SHA
XMN,SHE
XMN,SJW
XMN,KHH
XMN,TPE
XMN,RMQ
XMN,TSA
XMN,TSN
XMN,CGK
XMN,CGO
XMN,HFE
XMN,HGH
XMN,JDZ
XMN,JIU
XMN,JUZ
XMN,KHN
XMN,KWE
XMN,MFM
XMN,NKG
XMN,NNG
XMN,NRT
XMN,NTG
XMN,PEK
XMN,SYX
XMN,SZX
XMN,TAO
XMN,TNA
XMN,WUH
XMN,WUS
XMN,WUX
XMN,YTY
XMN,ZUH
XMN,HKG
XMN,AMS
XMN,CAN
XMN,DLC
XMN,HAK
XMN,YIW
XMN,JGS
XMN,FUG
XMN,ZYI
XMN,XUZ
XMN,TXN
XMN,ICN
XMN,NAY
XMN,BKK
XMN,HSN
XMN,KUL
XMN,NGB
XMN,SIN
XMN,TYN
XMN,WXN
XMN,YIH
XMN,YNZ
XMN,HIA
XMS,TNW
XMS,UIO
XNA,DFW
XNA,LAX
XNA,LGA
XNA,ORD
XNA,CVG
XNA,DTW
XNA,MSP
XNA,LAS
XNA,SFB
XNA,DEN
XNA,EWR
XNA,IAH
XNA,CLT
XNN,CKG
XNN,CTU
XNN,LXA
XNN,MIG
XNN,XIY
XNN,KMG
XNN,URC
XNN,TSN
XNN,INC
XNN,PEK
XNN,WUH
XNN,CSX
XNN,CGO
XNN,GOQ
XNN,PVG
XNN,SYX
XNN,YUS
XQP,PMZ
XQP,SYQ
XQP,SJO
XRY,CGN
XRY,PMI
XRY,DUS
XRY,FRA
XRY,BCN
XRY,HHN
XRY,NRN
XRY,STN
XRY,BIO
XRY,MAD
XRY,HAJ
XRY,MUC
XRY,STR
XSB,AZI
XSB,DXB
XSC,GDT
XSC,PLS
XTG,CMA
XUZ,CTU
XUZ,DLC
XUZ,HRB
XUZ,KMG
XUZ,KWE
XUZ,SHE
XUZ,CKG
XUZ,PEK
XUZ,CAN
XUZ,LYG
XUZ,KHH
XUZ,TPE
XUZ,CSX
XUZ,SZX
XUZ,XMN
XUZ,HKG
XUZ,FOC
XUZ,SHA
YAA,YVR
YAB,YFB
YAB,YRB
YAC,YXL
YAC,ZRJ
YAG,YQK
YAG,YQT
YAK,CDV
YAK,JNU
YAM,YYZ
YAM,YQT
YAM,YSB
YAM,YTZ
YAP,GUM
YAP,ROR
YAT,YPO
YAT,ZKE
YAX,XBE
YAX,YTL
YAX,YXL
YAY,YBX
YAY,YYR
YAY,YYT
YAY,YMH
YBC,YUL
YBC,YYY
YBC,YQB
YBC,YWK
YBG,YUL
YBG,YHU
YBG,YWK
YBG,YZV
YBK,YCS
YBK,YRT
YBK,YUT
YBL,YQQ
YBL,YVR
YBP,SYX
YBP,XIY
YBP,CAN
YBP,PEK
YBP,SZX
YBP,KWE
YBP,YIH
YBP,KMG
YBP,PVG
YBR,YYC
YBX,YAY
YBX,YYR
YBX,YIF
YCB,YCO
YCB,YYH
YCB,YZF
YCB,YHK
YCD,YVR
YCD,YYC
YCG,YVR
YCG,YYC
YCL,YHZ
YCL,YWK
YCO,YCB
YCO,YZF
YCO,YHI
YCS,YBK
YCS,YRT
YCS,YZS
YCU,CAN
YCU,CTU
YCU,DAT
YCU,HGH
YCU,KMG
YCU,PEK
YCU,SZX
YCU,TSN
YCU,URC
YCU,CKG
YCU,CSX
YCU,PVG
YCU,SYX
YCU,NKG
YCU,TYN
YCU,WUH
YCY,YFB
YCY,YIO
YDF,YHZ
YDF,YYR
YDF,YYT
YDF,YYZ
YDP,YNP
YDP,YYR
YDQ,YVR
YDQ,YYE
YEG,YZF
YEG,YOJ
YEG,YOP
YEG,YXJ
YEG,YYC
YEG,YYE
YEG,LAS
YEG,LAX
YEG,PHX
YEG,DEN
YEG,EWR
YEG,IAH
YEG,LHR
YEG,ORD
YEG,SFO
YEG,YMM
YEG,YOW
YEG,YQR
YEG,YQU
YEG,YUL
YEG,YVR
YEG,YWG
YEG,YXE
YEG,YYZ
YEG,SEA
YEG,MSP
YEG,YHY
YEG,YPY
YEG,YSM
YEG,CUN
YEG,MBJ
YEG,PUJ
YEG,PVR
YEG,MCO
YEG,MZT
YEG,PSP
YEG,SJD
YEG,YLW
YEG,YQQ
YEG,YXX
YEG,YYJ
YEK,YXN
YEK,YYQ
YEK,YRT
YER,YAX
YER,YXL
YES,THR
YEV,YVQ
YEV,YHI
YEV,YPC
YEV,YSY
YEV,YUB
YEV,ZFM
YEV,YGH
YFA,YMO
YFA,ZKE
YFB,YCY
YFB,YGT
YFB,YOW
YFB,YRT
YFB,YTE
YFB,YUX
YFB,YXP
YFB,YAB
YFB,YLC
YFB,YVP
YFC,YHZ
YFC,YOW
YFC,YUL
YFC,YYZ
YFH,YLH
YFH,YOG
YFH,YPL
YFH,YQT
YFJ,YZF
YFO,YQD
YFO,YWG
YFS,YZF
YFX,YMH
YFX,YWM
YGH,YEV
YGH,YVQ
YGJ,HND
YGJ,ICN
YGK,YYZ
YGL,YGW
YGL,YPX
YGL,YUL
YGP,YGR
YGP,YQB
YGQ,YOG
YGQ,YQT
YGR,YGP
YGR,YHU
YGR,YQB
YGR,YVB
YGT,YFB
YGT,YIO
YGT,YUX
YGV,YZV
YGV,YPN
YGW,YGL
YGW,YPH
YGW,YSK
YGW,YUD
YGW,YUL
YGW,YUY
YGW,YKU
YGX,YTH
YGX,YWG
YGZ,YRB
YHA,YHG
YHA,YWM
YHD,YQK
YHD,YQT
YHD,YRL
YHD,YXL
YHG,YHA
YHI,YEV
YHI,YSY
YHI,YCO
YHK,YYH
YHK,YZF
YHK,YCB
YHM,YYU
YHM,CUN
YHM,MCO
YHM,PUJ
YHM,YYC
YHO,YMN
YHO,YNP
YHO,YSO
YHP,YNO
YHP,YPM
YHP,YRL
YHR,YIF
YHR,YNA
YHR,YZV
YHR,ZGS
YHR,ZTB
YHU,YBG
YHU,YQB
YHU,YRJ
YHU,YVO
YHY,YZF
YHY,YEG
YHY,YSM
YHZ,BOS
YHZ,LHR
YHZ,ORD
YHZ,YDF
YHZ,YFC
YHZ,YOW
YHZ,YQM
YHZ,YQX
YHZ,YQY
YHZ,YSJ
YHZ,YUL
YHZ,YYG
YHZ,YYR
YHZ,YYT
YHZ,YYZ
YHZ,LGA
YHZ,KEF
YHZ,YCL
YHZ,FSP
YHZ,EWR
YHZ,PHL
YHZ,CUN
YHZ,YYC
YIC,KMG
YIC,SHA
YIE,HET
YIF,ZGS
YIF,YBX
YIF,YHR
YIF,ZLT
YIH,CKG
YIH,CTU
YIH,HKG
YIH,KMG
YIH,NGB
YIH,PEK
YIH,SZX
YIH,CAN
YIH,SHA
YIH,YBP
YIH,HGH
YIH,PVG
YIH,KWE
YIH,MIG
YIH,SYX
YIH,XMN
YIK,AKV
YIK,YZG
YIN,URC
YIO,YCY
YIO,YGT
YIW,CTU
YIW,PEK
YIW,CAN
YIW,CGO
YIW,HRB
YIW,KMG
YIW,SHE
YIW,SWA
YIW,SZX
YIW,URC
YIW,XMN
YIW,ZUH
YIW,JJN
YIW,LYI
YIW,CKG
YJT,YDF
YKA,YLW
YKA,YXS
YKA,YVR
YKA,YYC
YKF,ORD
YKF,YOW
YKF,YYC
YKG,YPJ
YKG,YQC
YKG,YVP
YKL,YQB
YKL,YVP
YKL,YWK
YKL,YZV
YKM,SEA
YKQ,YKU
YKQ,YMO
YKQ,YMT
YKQ,YNS
YKQ,YVO
YKQ,ZEM
YKS,IKT
YKS,BQS
YKS,CKH
YKS,CYX
YKS,HRB
YKS,IKS
YKS,KHV
YKS,KJA
YKS,LED
YKS,MJZ
YKS,MQJ
YKS,NER
YKS,OVB
YKS,PEK
YKS,PYJ
YKS,ULK
YKS,UUD
YKS,VKO
YKS,VVO
YKS,DME
YKS,SVO
YKT,ZEL
YKU,YGW
YKU,YKQ
YKU,YNC
YLC,YFB
YLE,YZF
YLH,YFH
YLH,YPL
YLH,YQT
YLH,YWP
YLL,YYC
YLW,YVR
YLW,YXY
YLW,YKA
YLW,YXS
YLW,LAX
YLW,YYC
YLW,SEA
YLW,YQF
YLW,YXX
YLW,CUN
YLW,LAS
YLW,PHX
YLW,PVR
YLW,SJD
YLW,YEG
YLW,YYJ
YLW,YYZ
YMH,YAY
YMH,YFX
YMK,SGC
YMM,DEN
YMM,YEG
YMM,YVR
YMM,YYC
YMM,YYZ
YMM,YQF
YMN,YHO
YMN,YSO
YMN,YRG
YMO,YFA
YMO,YKQ
YMO,YTS
YMT,YKQ
YMT,YNS
YMT,YUL
YNA,YZV
YNA,ZGS
YNA,YHR
YNA,ZKG
YNB,DXB
YNB,SHJ
YNB,CAI
YNB,JED
YNB,RUH
YNB,IST
YNB,DMM
YNC,YKU
YNC,ZEM
YNG,PIE
YNG,SFB
YNJ,ICN
YNJ,PEK
YNJ,CGQ
YNJ,DLC
YNJ,YNT
YNJ,PVG
YNJ,TAO
YNO,YHP
YNO,YRL
YNP,YDP
YNP,YHO
YNS,YKQ
YNS,YMT
YNT,DLC
YNT,TSN
YNT,CAN
YNT,CGO
YNT,CGQ
YNT,CTU
YNT,HGH
YNT,HRB
YNT,NKG
YNT,PEK
YNT,SHA
YNT,SJW
YNT,SZX
YNT,TNA
YNT,WUH
YNT,XIY
YNT,CSX
YNT,SHE
YNT,YNJ
YNT,KIX
YNT,ICN
YNT,HKG
YNT,PVG
YNT,TPE
YNZ,TPE
YNZ,PEK
YNZ,NTG
YNZ,HRB
YNZ,XMN
YNZ,CSX
YNZ,HKG
YNZ,ICN
YOG,YGQ
YOG,YLH
YOJ,YEG
YOJ,YOP
YOL,ABV
YOP,YEG
YOP,YOJ
YOW,YFB
YOW,ORD
YOW,BOS
YOW,DCA
YOW,FRA
YOW,IAD
YOW,LGA
YOW,LHR
YOW,YEG
YOW,YFC
YOW,YHZ
YOW,YQB
YOW,YQM
YOW,YUL
YOW,YVR
YOW,YWG
YOW,YXU
YOW,YYC
YOW,YYT
YOW,YYZ
YOW,DTW
YOW,YKF
YOW,YYB
YOW,YTZ
YOW,EWR
YOW,CLT
YOW,PHL
YOW,CUN
YOW,FLL
YOW,LAS
YOW,MBJ
YOW,MCO
YOW,PUJ
YOW,RSW
YOW,TPA
YPC,YEV
YPH,YPX
YPH,YUD
YPH,YVP
YPJ,YKG
YPJ,YTQ
YPJ,YVP
YPL,SUR
YPL,YQT
YPL,YXL
YPM,YHP
YPM,YNO
YPM,YRL
YPM,YVZ
YPM,YXL
YPN,YGV
YPO,YAT
YPR,YVR
YPW,YVR
YPX,AKV
YPX,YGL
YPX,YPH
YPX,YVP
YPY,YEG
YPY,YSM
YQB,YKL
YQB,YUL
YQB,IAD
YQB,ORD
YQB,YGP
YQB,YOW
YQB,YYZ
YQB,YZV
YQB,JFK
YQB,YBC
YQB,YGR
YQB,YHU
YQB,YVB
YQB,YWK
YQB,YYY
YQB,YTZ
YQB,YUY
YQB,CUN
YQB,FLL
YQB,PUJ
YQB,VRA
YQB,EWR
YQB,PHL
YQC,YKG
YQC,YWB
YQD,YFO
YQD,YWG
YQF,YYC
YQF,YLW
YQF,YMM
YQG,YYZ
YQG,YTZ
YQK,YAG
YQK,YHD
YQK,YWG
YQL,YYC
YQM,YHZ
YQM,YOW
YQM,YUL
YQM,YYZ
YQM,EWR
YQM,CUN
YQQ,YBL
YQQ,YVR
YQQ,PVR
YQQ,YEG
YQQ,YYC
YQR,DEN
YQR,ORD
YQR,YEG
YQR,YVR
YQR,YWG
YQR,YYC
YQR,YYZ
YQR,MSP
YQR,CUN
YQR,LAS
YQR,PHX
YQR,PVR
YQT,ORD
YQT,YWG
YQT,YYZ
YQT,YAG
YQT,YAM
YQT,YTS
YQT,YXL
YQT,YTZ
YQT,CUN
YQT,YFH
YQT,YGQ
YQT,YWP
YQU,YEG
YQU,YYC
YQX,YHZ
YQX,YYR
YQX,YYT
YQY,YHZ
YQZ,YVR
YQZ,YWL
YRA,YZF
YRB,YGZ
YRB,YAB
YRG,YMN
YRG,YYR
YRJ,YHU
YRJ,YTF
YRJ,YWK
YRL,YHD
YRL,YWG
YRL,YXL
YRL,KEW
YRL,YPM
YRL,YVZ
YRL,ZSJ
YRT,YCS
YRT,YEK
YRT,YFB
YRT,YXN
YRT,YYQ
YRT,YZF
YRT,YBK
YRT,YWG
YRT,YTH
YRT,YUT
YRT,YZS
YSB,YYZ
YSB,YAM
YSB,YQT
YSB,YTS
YSB,YYB
YSB,YTZ
YSG,YZF
YSJ,YHZ
YSJ,YUL
YSJ,YYZ
YSK,YGW
YSK,YUD
YSM,YEG
YSM,YHY
YSM,YPY
YSM,YZF
YSO,YMN
YSO,YYR
YSO,YHO
YSY,YEV
YSY,YHI
YTE,YFB
YTE,YZS
YTF,YRJ
YTF,YWK
YTH,YYQ
YTH,YGX
YTH,YRT
YTH,YWG
YTL,XBE
YTL,XKS
YTL,YER
YTL,YXL
YTQ,YPJ
YTQ,YVP
YTS,YYZ
YTS,YSB
YTS,YYU
YTS,YTZ
YTS,YMO
YTY,CTU
YTY,PEK
YTY,XIY
YTY,XMN
YTY,CAN
YTY,CSX
YTY,DLC
YTY,HRB
YTY,SYX
YTY,WUH
YTZ,YUL
YTZ,BOS
YTZ,EWR
YTZ,IAD
YTZ,MDW
YTZ,MYR
YTZ,YAM
YTZ,YOW
YTZ,YQB
YTZ,YQG
YTZ,YQT
YTZ,YSB
YTZ,YTS
YUB,YEV
YUD,YGW
YUD,YPH
YUD,YSK
YUL,YGL
YUL,YGW
YUL,YQB
YUL,YUY
YUL,YVP
YUL,AMM
YUL,DFW
YUL,DTW
YUL,JFK
YUL,LGA
YUL,LHR
YUL,MIA
YUL,ORD
YUL,AZS
YUL,BDL
YUL,BOS
YUL,BRU
YUL,CCC
YUL,CDG
YUL,CUN
YUL,CZM
YUL,DCA
YUL,DEN
YUL,EWR
YUL,FDF
YUL,FLL
YUL,FRA
YUL,GVA
YUL,HOG
YUL,IAD
YUL,IAH
YUL,LAS
YUL,LAX
YUL,MBJ
YUL,MCO
YUL,MUC
YUL,PAP
YUL,POP
YUL,PTP
YUL,PUJ
YUL,SFO
YUL,SNU
YUL,VRA
YUL,YBC
YUL,YBG
YUL,YEG
YUL,YFC
YUL,YHZ
YUL,YOW
YUL,YQM
YUL,YSJ
YUL,YTZ
YUL,YVO
YUL,YVR
YUL,YWG
YUL,YYC
YUL,YYG
YUL,YYT
YUL,YYY
YUL,YYZ
YUL,YZV
YUL,ZBF
YUL,ZRH
YUL,ALG
YUL,MEX
YUL,CMN
YUL,CMW
YUL,CYO
YUL,AMS
YUL,MSP
YUL,YWK
YUL,FSP
YUL,DOH
YUL,ORY
YUL,PVR
YUL,CLE
YUL,CLT
YUL,PHL
YUL,YMT
YUM,LAX
YUM,PHX
YUS,XNN
YUT,YYQ
YUT,YBK
YUT,YRT
YUT,YZS
YUX,YFB
YUX,YGT
YUY,YGW
YUY,YUL
YUY,YVO
YUY,YQB
YVB,YGR
YVB,YQB
YVB,YWK
YVB,YYY
YVM,YXP
YVO,YUL
YVO,YHU
YVO,YUY
YVO,YKQ
YVP,XGR
YVP,YGW
YVP,YKG
YVP,YKL
YVP,YPH
YVP,YPJ
YVP,YPX
YVP,YTQ
YVP,YFB
YVP,YUL
YVQ,YEV
YVQ,YZF
YVQ,YGH
YVQ,ZFN
YVR,SHE
YVR,YLW
YVR,YXY
YVR,QBC
YVR,YBL
YVR,YPW
YVR,YQQ
YVR,YWL
YVR,YXC
YVR,YYJ
YVR,YZT
YVR,YZZ
YVR,ZMT
YVR,YDQ
YVR,YPR
YVR,YQZ
YVR,YXT
YVR,DFW
YVR,LAS
YVR,LAX
YVR,LHR
YVR,NRT
YVR,PDX
YVR,SEA
YVR,AKL
YVR,DEN
YVR,EWR
YVR,FRA
YVR,HKG
YVR,HNL
YVR,ICN
YVR,MEX
YVR,OGG
YVR,ORD
YVR,PEK
YVR,PVG
YVR,PVR
YVR,SFO
YVR,SJD
YVR,SYD
YVR,YCD
YVR,YCG
YVR,YEG
YVR,YKA
YVR,YMM
YVR,YOW
YVR,YQR
YVR,YUL
YVR,YWG
YVR,YXE
YVR,YXJ
YVR,YXS
YVR,YYC
YVR,YYD
YVR,YYF
YVR,YYZ
YVR,YZP
YVR,TPE
YVR,JFK
YVR,CAN
YVR,AMS
YVR,MSP
YVR,SLC
YVR,MNL
YVR,CUN
YVR,LGW
YVR,PUJ
YVR,IAH
YVR,PHX
YVR,KOA
YVR,LIH
YVR,MZT
YVR,PSP
YVR,SNA
YVZ,YHP
YVZ,ZSJ
YWB,YQC
YWB,YZG
YWG,YRT
YWG,DEN
YWG,ORD
YWG,YEG
YWG,YOW
YWG,YQR
YWG,YQT
YWG,YUL
YWG,YVR
YWG,YXE
YWG,YYC
YWG,YYZ
YWG,MSP
YWG,YFO
YWG,YQD
YWG,YQK
YWG,YRL
YWG,YGX
YWG,YTH
YWG,YYQ
YWG,CUN
YWG,LAS
YWG,MBJ
YWG,MCO
YWG,PHX
YWG,PVR
YWH,CXH
YWH,LKE
YWJ,YZF
YWJ,ZFN
YWK,YKL
YWK,YZV
YWK,YYR
YWK,YBC
YWK,YBG
YWK,YHU
YWK,YQB
YWK,YRJ
YWK,YTF
YWK,YVB
YWK,YYY
YWK,YCL
YWK,ZUM
YWL,YVR
YWL,YQZ
YWM,YFX
YWM,YHA
YWP,YFH
YWP,YLH
YWP,YPL
YXC,YVR
YXC,YYC
YXE,DEN
YXE,YEG
YXE,YVR
YXE,YWG
YXE,YYC
YXE,YYZ
YXE,MSP
YXE,ORD
YXE,CUN
YXE,LAS
YXE,PHX
YXH,YYC
YXJ,YEG
YXJ,YXS
YXJ,YYE
YXJ,YVR
YXJ,YYC
YXL,YAG
YXL,YHD
YXL,YQT
YXL,YRL
YXL,KIF
YXL,MSA
YXL,SUR
YXL,WNN
YXL,XBE
YXL,XKS
YXL,YAC
YXL,YAX
YXL,YER
YXL,YPL
YXL,YTL
YXL,ZPB
YXL,ZRJ
YXL,ZSJ
YXN,YEK
YXN,YRT
YXP,YFB
YXP,YVM
YXS,YKA
YXS,YLW
YXS,YXJ
YXS,YXT
YXS,YYC
YXS,YYD
YXS,YYE
YXS,YVR
YXS,PVR
YXT,YXS
YXT,YYD
YXT,YVR
YXU,ORD
YXU,YOW
YXU,YYZ
YXU,CUN
YXU,MCO
YXU,YYC
YXX,YLW
YXX,PVR
YXX,YEG
YXX,YYC
YXY,YVR
YYB,YYZ
YYB,YOW
YYB,YSB
YYC,YEG
YYC,YLL
YYC,YXS
YYC,DFW
YYC,LAS
YYC,LAX
YYC,LHR
YYC,PHX
YYC,SAN
YYC,CUN
YYC,DEN
YYC,EWR
YYC,FRA
YYC,IAH
YYC,NRT
YYC,OGG
YYC,ORD
YYC,PVR
YYC,SFO
YYC,SJD
YYC,VRA
YYC,YCG
YYC,YKA
YYC,YLW
YYC,YMM
YYC,YOW
YYC,YQF
YYC,YQL
YYC,YQR
YYC,YQU
YYC,YUL
YYC,YVR
YYC,YWG
YYC,YXC
YYC,YXE
YYC,YXH
YYC,YYJ
YYC,YYZ
YYC,YZF
YYC,SEA
YYC,AMS
YYC,MSP
YYC,SLC
YYC,YQQ
YYC,LGW
YYC,PUJ
YYC,MCO
YYC,MIA
YYC,MZT
YYC,NAS
YYC,PSP
YYC,YBR
YYC,YCD
YYC,YHM
YYC,YHZ
YYC,YKF
YYC,YXJ
YYC,YXU
YYC,YXX
YYC,ZIH
YYC,ZLO
YYD,YVR
YYD,YXS
YYD,YXT
YYE,YDQ
YYE,YEG
YYE,YXJ
YYE,YXS
YYF,YVR
YYG,YHZ
YYG,YUL
YYG,YYZ
YYH,YCB
YYH,YHK
YYH,YZF
YYJ,YVR
YYJ,SFO
YYJ,YYC
YYJ,YYZ
YYJ,SEA
YYJ,CUN
YYJ,LAS
YYJ,PHX
YYJ,PVR
YYJ,YEG
YYJ,YLW
YYQ,YEK
YYQ,YRT
YYQ,YTH
YYQ,YWG
YYR,YDF
YYR,YHZ
YYR,YQX
YYR,YWK
YYR,YYT
YYR,YAY
YYR,YBX
YYR,YDP
YYR,YSO
YYR,ZUM
YYR,YRG
YYT,YDF
YYT,YHZ
YYT,YOW
YYT,YQX
YYT,YUL
YYT,YYR
YYT,YYZ
YYT,YAY
YYT,YJT
YYT,FSP
YYT,EWR
YYT,MCO
YYU,YHM
YYU,YQT
YYU,YTS
YYY,YBC
YYY,YUL
YYY,YHU
YYY,YQB
YYY,YVB
YYY,YWK
YYY,YZV
YYZ,BRU
YYZ,DFW
YYZ,JFK
YYZ,LAS
YYZ,LAX
YYZ,LGA
YYZ,LHR
YYZ,MCO
YYZ,MIA
YYZ,ORD
YYZ,ANU
YYZ,AUA
YYZ,AUH
YYZ,AZS
YYZ,BDA
YYZ,BDL
YYZ,BGI
YYZ,BNA
YYZ,BOG
YYZ,BOS
YYZ,BWI
YYZ,CCC
YYZ,CCS
YYZ,CDG
YYZ,CLE
YYZ,CLT
YYZ,CMH
YYZ,CPH
YYZ,CUN
YYZ,CVG
YYZ,DCA
YYZ,DEN
YYZ,DTW
YYZ,EWR
YYZ,FLL
YYZ,FRA
YYZ,GCM
YYZ,GGT
YYZ,GRU
YYZ,HAV
YYZ,HKG
YYZ,HOG
YYZ,HUX
YYZ,IAD
YYZ,IAH
YYZ,IND
YYZ,IST
YYZ,KIN
YYZ,LIM
YYZ,LIR
YYZ,MBJ
YYZ,MCI
YYZ,MDT
YYZ,MEX
YYZ,MKE
YYZ,MSP
YYZ,MUC
YYZ,NAS
YYZ,NRT
YYZ,PBI
YYZ,PEK
YYZ,PHL
YYZ,PHX
YYZ,PIT
YYZ,PUJ
YYZ,PVG
YYZ,PVR
YYZ,RDU
YYZ,ROC
YYZ,RSW
YYZ,SAN
YYZ,SCL
YYZ,SEA
YYZ,SFO
YYZ,SJO
YYZ,SNU
YYZ,SRQ
YYZ,STL
YYZ,SYR
YYZ,TLV
YYZ,TPA
YYZ,UVF
YYZ,VIE
YYZ,VRA
YYZ,WAW
YYZ,YAM
YYZ,YDF
YYZ,YEG
YYZ,YFC
YYZ,YGK
YYZ,YHZ
YYZ,YMM
YYZ,YOW
YYZ,YQB
YYZ,YQG
YYZ,YQM
YYZ,YQR
YYZ,YQT
YYZ,YSB
YYZ,YSJ
YYZ,YTS
YYZ,YUL
YYZ,YVR
YYZ,YWG
YYZ,YXE
YYZ,YXU
YYZ,YYB
YYZ,YYC
YYZ,YYG
YYZ,YYJ
YYZ,YYT
YYZ,YZR
YYZ,ZRH
YYZ,SAL
YYZ,FCO
YYZ,TPE
YYZ,GEO
YYZ,GND
YYZ,POS
YYZ,PTY
YYZ,CFG
YYZ,AMS
YYZ,DXB
YYZ,KEF
YYZ,ICN
YYZ,CAI
YYZ,ISB
YYZ,KHI
YYZ,LHE
YYZ,LIS
YYZ,PDL
YYZ,SVO
YYZ,JED
YYZ,GLA
YYZ,LGW
YYZ,MAN
YYZ,VKO
YYZ,CUR
YYZ,CZM
YYZ,FPO
YYZ,LRM
YYZ,PLS
YYZ,POP
YYZ,SJU
YYZ,SXM
YYZ,YLW
YZF,YCB
YZF,YCO
YZF,YEG
YZF,YHK
YZF,YRT
YZF,YVQ
YZF,YYH
YZF,YFS
YZF,YHY
YZF,YFJ
YZF,YLE
YZF,YRA
YZF,YSG
YZF,YYC
YZF,YWJ
YZF,YSM
YZF,YOW
YZG,YIK
YZG,YWB
YZP,YVR
YZR,YYZ
YZS,YUT
YZS,YCS
YZS,YTE
YZS,YRT
YZT,YVR
YZT,ZEL
YZV,YKL
YZV,YWK
YZV,YQB
YZV,YUL
YZV,YBG
YZV,YGV
YZV,YYY
YZV,YNA
YZV,YPN
YZV,YHR
YZY,LHW
YZZ,YVR
ZAD,CRL
ZAD,PUY
ZAD,ZAG
ZAG,CGN
ZAG,STR
ZAG,LHR
ZAG,CDG
ZAG,CPH
ZAG,FRA
ZAG,MUC
ZAG,TXL
ZAG,ZRH
ZAG,VIE
ZAG,AMS
ZAG,BCN
ZAG,BLQ
ZAG,BRU
ZAG,DBV
ZAG,IST
ZAG,OSI
ZAG,PRN
ZAG,SJJ
ZAG,SKP
ZAG,SPU
ZAG,ZAD
ZAG,BUD
ZAG,SVO
ZAG,LGW
ZAH,MHD
ZAH,THR
ZAH,ZBR
ZAH,DXB
ZAH,GBT
ZAH,SYZ
ZAH,KER
ZAL,CCP
ZAL,SCL
ZAM,CEB
ZAM,DVO
ZAM,JOL
ZAM,MNL
ZAM,TWT
ZAM,CGY
ZAT,CKG
ZAT,KMG
ZAZ,BGY
ZAZ,BVA
ZAZ,CRL
ZAZ,STN
ZAZ,PMI
ZAZ,CLJ
ZAZ,OTP
ZBF,YUL
ZBL,BNE
ZBR,ZAH
ZBR,MCT
ZBR,MHD
ZBR,SYZ
ZBR,THR
ZBR,BND
ZCL,MEX
ZCL,DFW
ZCL,LAX
ZCL,MDW
ZCL,TIJ
ZCO,CCP
ZCO,SCL
ZDY,AZI
ZEL,YKT
ZEL,YZT
ZEM,YKQ
ZEM,YNC
ZFM,YEV
ZFN,YVQ
ZFN,YWJ
ZGS,YIF
ZGS,YNA
ZGS,YHR
ZGS,ZKG
ZGU,MTV
ZGU,SON
ZGU,TOH
ZHA,CKG
ZHA,HKG
ZHA,CTU
ZHA,HGH
ZHA,PEK
ZHA,SZX
ZHA,CAN
ZHA,SYX
ZHA,PVG
ZHA,SWA
ZHA,WUH
ZHY,PEK
ZHY,XIY
ZIG,DKR
ZIH,MEX
ZIH,TLC
ZIH,LAX
ZIH,IAH
ZIH,PHX
ZIH,YYC
ZKE,YAT
ZKE,YFA
ZKG,YNA
ZKG,ZGS
ZLO,MEX
ZLO,LAX
ZLO,IAH
ZLO,YYC
ZLO,TIJ
ZLT,YIF
ZLT,ZTB
ZMT,YVR
ZNE,PER
ZNZ,MBA
ZNZ,NBO
ZNZ,FRA
ZNZ,ADD
ZNZ,DAR
ZNZ,ASV
ZNZ,WIL
ZNZ,JNB
ZOS,ZAL
ZPB,MSA
ZPB,YXL
ZQN,AKL
ZQN,SYD
ZQN,CHC
ZQN,WLG
ZQW,AYT
ZQW,FUE
ZQZ,SJW
ZRH,GRZ
ZRH,SZG
ZRH,AYT
ZRH,HRG
ZRH,PRN
ZRH,RMF
ZRH,SSH
ZRH,CGN
ZRH,JFK
ZRH,LHR
ZRH,ACE
ZRH,ALC
ZRH,BDS
ZRH,CTA
ZRH,DUS
ZRH,FNC
ZRH,FUE
ZRH,LCY
ZRH,LPA
ZRH,MAD
ZRH,PMI
ZRH,TFS
ZRH,TXL
ZRH,VIE
ZRH,YUL
ZRH,YYZ
ZRH,CDG
ZRH,BOM
ZRH,DEL
ZRH,CMN
ZRH,HEL
ZRH,LIS
ZRH,FCO
ZRH,RIX
ZRH,LCA
ZRH,MUC
ZRH,DUB
ZRH,DXB
ZRH,SOF
ZRH,LED
ZRH,BCN
ZRH,BNX
ZRH,LJU
ZRH,BEG
ZRH,KRK
ZRH,ICN
ZRH,AMS
ZRH,MLA
ZRH,FRA
ZRH,HAJ
ZRH,HAM
ZRH,NBO
ZRH,NUE
ZRH,STR
ZRH,WAW
ZRH,AGP
ZRH,ARN
ZRH,ATH
ZRH,BHX
ZRH,BKK
ZRH,BOS
ZRH,BRU
ZRH,BUD
ZRH,CAI
ZRH,CPH
ZRH,CPT
ZRH,DME
ZRH,EWR
ZRH,FLR
ZRH,GRU
ZRH,GVA
ZRH,HKG
ZRH,HKT
ZRH,IAD
ZRH,IST
ZRH,JNB
ZRH,JRO
ZRH,KBP
ZRH,LAX
ZRH,LUG
ZRH,LUX
ZRH,LYS
ZRH,MAN
ZRH,MIA
ZRH,MLE
ZRH,MRU
ZRH,MXP
ZRH,NCE
ZRH,NRT
ZRH,OPO
ZRH,ORD
ZRH,OSL
ZRH,OTP
ZRH,PEK
ZRH,PRG
ZRH,PUJ
ZRH,PVG
ZRH,RAK
ZRH,SFO
ZRH,SIN
ZRH,SKP
ZRH,TLV
ZRH,TPA
ZRH,VCE
ZRH,VLC
ZRH,VRA
ZRH,ZAG
ZRH,SAW
ZRH,DOH
ZRH,JER
ZRH,SVO
ZRH,DJE
ZRH,TUN
ZRH,LGW
ZRH,LTN
ZRH,PHL
ZRH,MCT
ZRH,ADB
ZRH,TGD
ZRJ,MSA
ZRJ,YAC
ZSA,FLL
ZSA,NAS
ZSA,LGI
ZSE,MRU
ZSJ,KEW
ZSJ,YPM
ZSJ,YRL
ZTA,GMR
ZTB,YHR
ZTB,ZLT
ZTH,EFL
ZTH,KIT
ZTH,ATH
ZUH,CZX
ZUH,HAK
ZUH,PVG
ZUH,SHA
ZUH,SYX
ZUH,TSN
ZUH,CTU
ZUH,FOC
ZUH,HYN
ZUH,KWE
ZUH,NNG
ZUH,PEK
ZUH,WNZ
ZUH,WUH
ZUH,XMN
ZUH,CGO
ZUH,CSX
ZUH,HGH
ZUH,KMG
ZUH,MXZ
ZUH,YIW
ZUH,WUZ
ZUH,KWL
ZUH,NKG
ZUH,NGB
ZUH,CKG
ZUM,YWK
ZUM,YYR
ZVK,BKK
ZVK,PKZ
ZVK,VTE
ZYI,KMG
ZYI,SHA
ZYI,PEK
ZYI,CAN
ZYI,CSX
ZYI,HAK
ZYI,SYX
ZYI,XIY
ZYI,XMN
ZYL,DAC
